{
  "type": "FeatureCollection",
  "features": [
    {
      "type": "Feature",
      "properties": {
        "qc_id": 68,
        "fid": 69,
        "name": "Эспланада",
        "original_name": null,
        "explainer": "Центральная площадь города, под которой обычно подразумевают не только центральную часть между улицами Борчанинова и Попова, но и пространство около Драмсарая и площадки около Законодательного собрания края. Само название пришло из испанского и означает площадь перед крепостью.",
        "Тип названия": "Ассоциация с объектом",
        "idlabel": 1,
        "auxiliary_storage_labeling_labelrotation": null,
        "auxiliary_storage_labeling_positionx": null,
        "auxiliary_storage_labeling_positiony": null,
        "auxiliary_storage_labeling_lineanchorpercent": null,
        "auxiliary_storage_labeling_lineanchorclipping": null,
        "auxiliary_storage_labeling_lineanchortype": null,
        "auxiliary_storage_labeling_lineanchortextpoint": null,
        "auxiliary_storage_labeling_show": null,
        "auxiliary_storage_callouts_originx": null,
        "auxiliary_storage_callouts_originy": null,
        "auxiliary_storage_callouts_destinationx": null,
        "auxiliary_storage_callouts_destinationy": null,
        "city": "Пермь"
      },
      "geometry": {
        "type": "MultiPolygon",
        "coordinates": [
          [
            [
              [
                56.21209234205136,
                58.00833030102078
              ],
              [
                56.21296773913689,
                58.006932733243076
              ],
              [
                56.23405074948255,
                58.010445883325005
              ],
              [
                56.23320379824429,
                58.01182206843618
              ],
              [
                56.21209234205136,
                58.00833030102078
              ]
            ]
          ]
        ]
      }
    },
    {
      "type": "Feature",
      "properties": {
        "qc_id": 29,
        "fid": 30,
        "name": "Тире точка Тире",
        "original_name": null,
        "explainer": "Несколько домов на небольшой возвышенности (Слудская горка), которые видно с Эспланады. Названы так из-за визуальной ассоциации чередующихся одноподъездных домов с 12 этажами и шестиподъездных с 9 этажами с шифровкой азбуки морзе.",
        "Тип названия": "Визуальная ассоциация",
        "idlabel": 2,
        "auxiliary_storage_labeling_labelrotation": null,
        "auxiliary_storage_labeling_positionx": null,
        "auxiliary_storage_labeling_positiony": null,
        "auxiliary_storage_labeling_lineanchorpercent": null,
        "auxiliary_storage_labeling_lineanchorclipping": null,
        "auxiliary_storage_labeling_lineanchortype": null,
        "auxiliary_storage_labeling_lineanchortextpoint": null,
        "auxiliary_storage_labeling_show": null,
        "auxiliary_storage_callouts_originx": null,
        "auxiliary_storage_callouts_originy": null,
        "auxiliary_storage_callouts_destinationx": null,
        "auxiliary_storage_callouts_destinationy": null,
        "photos": [
          {
            "src": "/images/descriptions/image_09_1.jpeg",
            "alt": "Тире точка Тире"
          }
        ],
        "city": "Пермь"
      },
      "geometry": {
        "type": "MultiPolygon",
        "coordinates": [
          [
            [
              [
                56.21199352209354,
                58.00983918313475
              ],
              [
                56.21250908559738,
                58.00907464072433
              ],
              [
                56.22505877896942,
                58.011110718031816
              ],
              [
                56.22461597306083,
                58.01198164754938
              ],
              [
                56.21199352209354,
                58.00983918313475
              ]
            ]
          ]
        ]
      }
    },
    {
      "type": "Feature",
      "properties": {
        "qc_id": 81,
        "fid": 82,
        "name": "Вышка I",
        "original_name": null,
        "explainer": null,
        "Тип названия": "Реальное название",
        "idlabel": null,
        "auxiliary_storage_labeling_labelrotation": null,
        "auxiliary_storage_labeling_positionx": null,
        "auxiliary_storage_labeling_positiony": null,
        "auxiliary_storage_labeling_lineanchorpercent": null,
        "auxiliary_storage_labeling_lineanchorclipping": null,
        "auxiliary_storage_labeling_lineanchortype": null,
        "auxiliary_storage_labeling_lineanchortextpoint": null,
        "auxiliary_storage_labeling_show": null,
        "auxiliary_storage_callouts_originx": null,
        "auxiliary_storage_callouts_originy": null,
        "auxiliary_storage_callouts_destinationx": null,
        "auxiliary_storage_callouts_destinationy": null,
        "city": "Пермь"
      },
      "geometry": {
        "type": "MultiPolygon",
        "coordinates": [
          [
            [
              [
                56.31770772628665,
                58.039197645950104
              ],
              [
                56.321683104605604,
                58.0394902351356
              ],
              [
                56.32502676154309,
                58.04044531824624
              ],
              [
                56.3275250628925,
                58.04164982803671
              ],
              [
                56.32899972513427,
                58.04287537144316
              ],
              [
                56.330284960002786,
                58.043557202032865
              ],
              [
                56.33227059883728,
                58.044163274534576
              ],
              [
                56.334410002505074,
                58.044558334653736
              ],
              [
                56.336051719968374,
                58.044871345505946
              ],
              [
                56.33744631059119,
                58.0450506840639
              ],
              [
                56.339311795870614,
                58.04676789083611
              ],
              [
                56.33943128552478,
                58.04840984227259
              ],
              [
                56.339145011013066,
                58.0503938383293
              ],
              [
                56.339522459568414,
                58.051587084739026
              ],
              [
                56.339048652549465,
                58.05290828034509
              ],
              [
                56.33732402061901,
                58.054355337597315
              ],
              [
                56.33650545321782,
                58.055409998730624
              ],
              [
                56.33326361160264,
                58.055181285436504
              ],
              [
                56.32700053237571,
                58.05096559683977
              ],
              [
                56.31873282359052,
                58.04197371711963
              ],
              [
                56.31683259904621,
                58.03993420269872
              ],
              [
                56.31770772628665,
                58.039197645950104
              ]
            ]
          ]
        ]
      }
    },
    {
      "type": "Feature",
      "properties": {
        "qc_id": 69,
        "fid": 70,
        "name": "Пермь I",
        "original_name": null,
        "explainer": "Комплекс порта Пермь I и железнодорожной станции Пермь I. Выполняет роль своеобразного логистического центра.",
        "Тип названия": "Ассоциация с объектом",
        "idlabel": 3,
        "auxiliary_storage_labeling_labelrotation": null,
        "auxiliary_storage_labeling_positionx": null,
        "auxiliary_storage_labeling_positiony": null,
        "auxiliary_storage_labeling_lineanchorpercent": null,
        "auxiliary_storage_labeling_lineanchorclipping": null,
        "auxiliary_storage_labeling_lineanchortype": null,
        "auxiliary_storage_labeling_lineanchortextpoint": null,
        "auxiliary_storage_labeling_show": null,
        "auxiliary_storage_callouts_originx": null,
        "auxiliary_storage_callouts_originy": null,
        "auxiliary_storage_callouts_destinationx": null,
        "auxiliary_storage_callouts_destinationy": null,
        "city": "Пермь"
      },
      "geometry": {
        "type": "MultiPolygon",
        "coordinates": [
          [
            [
              [
                56.246416719816324,
                58.019959071058366
              ],
              [
                56.24708743131915,
                58.0201456439805
              ],
              [
                56.249638462045716,
                58.020681399802825
              ],
              [
                56.24953973847252,
                58.02083991821573
              ],
              [
                56.25263629616397,
                58.02168979743092
              ],
              [
                56.252733199141566,
                58.02161804799259
              ],
              [
                56.255601770701034,
                58.02196751957688
              ],
              [
                56.256771425995815,
                58.02044482188986
              ],
              [
                56.252199004108334,
                58.01880534286297
              ],
              [
                56.24985626271697,
                58.01939180054817
              ],
              [
                56.248387076095995,
                58.019587433259865
              ],
              [
                56.246416719816324,
                58.019959071058366
              ]
            ]
          ]
        ]
      }
    },
    {
      "type": "Feature",
      "properties": {
        "qc_id": 3,
        "fid": 4,
        "name": "ЦГ",
        "original_name": "Театральный сквер",
        "explainer": "Под ЦГ понимают нынешнюю территорию театрального сквера у театра оперы и балета. Связано это с положением центрального гастронома в городе.",
        "Тип названия": "Историческая ассоциация",
        "idlabel": 7,
        "auxiliary_storage_labeling_labelrotation": null,
        "auxiliary_storage_labeling_positionx": null,
        "auxiliary_storage_labeling_positiony": null,
        "auxiliary_storage_labeling_lineanchorpercent": null,
        "auxiliary_storage_labeling_lineanchorclipping": null,
        "auxiliary_storage_labeling_lineanchortype": null,
        "auxiliary_storage_labeling_lineanchortextpoint": null,
        "auxiliary_storage_labeling_show": null,
        "auxiliary_storage_callouts_originx": null,
        "auxiliary_storage_callouts_originy": null,
        "auxiliary_storage_callouts_destinationx": null,
        "auxiliary_storage_callouts_destinationy": null,
        "city": "Пермь"
      },
      "geometry": {
        "type": "MultiPolygon",
        "coordinates": [
          [
            [
              [
                56.24395956879383,
                58.01632004140593
              ],
              [
                56.24646372882625,
                58.01704501576377
              ],
              [
                56.24896404033418,
                58.01443478135007
              ],
              [
                56.24637727929568,
                58.013694674110965
              ],
              [
                56.24395956879383,
                58.01632004140593
              ]
            ]
          ]
        ]
      }
    },
    {
      "type": "Feature",
      "properties": {
        "qc_id": 104,
        "fid": 105,
        "name": "Комсомольский",
        "original_name": null,
        "explainer": null,
        "Тип названия": "Реальное название",
        "idlabel": 8,
        "auxiliary_storage_labeling_labelrotation": null,
        "auxiliary_storage_labeling_positionx": null,
        "auxiliary_storage_labeling_positiony": null,
        "auxiliary_storage_labeling_lineanchorpercent": null,
        "auxiliary_storage_labeling_lineanchorclipping": null,
        "auxiliary_storage_labeling_lineanchortype": null,
        "auxiliary_storage_labeling_lineanchortextpoint": null,
        "auxiliary_storage_labeling_show": null,
        "auxiliary_storage_callouts_originx": null,
        "auxiliary_storage_callouts_originy": null,
        "auxiliary_storage_callouts_destinationx": null,
        "auxiliary_storage_callouts_destinationy": null,
        "city": "Пермь"
      },
      "geometry": {
        "type": "MultiPolygon",
        "coordinates": [
          [
            [
              [
                56.09795941091473,
                58.04451079662948
              ],
              [
                56.10827229188311,
                58.04237949298321
              ],
              [
                56.11354721284387,
                58.04104630794118
              ],
              [
                56.11921908471159,
                58.040607700461074
              ],
              [
                56.118075870451364,
                58.03677976637146
              ],
              [
                56.11844280383375,
                58.036503151975815
              ],
              [
                56.097640149028365,
                58.04083529773592
              ],
              [
                56.097615636756494,
                58.04180803563645
              ],
              [
                56.09795941091473,
                58.04451079662948
              ]
            ]
          ]
        ]
      }
    },
    {
      "type": "Feature",
      "properties": {
        "qc_id": 4,
        "fid": 5,
        "name": "Шпальный",
        "original_name": "Микрорайон Парковый",
        "explainer": "Шпальный это используемое обозначение для нынешнего микрорайона Парковый. Парковый — типовой советский жилой микрорайон, которые часто и называют «спальными». Но название Шпальный с этим не связано. Раньше на территории микрорайона работал завод по производству шпал, от него получил название поселок, а затем и проект советского микрорайона, но в итоге название было изменено на Парковый при реализации проекта в конце 70-ых годов.",
        "Тип названия": "Историческая ассоциация",
        "idlabel": null,
        "auxiliary_storage_labeling_labelrotation": null,
        "auxiliary_storage_labeling_positionx": null,
        "auxiliary_storage_labeling_positiony": null,
        "auxiliary_storage_labeling_lineanchorpercent": null,
        "auxiliary_storage_labeling_lineanchorclipping": null,
        "auxiliary_storage_labeling_lineanchortype": null,
        "auxiliary_storage_labeling_lineanchortextpoint": null,
        "auxiliary_storage_labeling_show": null,
        "auxiliary_storage_callouts_originx": null,
        "auxiliary_storage_callouts_originy": null,
        "auxiliary_storage_callouts_destinationx": null,
        "auxiliary_storage_callouts_destinationy": null,
        "city": "Пермь"
      },
      "geometry": {
        "type": "MultiPolygon",
        "coordinates": [
          [
            [
              [
                56.166577185183925,
                57.99569851329704
              ],
              [
                56.16770132089108,
                57.9997217939958
              ],
              [
                56.16816024716301,
                58.00061613345056
              ],
              [
                56.168742998756116,
                58.003333135891836
              ],
              [
                56.16421735375546,
                58.00355816039735
              ],
              [
                56.15936463974587,
                58.00356537544535
              ],
              [
                56.15619114349458,
                58.003563961501406
              ],
              [
                56.15387202656062,
                58.003323278749924
              ],
              [
                56.15144257720719,
                58.002288427542354
              ],
              [
                56.14961620280644,
                58.00150243461536
              ],
              [
                56.14812008241539,
                58.00079698604084
              ],
              [
                56.14469442319162,
                58.00054872211888
              ],
              [
                56.14095100600597,
                58.000474530176746
              ],
              [
                56.137095043481914,
                58.00047782456609
              ],
              [
                56.13452676968852,
                58.00063669145278
              ],
              [
                56.13177941776143,
                58.001333008037435
              ],
              [
                56.12996966613226,
                58.00216301431299
              ],
              [
                56.128879864365565,
                58.002214328228824
              ],
              [
                56.12675622222759,
                58.001533714405184
              ],
              [
                56.12594426006979,
                58.00078372166134
              ],
              [
                56.12722186708313,
                57.99907837068866
              ],
              [
                56.12946003916673,
                57.99807502579039
              ],
              [
                56.13385986786374,
                57.9976936633611
              ],
              [
                56.134355008251724,
                57.995522549314394
              ],
              [
                56.13232008282466,
                57.99499934961567
              ],
              [
                56.13164502728587,
                57.99469109993442
              ],
              [
                56.131827605994644,
                57.99400669747238
              ],
              [
                56.13207778769307,
                57.99357742533093
              ],
              [
                56.13216387685582,
                57.99306867368643
              ],
              [
                56.133492207553076,
                57.9922941291162
              ],
              [
                56.13682549501207,
                57.992512686949894
              ],
              [
                56.14886241204673,
                57.9928386555258
              ],
              [
                56.15335587349441,
                57.993142895306484
              ],
              [
                56.15691577154919,
                57.99393054080713
              ],
              [
                56.16157693475258,
                57.994960426332504
              ],
              [
                56.16416582976851,
                57.99547700177038
              ],
              [
                56.166577185183925,
                57.99569851329704
              ]
            ]
          ]
        ]
      }
    },
    {
      "type": "Feature",
      "properties": {
        "qc_id": 15,
        "fid": 16,
        "name": "Велта",
        "original_name": "Бывший велозавод",
        "explainer": "Велтой называют промышленный район вокруг одноименного завода. На заводе Велта изготавливают известный велосипед «Кама», который даже стал нарицательным при описании складных велосипедов.",
        "Тип названия": "Ассоциация с объектом",
        "idlabel": null,
        "auxiliary_storage_labeling_labelrotation": null,
        "auxiliary_storage_labeling_positionx": null,
        "auxiliary_storage_labeling_positiony": null,
        "auxiliary_storage_labeling_lineanchorpercent": null,
        "auxiliary_storage_labeling_lineanchorclipping": null,
        "auxiliary_storage_labeling_lineanchortype": null,
        "auxiliary_storage_labeling_lineanchortextpoint": null,
        "auxiliary_storage_labeling_show": null,
        "auxiliary_storage_callouts_originx": null,
        "auxiliary_storage_callouts_originy": null,
        "auxiliary_storage_callouts_destinationx": null,
        "auxiliary_storage_callouts_destinationy": null,
        "photos": [
          {
            "src": "/images/descriptions/image_06_1.jpeg",
            "alt": "Велта",
            "caption": "Велта"
          }
        ],
        "city": "Пермь"
      },
      "geometry": {
        "type": "MultiPolygon",
        "coordinates": [
          [
            [
              [
                56.261936702928885,
                57.96790679251971
              ],
              [
                56.26112892929957,
                57.96702117483043
              ],
              [
                56.25482033412787,
                57.967258623109046
              ],
              [
                56.25287826345754,
                57.95960720923638
              ],
              [
                56.25367371125622,
                57.958573620713125
              ],
              [
                56.264715597132934,
                57.96108667256704
              ],
              [
                56.26561344238296,
                57.95626840536269
              ],
              [
                56.291974872958995,
                57.95672237318781
              ],
              [
                56.28960886471387,
                57.96105174584561
              ],
              [
                56.28479330579304,
                57.96522850901331
              ],
              [
                56.28495306367192,
                57.96706855171151
              ],
              [
                56.276505216005795,
                57.963896249469585
              ],
              [
                56.27237222791045,
                57.962305488088276
              ],
              [
                56.26816791708179,
                57.96604259617918
              ],
              [
                56.261936702928885,
                57.96790679251971
              ]
            ]
          ]
        ]
      }
    },
    {
      "type": "Feature",
      "properties": {
        "qc_id": 0,
        "fid": 1,
        "name": "Огород",
        "original_name": "Парк им. Горького",
        "explainer": "Данный топоним используется для обозначения Центрального парка развлечений им. М. Горького. Такое обозначение было придумано после ограждения парка и сокращению центральной аллеи парка после создания нынешней улицы Комсомольского проспекта. Об этом пишет и один из респондентов, а другой отмечает, что такое название больше распространено среди старшего поколения. Этот парк, по сути, считается центральным парком города, в нем же находится ротонда, построенная по проекту архитектора Свиязева. Именно в этой Ротонде Александр Гумбольдт измерил географические координаты Перми и магнитное склонение. Нынешнее название в честь Максима Горького парк обрел в 1932 году.",
        "Тип названия": "Историческая ассоциация",
        "idlabel": 4,
        "auxiliary_storage_labeling_labelrotation": null,
        "auxiliary_storage_labeling_positionx": null,
        "auxiliary_storage_labeling_positiony": null,
        "auxiliary_storage_labeling_lineanchorpercent": null,
        "auxiliary_storage_labeling_lineanchorclipping": null,
        "auxiliary_storage_labeling_lineanchortype": null,
        "auxiliary_storage_labeling_lineanchortextpoint": null,
        "auxiliary_storage_labeling_show": null,
        "auxiliary_storage_callouts_originx": null,
        "auxiliary_storage_callouts_originy": null,
        "auxiliary_storage_callouts_destinationx": null,
        "auxiliary_storage_callouts_destinationy": null,
        "photos": [
          {
            "src": "/images/descriptions/image_03_1.jpeg",
            "alt": "Ротонда в Горьковском парке",
            "caption": "Ротонда в Горьковском парке"
          }
        ],
        "city": "Пермь"
      },
      "geometry": {
        "type": "MultiPolygon",
        "coordinates": [
          [
            [
              [
                56.245163542136275,
                58.00516107832926
              ],
              [
                56.24715139821781,
                58.00571863584233
              ],
              [
                56.25225379687525,
                58.00713741636883
              ],
              [
                56.25444563344395,
                58.00466728636203
              ],
              [
                56.247425939087954,
                58.00286289542228
              ],
              [
                56.245163542136275,
                58.00516107832926
              ]
            ]
          ]
        ]
      }
    },
    {
      "type": "Feature",
      "properties": {
        "qc_id": 1,
        "fid": 2,
        "name": "СУД",
        "original_name": "Сквер Уральских Добровольцев",
        "explainer": "Под СУДом в Перми понимают Сквер Уральских Добровольцев — это сокращение от частей названия. Сквер находится рядом с правительством края в центре города. Один из респондентов говорит о том, что в этом месте в 90-ые и 00-ые происходили встречи различных субкультурных групп.",
        "Тип названия": "Ассоциация с официальным названием",
        "idlabel": 5,
        "auxiliary_storage_labeling_labelrotation": null,
        "auxiliary_storage_labeling_positionx": null,
        "auxiliary_storage_labeling_positiony": null,
        "auxiliary_storage_labeling_lineanchorpercent": null,
        "auxiliary_storage_labeling_lineanchorclipping": null,
        "auxiliary_storage_labeling_lineanchortype": null,
        "auxiliary_storage_labeling_lineanchortextpoint": null,
        "auxiliary_storage_labeling_show": null,
        "auxiliary_storage_callouts_originx": null,
        "auxiliary_storage_callouts_originy": null,
        "auxiliary_storage_callouts_destinationx": null,
        "auxiliary_storage_callouts_destinationy": null,
        "photos": [
          {
            "src": "/images/descriptions/image_04_1.jpeg",
            "alt": "Фонтан в Сквере имени Дзержинского",
            "caption": "Фонтан в сквере имени Дзержинского"
          }
        ],
        "city": "Пермь"
      },
      "geometry": {
        "type": "MultiPolygon",
        "coordinates": [
          [
            [
              [
                56.23069324400432,
                58.01310620052993
              ],
              [
                56.232155548204865,
                58.01333541488666
              ],
              [
                56.23299619745876,
                58.01199859040943
              ],
              [
                56.231533837296055,
                58.011774282567615
              ],
              [
                56.23069324400432,
                58.01310620052993
              ]
            ]
          ]
        ]
      }
    },
    {
      "type": "Feature",
      "properties": {
        "qc_id": 2,
        "fid": 3,
        "name": "Конго",
        "original_name": "Ул. Патриса Лумумбы",
        "explainer": "Под Конго понимают часть большого микрорайона Городские Горки около улицы Патриса Лумумбы. Это название произошло от родной страны самого Лумумбы и ассоциацией с опасной для посещения местности. Название было особенно популярно в конце 80-ых и в 90-ые годы во время активности уличных банд в Перми.",
        "Тип названия": "Историческая ассоциация",
        "idlabel": 6,
        "auxiliary_storage_labeling_labelrotation": null,
        "auxiliary_storage_labeling_positionx": null,
        "auxiliary_storage_labeling_positiony": null,
        "auxiliary_storage_labeling_lineanchorpercent": null,
        "auxiliary_storage_labeling_lineanchorclipping": null,
        "auxiliary_storage_labeling_lineanchortype": null,
        "auxiliary_storage_labeling_lineanchortextpoint": null,
        "auxiliary_storage_labeling_show": null,
        "auxiliary_storage_callouts_originx": null,
        "auxiliary_storage_callouts_originy": null,
        "auxiliary_storage_callouts_destinationx": null,
        "auxiliary_storage_callouts_destinationy": null,
        "city": "Пермь"
      },
      "geometry": {
        "type": "MultiPolygon",
        "coordinates": [
          [
            [
              [
                56.28686294784933,
                58.00148366594264
              ],
              [
                56.28661794986217,
                58.00359797057899
              ],
              [
                56.28473607847418,
                58.00636913112199
              ],
              [
                56.29387997276482,
                58.00866320232619
              ],
              [
                56.29724748066528,
                58.00820189739529
              ],
              [
                56.296146008042925,
                58.006971461795075
              ],
              [
                56.294940424163094,
                58.00634771650729
              ],
              [
                56.29520433410061,
                58.00512482933514
              ],
              [
                56.29566577528401,
                58.00417728913085
              ],
              [
                56.29619349200381,
                58.00267181041665
              ],
              [
                56.29661682752298,
                58.00178282461553
              ],
              [
                56.2943531723638,
                58.001496037730455
              ],
              [
                56.29219559870176,
                58.00144487578423
              ],
              [
                56.28686294784933,
                58.00148366594264
              ]
            ]
          ]
        ]
      }
    },
    {
      "type": "Feature",
      "properties": {
        "qc_id": 6,
        "fid": 7,
        "name": "Пролет",
        "original_name": "мкр. Пролетарский",
        "explainer": "Пролетом называют микрорайон Пролетарский, используется как сокращение.",
        "Тип названия": "Ассоциация с официальным названием",
        "idlabel": null,
        "auxiliary_storage_labeling_labelrotation": null,
        "auxiliary_storage_labeling_positionx": null,
        "auxiliary_storage_labeling_positiony": null,
        "auxiliary_storage_labeling_lineanchorpercent": null,
        "auxiliary_storage_labeling_lineanchorclipping": null,
        "auxiliary_storage_labeling_lineanchortype": null,
        "auxiliary_storage_labeling_lineanchortextpoint": null,
        "auxiliary_storage_labeling_show": null,
        "auxiliary_storage_callouts_originx": null,
        "auxiliary_storage_callouts_originy": null,
        "auxiliary_storage_callouts_destinationx": null,
        "auxiliary_storage_callouts_destinationy": null,
        "city": "Пермь"
      },
      "geometry": {
        "type": "MultiPolygon",
        "coordinates": [
          [
            [
              [
                56.118075870451364,
                58.03677976637146
              ],
              [
                56.11921908471159,
                58.040607700461074
              ],
              [
                56.12519486628595,
                58.04019832957641
              ],
              [
                56.126314161010264,
                58.04049986194143
              ],
              [
                56.12672934377171,
                58.040894506541626
              ],
              [
                56.12686657303961,
                58.04132642374491
              ],
              [
                56.12709805241943,
                58.04168062760198
              ],
              [
                56.127992698915165,
                58.042107938517724
              ],
              [
                56.12853517091775,
                58.04182759988877
              ],
              [
                56.13007882412002,
                58.04215159208975
              ],
              [
                56.13059330216958,
                58.042262849772094
              ],
              [
                56.131665140616235,
                58.042240778662574
              ],
              [
                56.132420891933734,
                58.04230469947518
              ],
              [
                56.13290081544885,
                58.042317763323474
              ],
              [
                56.132286761781224,
                58.04021747059315
              ],
              [
                56.13416988617844,
                58.04024987915808
              ],
              [
                56.13812599848624,
                58.04010041014304
              ],
              [
                56.141637003904656,
                58.04002617776092
              ],
              [
                56.14492920290748,
                58.03983284073541
              ],
              [
                56.14700958174892,
                58.039337459757334
              ],
              [
                56.14935959281889,
                58.03837369183158
              ],
              [
                56.14889371952444,
                58.038159988457224
              ],
              [
                56.14985116008404,
                58.03750522957766
              ],
              [
                56.15043659137535,
                58.03773931704578
              ],
              [
                56.15078029212737,
                58.037653455840136
              ],
              [
                56.15413396156857,
                58.03523685204778
              ],
              [
                56.14654507842633,
                58.03209101998845
              ],
              [
                56.14361355298721,
                58.03113102357623
              ],
              [
                56.14147383845817,
                58.031038253188726
              ],
              [
                56.1395093449236,
                58.031338427735065
              ],
              [
                56.138275770050775,
                58.031956958657275
              ],
              [
                56.136517170148394,
                58.03290494505875
              ],
              [
                56.134651009177745,
                58.0337150475914
              ],
              [
                56.13345324817004,
                58.034372955314204
              ],
              [
                56.1318823661923,
                58.03518502701008
              ],
              [
                56.13054582385108,
                58.035469754503026
              ],
              [
                56.128027067201764,
                58.03576596690973
              ],
              [
                56.1252512019475,
                58.036001593956506
              ],
              [
                56.12273380429064,
                58.03623894174963
              ],
              [
                56.12058855226103,
                58.03636127169602
              ],
              [
                56.11844280383375,
                58.036503151975815
              ],
              [
                56.118075870451364,
                58.03677976637146
              ]
            ]
          ]
        ]
      }
    },
    {
      "type": "Feature",
      "properties": {
        "qc_id": 8,
        "fid": 9,
        "name": "Крохоля",
        "original_name": "мкр. Крохалева",
        "explainer": "Обиходное название микрорайона Крохалева, которое широко распространено в городе. Так называется, например, районная группа во Вконтакте, имеющая 32 тысячи подписчиков. В городе район считался (а иногда считается) довольно криминальным.",
        "Тип названия": "Ассоциация с официальным названием",
        "idlabel": null,
        "auxiliary_storage_labeling_labelrotation": null,
        "auxiliary_storage_labeling_positionx": 453806.1542964238,
        "auxiliary_storage_labeling_positiony": 6425571.286201422,
        "auxiliary_storage_labeling_lineanchorpercent": null,
        "auxiliary_storage_labeling_lineanchorclipping": null,
        "auxiliary_storage_labeling_lineanchortype": null,
        "auxiliary_storage_labeling_lineanchortextpoint": null,
        "auxiliary_storage_labeling_show": null,
        "auxiliary_storage_callouts_originx": null,
        "auxiliary_storage_callouts_originy": null,
        "auxiliary_storage_callouts_destinationx": null,
        "auxiliary_storage_callouts_destinationy": null,
        "city": "Пермь"
      },
      "geometry": {
        "type": "MultiPolygon",
        "coordinates": [
          [
            [
              [
                56.246172478291655,
                57.97312556891272
              ],
              [
                56.2436466461244,
                57.96298767873034
              ],
              [
                56.23164181180542,
                57.96299513120337
              ],
              [
                56.226806456973804,
                57.96084792489324
              ],
              [
                56.225046687592354,
                57.95930173558146
              ],
              [
                56.22466827974465,
                57.95837284768691
              ],
              [
                56.22788784706579,
                57.956883434865546
              ],
              [
                56.2339766354197,
                57.95628489265793
              ],
              [
                56.23955774427852,
                57.956133077531504
              ],
              [
                56.24028847199564,
                57.954549022474275
              ],
              [
                56.2307439241018,
                57.953750370164165
              ],
              [
                56.22094202599238,
                57.9547966311351
              ],
              [
                56.21886373252968,
                57.95546952609668
              ],
              [
                56.21485130940139,
                57.956953234268994
              ],
              [
                56.212108635042526,
                57.95766109511461
              ],
              [
                56.20950764948074,
                57.958624446693705
              ],
              [
                56.20772286354464,
                57.95933816487419
              ],
              [
                56.207045714256694,
                57.95996082068111
              ],
              [
                56.20655020595723,
                57.96070214581002
              ],
              [
                56.20545419890404,
                57.96192946567981
              ],
              [
                56.20513770000458,
                57.96290698235983
              ],
              [
                56.205259548398445,
                57.964063547396876
              ],
              [
                56.206076488208794,
                57.965459532020226
              ],
              [
                56.207682772153305,
                57.9678399246944
              ],
              [
                56.20944275281109,
                57.96994699281697
              ],
              [
                56.2104593768511,
                57.970658542995
              ],
              [
                56.213042270193014,
                57.97224173916885
              ],
              [
                56.2156386559481,
                57.973217679890084
              ],
              [
                56.21800758707875,
                57.97448601613999
              ],
              [
                56.21994491200512,
                57.97526191559229
              ],
              [
                56.221843329964784,
                57.976135496191546
              ],
              [
                56.22363036894569,
                57.975343234111534
              ],
              [
                56.22928018037239,
                57.97151840191698
              ],
              [
                56.23043680167061,
                57.97087894175255
              ],
              [
                56.23249651637153,
                57.97110687599082
              ],
              [
                56.23643343845286,
                57.97186292244338
              ],
              [
                56.24091650002388,
                57.9730943087848
              ],
              [
                56.246172478291655,
                57.97312556891272
              ]
            ]
          ]
        ]
      }
    },
    {
      "type": "Feature",
      "properties": {
        "qc_id": 7,
        "fid": 8,
        "name": "Гром",
        "original_name": "мкр. Громовский",
        "explainer": "Громом называют микрорайон Громовский, который начал называться так в честь советского летчика Громова. Но в конце 80-ых и начале 90-ых на территории микрорайона была банда, которую называли громовские или гром.",
        "Тип названия": "Историческая ассоциация",
        "idlabel": 9,
        "auxiliary_storage_labeling_labelrotation": null,
        "auxiliary_storage_labeling_positionx": null,
        "auxiliary_storage_labeling_positiony": null,
        "auxiliary_storage_labeling_lineanchorpercent": null,
        "auxiliary_storage_labeling_lineanchorclipping": null,
        "auxiliary_storage_labeling_lineanchortype": null,
        "auxiliary_storage_labeling_lineanchortextpoint": null,
        "auxiliary_storage_labeling_show": null,
        "auxiliary_storage_callouts_originx": null,
        "auxiliary_storage_callouts_originy": null,
        "auxiliary_storage_callouts_destinationx": null,
        "auxiliary_storage_callouts_destinationy": null,
        "city": "Пермь"
      },
      "geometry": {
        "type": "MultiPolygon",
        "coordinates": [
          [
            [
              [
                56.227053472902845,
                57.99959662982463
              ],
              [
                56.23201339089062,
                58.00058655838973
              ],
              [
                56.23926851852096,
                58.00123741980604
              ],
              [
                56.24813813695681,
                57.993532614754535
              ],
              [
                56.24685863110684,
                57.992976535261185
              ],
              [
                56.24550992565063,
                57.99220454544436
              ],
              [
                56.243929242350674,
                57.99194049552965
              ],
              [
                56.240297550735896,
                57.99272204095056
              ],
              [
                56.23907202564224,
                57.993106511976656
              ],
              [
                56.236439799262754,
                57.99371761380471
              ],
              [
                56.23466424080407,
                57.993942022619784
              ],
              [
                56.233880420943386,
                57.994368279581764
              ],
              [
                56.233164495824184,
                57.99506919728246
              ],
              [
                56.232781376343944,
                57.99573293870885
              ],
              [
                56.23225026710064,
                57.996415375823354
              ],
              [
                56.23209726000448,
                57.996669119036106
              ],
              [
                56.23208426172604,
                57.99727632230002
              ],
              [
                56.232148398380346,
                57.9977272731685
              ],
              [
                56.2312512743943,
                57.99827036868756
              ],
              [
                56.2302124420252,
                57.99853834448298
              ],
              [
                56.227658511685995,
                57.99891466295934
              ],
              [
                56.227053472902845,
                57.99959662982463
              ]
            ]
          ]
        ]
      }
    },
    {
      "type": "Feature",
      "properties": {
        "qc_id": 5,
        "fid": 6,
        "name": "Скандаловка",
        "original_name": "мкр. Заостровка",
        "explainer": "Это название иногда используется для обозначение микрорайона Заостровка (название по одному из бывших поселений на этой территории. Интересно, что островов вокруг нет. Краеведы связывают это название с рекой Мулянкой и несколькими небольшими озерами вокруг). Название Скандаловка произошло от одноименного поселения на этой территории, а название самого поселения от дореволюционного вольнорабочего, который первым построил себе дом в этой местности и обладал скандальным характером.",
        "Тип названия": "Историческая ассоциация",
        "idlabel": null,
        "auxiliary_storage_labeling_labelrotation": null,
        "auxiliary_storage_labeling_positionx": null,
        "auxiliary_storage_labeling_positiony": null,
        "auxiliary_storage_labeling_lineanchorpercent": null,
        "auxiliary_storage_labeling_lineanchorclipping": null,
        "auxiliary_storage_labeling_lineanchortype": null,
        "auxiliary_storage_labeling_lineanchortextpoint": null,
        "auxiliary_storage_labeling_show": null,
        "auxiliary_storage_callouts_originx": null,
        "auxiliary_storage_callouts_originy": null,
        "auxiliary_storage_callouts_destinationx": null,
        "auxiliary_storage_callouts_destinationy": null,
        "city": "Пермь"
      },
      "geometry": {
        "type": "MultiPolygon",
        "coordinates": [
          [
            [
              [
                56.0722214,
                58.01309159999999
              ],
              [
                56.0720183,
                58.0127899
              ],
              [
                56.0720086,
                58.01276330000001
              ],
              [
                56.0719119,
                58.01277760000002
              ],
              [
                56.0717457,
                58.0125544
              ],
              [
                56.0718481,
                58.0125257
              ],
              [
                56.0718385,
                58.0125052
              ],
              [
                56.0718829,
                58.0124837
              ],
              [
                56.0715041,
                58.0117218
              ],
              [
                56.0713412,
                58.01119590000002
              ],
              [
                56.0710722,
                58.0106451
              ],
              [
                56.0695656,
                58.0103495
              ],
              [
                56.0686045,
                58.0101983
              ],
              [
                56.066388,
                58.010049
              ],
              [
                56.0649795,
                58.0101004
              ],
              [
                56.0625369,
                58.010305299999985
              ],
              [
                56.06263520000001,
                58.01006529999999
              ],
              [
                56.0639654,
                58.0081312
              ],
              [
                56.0660864,
                58.0083781
              ],
              [
                56.0673896,
                58.008452800000015
              ],
              [
                56.0678592,
                58.0085269
              ],
              [
                56.068693,
                58.0087449
              ],
              [
                56.0698011,
                58.0091465
              ],
              [
                56.0706175,
                58.0094215
              ],
              [
                56.0707021,
                58.009429099999984
              ],
              [
                56.0707715,
                58.0093824
              ],
              [
                56.0707421,
                58.0091925
              ],
              [
                56.0711823,
                58.0089217
              ],
              [
                56.0705966,
                58.0085627
              ],
              [
                56.0701762,
                58.0083854
              ],
              [
                56.0700865,
                58.0075891
              ],
              [
                56.0698135,
                58.0076096
              ],
              [
                56.0697488,
                58.0075791
              ],
              [
                56.0690575,
                58.00598069999999
              ],
              [
                56.0689128,
                58.00591150000001
              ],
              [
                56.069388,
                58.00570190000001
              ],
              [
                56.0698977,
                58.00551140000001
              ],
              [
                56.0698937,
                58.0054853
              ],
              [
                56.0700479,
                58.00544819999999
              ],
              [
                56.0701358,
                58.0054356
              ],
              [
                56.0705277,
                58.0054071
              ],
              [
                56.0706407,
                58.0054109
              ],
              [
                56.0706525,
                58.0054217
              ],
              [
                56.0722574,
                58.00541909999998
              ],
              [
                56.0842629,
                58.0039128
              ],
              [
                56.0874202,
                58.00350839999999
              ],
              [
                56.0876796,
                58.0033201
              ],
              [
                56.0880429,
                58.003212
              ],
              [
                56.088608,
                58.0031039
              ],
              [
                56.090869,
                58.0028363
              ],
              [
                56.0910241,
                58.0028128
              ],
              [
                56.095559,
                58.0021629
              ],
              [
                56.0956373,
                58.0021511
              ],
              [
                56.0958657,
                58.001791
              ],
              [
                56.0959177,
                58.0017099
              ],
              [
                56.0970785,
                57.999719699999986
              ],
              [
                56.1001074,
                57.9975351
              ],
              [
                56.1065233,
                57.9985017
              ],
              [
                56.1053923,
                58.0002549
              ],
              [
                56.1132326,
                58.0008039
              ],
              [
                56.1134213,
                58.0008161
              ],
              [
                56.1135499,
                58.0006745
              ],
              [
                56.12594426006979,
                58.00078372166134
              ],
              [
                56.12675622222759,
                58.001533714405184
              ],
              [
                56.128879864365565,
                58.002214328228824
              ],
              [
                56.12996966613226,
                58.00216301431299
              ],
              [
                56.12825051895316,
                58.003816393115116
              ],
              [
                56.12626736734925,
                58.00493900832886
              ],
              [
                56.12610689235555,
                58.00546683464995
              ],
              [
                56.126974310331704,
                58.006217205811105
              ],
              [
                56.12858878818161,
                58.00660047995764
              ],
              [
                56.130062832448345,
                58.006688924721225
              ],
              [
                56.13217506695056,
                58.00633113793553
              ],
              [
                56.13313442479258,
                58.006337676575605
              ],
              [
                56.13482135446509,
                58.00678013458424
              ],
              [
                56.13646340771332,
                58.007555293903756
              ],
              [
                56.13688593036413,
                58.008400526048234
              ],
              [
                56.137016561452434,
                58.009106648320966
              ],
              [
                56.13677817757105,
                58.0098102679301
              ],
              [
                56.131915655653486,
                58.00942457499634
              ],
              [
                56.129255415844035,
                58.009543530854806
              ],
              [
                56.126961314778306,
                58.00978248292785
              ],
              [
                56.12441460883605,
                58.00978457700534
              ],
              [
                56.12108960389377,
                58.00991837699409
              ],
              [
                56.11894447849873,
                58.01009944380384
              ],
              [
                56.116545359518135,
                58.01010240214978
              ],
              [
                56.114733288533564,
                58.0102465297761
              ],
              [
                56.11269154846233,
                58.01072205974487
              ],
              [
                56.11163495958674,
                58.01016617013522
              ],
              [
                56.109334378846484,
                58.010659429303715
              ],
              [
                56.108223403667175,
                58.01080836907501
              ],
              [
                56.103796058568925,
                58.010738089174644
              ],
              [
                56.1008753500319,
                58.01093297799553
              ],
              [
                56.09777305300151,
                58.01100897282792
              ],
              [
                56.09589347854943,
                58.01089768428687
              ],
              [
                56.09282956478633,
                58.010915061325136
              ],
              [
                56.09060894565857,
                58.01115388319259
              ],
              [
                56.08883213064574,
                58.01135666458705
              ],
              [
                56.08827958028171,
                58.01131352742486
              ],
              [
                56.08525403142136,
                58.011272227040315
              ],
              [
                56.08362028791105,
                58.011652274210995
              ],
              [
                56.08029597345299,
                58.01174583464075
              ],
              [
                56.078963425171125,
                58.011892918236
              ],
              [
                56.076777037314926,
                58.012229697252245
              ],
              [
                56.074772602278394,
                58.012665711924235
              ],
              [
                56.074772602278394,
                58.012665711924235
              ],
              [
                56.07385303072786,
                58.012541483313086
              ],
              [
                56.073076017535875,
                58.012614186755734
              ],
              [
                56.0722214,
                58.01309159999999
              ]
            ]
          ]
        ]
      }
    },
    {
      "type": "Feature",
      "properties": {
        "qc_id": 9,
        "fid": 10,
        "name": "Зоокамск",
        "original_name": "мкр. Закамск",
        "explainer": "Зоокамском называют микрорайон Закамск. Но для многих жителей правого берега Закамск это общее название для большей части левого берега Камы. Альтернативное название ЗКамск от обиходного «зек» — то есть заключенный. Нет, в Закамске нет колоний и даже зоопарка, но в этих топонимах может прослеживаться пренебрежительное отношение жителей центра правого берега к жителям левого.",
        "Тип названия": "Ассоциация с официальным названием",
        "idlabel": null,
        "auxiliary_storage_labeling_labelrotation": null,
        "auxiliary_storage_labeling_positionx": null,
        "auxiliary_storage_labeling_positiony": null,
        "auxiliary_storage_labeling_lineanchorpercent": null,
        "auxiliary_storage_labeling_lineanchorclipping": null,
        "auxiliary_storage_labeling_lineanchortype": null,
        "auxiliary_storage_labeling_lineanchortextpoint": null,
        "auxiliary_storage_labeling_show": null,
        "auxiliary_storage_callouts_originx": null,
        "auxiliary_storage_callouts_originy": null,
        "auxiliary_storage_callouts_destinationx": null,
        "auxiliary_storage_callouts_destinationy": null,
        "city": "Пермь"
      },
      "geometry": {
        "type": "MultiPolygon",
        "coordinates": [
          [
            [
              [
                55.92654594017359,
                57.99259700554089
              ],
              [
                55.93950100305021,
                57.99113841938267
              ],
              [
                55.94203487835062,
                57.99027794642236
              ],
              [
                55.9451074734093,
                57.99241922818512
              ],
              [
                55.94844149515478,
                57.99446464211426
              ],
              [
                55.952950542625935,
                57.99671554530095
              ],
              [
                55.95629965826928,
                57.99827111238905
              ],
              [
                55.9578693487138,
                57.9988520995731
              ],
              [
                55.96107245051255,
                58.00036716175981
              ],
              [
                55.96238237326094,
                58.00100474204649
              ],
              [
                55.964021539517546,
                58.00174294132939
              ],
              [
                55.966645587607104,
                58.002880927865384
              ],
              [
                55.96838490401493,
                58.003992099432566
              ],
              [
                55.97103996871039,
                58.005345738425206
              ],
              [
                55.97699082675063,
                58.00760742192075
              ],
              [
                55.98370679757884,
                58.01024715019084
              ],
              [
                55.98816448246893,
                58.01184989075763
              ],
              [
                55.9808884814633,
                58.01590579105633
              ],
              [
                55.97044572820454,
                58.01190368655162
              ],
              [
                55.96343297116369,
                58.00933920006393
              ],
              [
                55.95672806115295,
                58.01398609190516
              ],
              [
                55.94161067932372,
                58.00590757506607
              ],
              [
                55.9319469098479,
                58.00077250013649
              ],
              [
                55.93013510466188,
                57.99966021395188
              ],
              [
                55.92802711223791,
                57.99611618880007
              ],
              [
                55.92654594017359,
                57.99259700554089
              ]
            ]
          ]
        ]
      }
    },
    {
      "type": "Feature",
      "properties": {
        "qc_id": 10,
        "fid": 11,
        "name": "Загарье",
        "original_name": "мкр. Владимирский",
        "explainer": "Загарье это широко распространенное название микрорайона Владимирский (настолько широко распространенное, что автор этого исследования узнал об официальном названии сильно позже неофициального). На картах Владимирский, наверное, единственный микрорайон, у которого в скобках указано неофициальное название. Загарье — это деревня, которая находилась на месте современного микрорайона Владимирский. Владимирским микрорайон назвали после эвакуации патефонного завода из города Владимир во время ВОВ. Один из моих информированных источников говорит, что патефонный завод был не главным, существовали некий «номерной завод», где производилась иная продукция военного назначения.",
        "Тип названия": "Историческая ассоциация",
        "idlabel": null,
        "auxiliary_storage_labeling_labelrotation": null,
        "auxiliary_storage_labeling_positionx": null,
        "auxiliary_storage_labeling_positiony": null,
        "auxiliary_storage_labeling_lineanchorpercent": null,
        "auxiliary_storage_labeling_lineanchorclipping": null,
        "auxiliary_storage_labeling_lineanchortype": null,
        "auxiliary_storage_labeling_lineanchortextpoint": null,
        "auxiliary_storage_labeling_show": null,
        "auxiliary_storage_callouts_originx": null,
        "auxiliary_storage_callouts_originy": null,
        "auxiliary_storage_callouts_destinationx": null,
        "auxiliary_storage_callouts_destinationy": null,
        "city": "Пермь"
      },
      "geometry": {
        "type": "MultiPolygon",
        "coordinates": [
          [
            [
              [
                56.259461310815276,
                57.97666371500053
              ],
              [
                56.26537178196484,
                57.977040808818536
              ],
              [
                56.267415439829904,
                57.97717992878208
              ],
              [
                56.268784885337276,
                57.97783426940296
              ],
              [
                56.26961138242323,
                57.97889686257964
              ],
              [
                56.27072892884916,
                57.98015701607577
              ],
              [
                56.271177906727566,
                57.98074728051059
              ],
              [
                56.27125199607844,
                57.98163903652391
              ],
              [
                56.27128071815754,
                57.982040789958624
              ],
              [
                56.27290636415442,
                57.98280429553456
              ],
              [
                56.274589571101345,
                57.983460364953494
              ],
              [
                56.276115190331794,
                57.983704131767134
              ],
              [
                56.27870598665292,
                57.983248695642615
              ],
              [
                56.280134943155865,
                57.98279643237928
              ],
              [
                56.28054353399513,
                57.98173110614775
              ],
              [
                56.28318274109081,
                57.98068816271225
              ],
              [
                56.28493100708192,
                57.97993400482826
              ],
              [
                56.28387733266692,
                57.97914448986773
              ],
              [
                56.28437618973653,
                57.97816781300116
              ],
              [
                56.28280718239828,
                57.97733620901329
              ],
              [
                56.27813706999398,
                57.97486107796723
              ],
              [
                56.27797343200182,
                57.97474750831971
              ],
              [
                56.27874980769004,
                57.97464416976349
              ],
              [
                56.2775051214366,
                57.97099341807115
              ],
              [
                56.27672862397708,
                57.971106542997795
              ],
              [
                56.27634878374547,
                57.96983105008417
              ],
              [
                56.27592421067322,
                57.968947095682395
              ],
              [
                56.27512156639354,
                57.968531138995786
              ],
              [
                56.273273375816814,
                57.96695341214646
              ],
              [
                56.276505216005795,
                57.963896249469585
              ],
              [
                56.27237222791045,
                57.962305488088276
              ],
              [
                56.26816791708179,
                57.96604259617918
              ],
              [
                56.261936702928885,
                57.96790679251971
              ],
              [
                56.26042468663128,
                57.97330478164386
              ],
              [
                56.259461310815276,
                57.97666371500053
              ]
            ]
          ]
        ]
      }
    },
    {
      "type": "Feature",
      "properties": {
        "qc_id": 13,
        "fid": 14,
        "name": "Комплекс",
        "original_name": "мкр. Студгородок",
        "explainer": "Обиходное название микрорайона Студгородок. Здесь находятся учебные, исследовательские и жилые корпуса ПНИПУ (Пермский политех). Раньше Пермский политех назывался ППИ (Пермский политехнический институт), а совокупность его зданий называли комплексом. Одноименно называется и железнодорожная станция рядом (Комплекс ППИ).",
        "Тип названия": "Ассоциация с объектом",
        "idlabel": null,
        "auxiliary_storage_labeling_labelrotation": null,
        "auxiliary_storage_labeling_positionx": null,
        "auxiliary_storage_labeling_positiony": null,
        "auxiliary_storage_labeling_lineanchorpercent": null,
        "auxiliary_storage_labeling_lineanchorclipping": null,
        "auxiliary_storage_labeling_lineanchortype": null,
        "auxiliary_storage_labeling_lineanchortextpoint": null,
        "auxiliary_storage_labeling_show": null,
        "auxiliary_storage_callouts_originx": null,
        "auxiliary_storage_callouts_originy": null,
        "auxiliary_storage_callouts_destinationx": null,
        "auxiliary_storage_callouts_destinationy": null,
        "city": "Пермь"
      },
      "geometry": {
        "type": "MultiPolygon",
        "coordinates": [
          [
            [
              [
                56.21286714525491,
                58.04805108013442
              ],
              [
                56.21113475112339,
                58.04786405415654
              ],
              [
                56.2091152254418,
                58.04896813681513
              ],
              [
                56.20709217168022,
                58.0518940003637
              ],
              [
                56.205707352330926,
                58.05601877966967
              ],
              [
                56.20824360774064,
                58.05830696436742
              ],
              [
                56.22472709310856,
                58.05829082204362
              ],
              [
                56.22605495108665,
                58.06012072591521
              ],
              [
                56.22622024152194,
                58.06102284945075
              ],
              [
                56.23085897076253,
                58.06187370399886
              ],
              [
                56.23314438392752,
                58.06043785741641
              ],
              [
                56.236390825535324,
                58.058988145588714
              ],
              [
                56.237702143157485,
                58.05815365016793
              ],
              [
                56.24173831294117,
                58.05952941885403
              ],
              [
                56.24354399713336,
                58.058031761967406
              ],
              [
                56.22512868201854,
                58.05169158061126
              ],
              [
                56.22287838052198,
                58.05152115289267
              ],
              [
                56.22278625536397,
                58.050658648912204
              ],
              [
                56.21753910524272,
                58.04898099278822
              ],
              [
                56.21645635728779,
                58.04865110724195
              ],
              [
                56.21842450312164,
                58.047350697643274
              ],
              [
                56.21412385634093,
                58.046344750008814
              ],
              [
                56.21286714525491,
                58.04805108013442
              ]
            ]
          ]
        ]
      }
    },
    {
      "type": "Feature",
      "properties": {
        "qc_id": 20,
        "fid": 21,
        "name": "Кисляры",
        "original_name": "мкр. Кислотные дачи",
        "explainer": "Кислярами называют микрорайон Кислотные дачи. Это упрощенное разговорное название. Сам микрорайон Кислотные дачи был назван так из-за серокислотного завода, который находился в этом районе.",
        "Тип названия": "Ассоциация с официальным названием",
        "idlabel": null,
        "auxiliary_storage_labeling_labelrotation": null,
        "auxiliary_storage_labeling_positionx": 463916.7634519038,
        "auxiliary_storage_labeling_positiony": 6437939.196449876,
        "auxiliary_storage_labeling_lineanchorpercent": null,
        "auxiliary_storage_labeling_lineanchorclipping": null,
        "auxiliary_storage_labeling_lineanchortype": null,
        "auxiliary_storage_labeling_lineanchortextpoint": null,
        "auxiliary_storage_labeling_show": null,
        "auxiliary_storage_callouts_originx": null,
        "auxiliary_storage_callouts_originy": null,
        "auxiliary_storage_callouts_destinationx": null,
        "auxiliary_storage_callouts_destinationy": null,
        "city": "Пермь"
      },
      "geometry": {
        "type": "MultiPolygon",
        "coordinates": [
          [
            [
              [
                56.38977334933791,
                58.101096794001464
              ],
              [
                56.3869597114341,
                58.098965472247755
              ],
              [
                56.38573437156105,
                58.09753004325358
              ],
              [
                56.38465910735683,
                58.09609532648101
              ],
              [
                56.384231981237946,
                58.09476962417133
              ],
              [
                56.38331915812086,
                58.092620914071595
              ],
              [
                56.38264539404964,
                58.091108702139664
              ],
              [
                56.381183409161785,
                58.088930840735514
              ],
              [
                56.38039837287188,
                58.088079895997495
              ],
              [
                56.3802516837278,
                58.08500833371729
              ],
              [
                56.38329845366167,
                58.08512900582491
              ],
              [
                56.38528670670681,
                58.08286194823453
              ],
              [
                56.39454469438316,
                58.079200075683254
              ],
              [
                56.39900097451411,
                58.081656671535505
              ],
              [
                56.4057490229721,
                58.081582427990355
              ],
              [
                56.416818739495696,
                58.083116045347374
              ],
              [
                56.41554491832613,
                58.08766352511864
              ],
              [
                56.4103106540863,
                58.089836652241246
              ],
              [
                56.406709505891975,
                58.09297019731748
              ],
              [
                56.398418351107814,
                58.096233809772976
              ],
              [
                56.39181207972099,
                58.09956449956442
              ],
              [
                56.38977334933791,
                58.101096794001464
              ]
            ]
          ]
        ]
      }
    },
    {
      "type": "Feature",
      "properties": {
        "qc_id": 21,
        "fid": 22,
        "name": "Чапайка",
        "original_name": "мкр. Чапаевский",
        "explainer": "Чапайкой называют микрорайон Чапаевский. Это разговорное название.",
        "Тип названия": "Ассоциация с официальным названием",
        "idlabel": null,
        "auxiliary_storage_labeling_labelrotation": null,
        "auxiliary_storage_labeling_positionx": 462196.05206196837,
        "auxiliary_storage_labeling_positiony": 6438006.820800018,
        "auxiliary_storage_labeling_lineanchorpercent": null,
        "auxiliary_storage_labeling_lineanchorclipping": null,
        "auxiliary_storage_labeling_lineanchortype": null,
        "auxiliary_storage_labeling_lineanchortextpoint": null,
        "auxiliary_storage_labeling_show": null,
        "auxiliary_storage_callouts_originx": null,
        "auxiliary_storage_callouts_originy": null,
        "auxiliary_storage_callouts_destinationx": null,
        "auxiliary_storage_callouts_destinationy": null,
        "city": "Пермь"
      },
      "geometry": {
        "type": "MultiPolygon",
        "coordinates": [
          [
            [
              [
                56.35012543491478,
                58.07538756988095
              ],
              [
                56.349841451871825,
                58.077265700353486
              ],
              [
                56.350288448491675,
                58.08016676692623
              ],
              [
                56.351265526097734,
                58.08277932799694
              ],
              [
                56.352363372441744,
                58.08563075000965
              ],
              [
                56.35308956460081,
                58.08693161051633
              ],
              [
                56.358040380818544,
                58.08679780855822
              ],
              [
                56.3602927639702,
                58.08662382464266
              ],
              [
                56.360463318867794,
                58.0882659990374
              ],
              [
                56.359023187405356,
                58.089132368823144
              ],
              [
                56.359402174094136,
                58.090299080643995
              ],
              [
                56.360935591885244,
                58.09120685631558
              ],
              [
                56.36354497064297,
                58.090650747408
              ],
              [
                56.36435394779184,
                58.091541625341804
              ],
              [
                56.365010887182976,
                58.09255086830561
              ],
              [
                56.36611976436838,
                58.09204016767368
              ],
              [
                56.36768761545851,
                58.091015514904505
              ],
              [
                56.369197918218305,
                58.09041412366244
              ],
              [
                56.37000560065361,
                58.089968080403885
              ],
              [
                56.370564978481,
                58.08942815099161
              ],
              [
                56.37069529555296,
                58.08912435681434
              ],
              [
                56.36651153511889,
                58.08826973414884
              ],
              [
                56.366816346839975,
                58.08799328391415
              ],
              [
                56.36621986005044,
                58.08780500888285
              ],
              [
                56.3664272897231,
                58.08738247448284
              ],
              [
                56.367658359221544,
                58.0870179687752
              ],
              [
                56.36853463990197,
                58.08692965876976
              ],
              [
                56.36943707331382,
                58.08677529000786
              ],
              [
                56.370042423053505,
                58.08646060951497
              ],
              [
                56.37024676866326,
                58.086210127316335
              ],
              [
                56.37168976736297,
                58.085158335598635
              ],
              [
                56.37347578421432,
                58.08449207101296
              ],
              [
                56.37586675207077,
                58.0835243079994
              ],
              [
                56.373298289141715,
                58.08036143071195
              ],
              [
                56.372532109202346,
                58.079881148335005
              ],
              [
                56.36998831808782,
                58.07960386777173
              ],
              [
                56.368408206865375,
                58.07994019308546
              ],
              [
                56.366998978638875,
                58.08050236745531
              ],
              [
                56.36573938531335,
                58.08107850766216
              ],
              [
                56.36476235790263,
                58.08121924170161
              ],
              [
                56.363836001014214,
                58.081320511905126
              ],
              [
                56.36250939269872,
                58.081446246539265
              ],
              [
                56.36187416802421,
                58.08063564360439
              ],
              [
                56.36315926410408,
                58.08003319598311
              ],
              [
                56.36287736785152,
                58.07902581644929
              ],
              [
                56.36276447560004,
                58.078350192774614
              ],
              [
                56.36237535556968,
                58.07775260566311
              ],
              [
                56.361409514549685,
                58.077271256292924
              ],
              [
                56.35998737964088,
                58.07715822924165
              ],
              [
                56.359517445463794,
                58.07689113869517
              ],
              [
                56.35973815959764,
                58.07572743927956
              ],
              [
                56.35944785909454,
                58.0751965216037
              ],
              [
                56.35917899110049,
                58.07486425798453
              ],
              [
                56.358842777544666,
                58.07410808793181
              ],
              [
                56.357998420830384,
                58.073825870306884
              ],
              [
                56.35697445587311,
                58.07380747010873
              ],
              [
                56.355975234229774,
                58.073802423222844
              ],
              [
                56.353092180010165,
                58.074356985915884
              ],
              [
                56.35165603209145,
                58.07502474625631
              ],
              [
                56.35012543491478,
                58.07538756988095
              ]
            ]
          ]
        ]
      }
    },
    {
      "type": "Feature",
      "properties": {
        "qc_id": 143,
        "fid": 124,
        "name": "Голый Мыс",
        "original_name": null,
        "explainer": null,
        "Тип названия": "Реальное название",
        "idlabel": null,
        "auxiliary_storage_labeling_labelrotation": null,
        "auxiliary_storage_labeling_positionx": null,
        "auxiliary_storage_labeling_positiony": null,
        "auxiliary_storage_labeling_lineanchorpercent": null,
        "auxiliary_storage_labeling_lineanchorclipping": null,
        "auxiliary_storage_labeling_lineanchortype": null,
        "auxiliary_storage_labeling_lineanchortextpoint": null,
        "auxiliary_storage_labeling_show": null,
        "auxiliary_storage_callouts_originx": null,
        "auxiliary_storage_callouts_originy": null,
        "auxiliary_storage_callouts_destinationx": null,
        "auxiliary_storage_callouts_destinationy": null,
        "city": "Пермь"
      },
      "geometry": {
        "type": "MultiPolygon",
        "coordinates": [
          [
            [
              [
                56.3802701,
                57.9578224
              ],
              [
                56.3818897,
                57.958022499999984
              ],
              [
                56.3824708,
                57.9578855
              ],
              [
                56.3833748,
                57.9579369
              ],
              [
                56.3842035,
                57.958171
              ],
              [
                56.3869155,
                57.9592159
              ],
              [
                56.3871308,
                57.959541299999984
              ],
              [
                56.3873861,
                57.959597600000016
              ],
              [
                56.3883514,
                57.960179899999986
              ],
              [
                56.3873244,
                57.96045350000002
              ],
              [
                56.387223,
                57.9603577
              ],
              [
                56.3869013,
                57.9604263
              ],
              [
                56.3870164,
                57.9605664
              ],
              [
                56.3868832,
                57.9606574
              ],
              [
                56.3870299,
                57.9606717
              ],
              [
                56.38735040000001,
                57.9609747
              ],
              [
                56.3876167,
                57.9610226
              ],
              [
                56.3872579,
                57.96127160000001
              ],
              [
                56.3872281,
                57.9614222
              ],
              [
                56.3869911,
                57.9615683
              ],
              [
                56.3870407,
                57.9616317
              ],
              [
                56.3864264,
                57.961901
              ],
              [
                56.3862176,
                57.9619219
              ],
              [
                56.3857916,
                57.9618396
              ],
              [
                56.3853741,
                57.9619773
              ],
              [
                56.3844882,
                57.96177070000001
              ],
              [
                56.3840481,
                57.961871
              ],
              [
                56.3818791,
                57.9616097
              ],
              [
                56.38044,
                57.961303499999985
              ],
              [
                56.38013,
                57.96115730000001
              ],
              [
                56.3799716,
                57.960835799999984
              ],
              [
                56.3789117,
                57.960949700000015
              ],
              [
                56.3782098,
                57.96110169999998
              ],
              [
                56.377851,
                57.9613951
              ],
              [
                56.3762637,
                57.9616436
              ],
              [
                56.3759322,
                57.9618254
              ],
              [
                56.3757855,
                57.9619616
              ],
              [
                56.3757996,
                57.962883499999975
              ],
              [
                56.3759717,
                57.96323959999999
              ],
              [
                56.3759406,
                57.963326399999985
              ],
              [
                56.3749335,
                57.962861
              ],
              [
                56.3745921,
                57.9631753
              ],
              [
                56.374073,
                57.9629957
              ],
              [
                56.3731702,
                57.9631483
              ],
              [
                56.3721941,
                57.9632441
              ],
              [
                56.3713139,
                57.9633968
              ],
              [
                56.3717004,
                57.9640986
              ],
              [
                56.3697509,
                57.96443089999999
              ],
              [
                56.3687934,
                57.9650089
              ],
              [
                56.3670543,
                57.96424159999998
              ],
              [
                56.367743,
                57.96341039999999
              ],
              [
                56.3694649,
                57.9626477
              ],
              [
                56.3722458,
                57.9620266
              ],
              [
                56.3720019,
                57.961809400000014
              ],
              [
                56.3716475,
                57.96147169999998
              ],
              [
                56.3691817,
                57.9607539
              ],
              [
                56.3698949,
                57.9605791
              ],
              [
                56.3696793,
                57.9604838
              ],
              [
                56.3670565,
                57.961176
              ],
              [
                56.365975,
                57.9597206
              ],
              [
                56.3665412,
                57.9595944
              ],
              [
                56.3663819,
                57.959366899999985
              ],
              [
                56.3671114,
                57.9592228
              ],
              [
                56.3673208,
                57.959474700000015
              ],
              [
                56.3676368,
                57.9593866
              ],
              [
                56.3652884,
                57.9582307
              ],
              [
                56.3768847,
                57.9547252
              ],
              [
                56.3771601,
                57.9549588
              ],
              [
                56.3773038,
                57.954932
              ],
              [
                56.3774522,
                57.954953
              ],
              [
                56.3777581,
                57.9551584
              ],
              [
                56.3777284,
                57.9551831
              ],
              [
                56.3777102,
                57.9552256
              ],
              [
                56.3777097,
                57.9552751
              ],
              [
                56.3776616,
                57.955388100000015
              ],
              [
                56.377664,
                57.9554106
              ],
              [
                56.3776709,
                57.9554469
              ],
              [
                56.3776957,
                57.95547539999998
              ],
              [
                56.377742,
                57.9554851
              ],
              [
                56.3777823,
                57.9554717
              ],
              [
                56.3778339,
                57.9554557
              ],
              [
                56.3778708,
                57.9554454
              ],
              [
                56.3779427,
                57.9554359
              ],
              [
                56.3780288,
                57.955448
              ],
              [
                56.378071,
                57.9554609
              ],
              [
                56.3781034,
                57.9554821
              ],
              [
                56.3781482,
                57.955478
              ],
              [
                56.3781977,
                57.9554633
              ],
              [
                56.3782443,
                57.9554763
              ],
              [
                56.3782651,
                57.9555105
              ],
              [
                56.3782897,
                57.9555991
              ],
              [
                56.3785101,
                57.9559967
              ],
              [
                56.3795307,
                57.9566591
              ],
              [
                56.3796254,
                57.9572803
              ],
              [
                56.379522,
                57.9574767
              ],
              [
                56.3795995,
                57.957696
              ],
              [
                56.3798062,
                57.9578056
              ],
              [
                56.3802701,
                57.9578224
              ]
            ]
          ]
        ]
      }
    },
    {
      "type": "Feature",
      "properties": {
        "qc_id": 145,
        "fid": 126,
        "name": "Химики",
        "original_name": null,
        "explainer": null,
        "Тип названия": "Реальное название",
        "idlabel": null,
        "auxiliary_storage_labeling_labelrotation": null,
        "auxiliary_storage_labeling_positionx": null,
        "auxiliary_storage_labeling_positiony": null,
        "auxiliary_storage_labeling_lineanchorpercent": null,
        "auxiliary_storage_labeling_lineanchorclipping": null,
        "auxiliary_storage_labeling_lineanchortype": null,
        "auxiliary_storage_labeling_lineanchortextpoint": null,
        "auxiliary_storage_labeling_show": null,
        "auxiliary_storage_callouts_originx": null,
        "auxiliary_storage_callouts_originy": null,
        "auxiliary_storage_callouts_destinationx": null,
        "auxiliary_storage_callouts_destinationy": null,
        "city": "Пермь"
      },
      "geometry": {
        "type": "MultiPolygon",
        "coordinates": [
          [
            [
              [
                56.267788,
                58.1099907
              ],
              [
                56.2690622,
                58.1099154
              ],
              [
                56.2693047,
                58.1099807
              ],
              [
                56.2694188,
                58.1099304
              ],
              [
                56.2698229,
                58.10953610000002
              ],
              [
                56.2704125,
                58.1094884
              ],
              [
                56.2703174,
                58.1090714
              ],
              [
                56.2696565,
                58.1086846
              ],
              [
                56.269124,
                58.1081369
              ],
              [
                56.2685915,
                58.1077978
              ],
              [
                56.2687252,
                58.1075617
              ],
              [
                56.2685679,
                58.1074777
              ],
              [
                56.268183,
                58.10761440000001
              ],
              [
                56.2650353,
                58.1055253
              ],
              [
                56.2644124,
                58.1050679
              ],
              [
                56.2632409,
                58.104368499999985
              ],
              [
                56.2630431,
                58.1040035
              ],
              [
                56.2627418,
                58.1038122
              ],
              [
                56.2623224,
                58.1037935
              ],
              [
                56.26229510000001,
                58.1036577
              ],
              [
                56.2617557,
                58.1036844
              ],
              [
                56.2613934,
                58.10383259999998
              ],
              [
                56.2608476,
                58.10395419999998
              ],
              [
                56.2604068,
                58.1028243
              ],
              [
                56.2603023,
                58.101554599999986
              ],
              [
                56.2596643,
                58.1015973
              ],
              [
                56.259937,
                58.1018905
              ],
              [
                56.2598756,
                58.1026822
              ],
              [
                56.2601578,
                58.10373710000002
              ],
              [
                56.2601686,
                58.1037773
              ],
              [
                56.2590366,
                58.1038326
              ],
              [
                56.2591627,
                58.1040811
              ],
              [
                56.2590561,
                58.104117299999984
              ],
              [
                56.2591132,
                58.1041836
              ],
              [
                56.2587823,
                58.1042781
              ],
              [
                56.2581204,
                58.1045856
              ],
              [
                56.2584262,
                58.10485379999997
              ],
              [
                56.2583863,
                58.104882799999984
              ],
              [
                56.258587,
                58.1050171
              ],
              [
                56.2586419,
                58.1050119
              ],
              [
                56.2590655,
                58.1053478
              ],
              [
                56.2597074,
                58.1054835
              ],
              [
                56.25986910000001,
                58.1055864
              ],
              [
                56.2598786,
                58.1056543
              ],
              [
                56.2599569,
                58.105695699999984
              ],
              [
                56.2600329,
                58.1056947
              ],
              [
                56.2609662,
                58.1062013
              ],
              [
                56.260751,
                58.1063029
              ],
              [
                56.2603016,
                58.10638619999999
              ],
              [
                56.2605615,
                58.106653499999986
              ],
              [
                56.2606056,
                58.1067907
              ],
              [
                56.2602004,
                58.1069834
              ],
              [
                56.2599781,
                58.1072401
              ],
              [
                56.2591989,
                58.1071122
              ],
              [
                56.2581758,
                58.108715
              ],
              [
                56.2611948,
                58.1093259
              ],
              [
                56.2613743,
                58.1094947
              ],
              [
                56.2616086,
                58.1094995
              ],
              [
                56.2619677,
                58.10888219999999
              ],
              [
                56.2621715,
                58.10888569999999
              ],
              [
                56.2632733,
                58.1080775
              ],
              [
                56.267788,
                58.1099907
              ]
            ]
          ]
        ]
      }
    },
    {
      "type": "Feature",
      "properties": {
        "qc_id": 23,
        "fid": 24,
        "name": "Балмошная",
        "original_name": "Микрорайон около станции Балмошная",
        "explainer": "Балмошной называют небольшой район около станции Балмошна на горнозаводском направлении железной дороги.",
        "Тип названия": "Ассоциация с объектом",
        "idlabel": null,
        "auxiliary_storage_labeling_labelrotation": null,
        "auxiliary_storage_labeling_positionx": null,
        "auxiliary_storage_labeling_positiony": null,
        "auxiliary_storage_labeling_lineanchorpercent": null,
        "auxiliary_storage_labeling_lineanchorclipping": null,
        "auxiliary_storage_labeling_lineanchortype": null,
        "auxiliary_storage_labeling_lineanchortextpoint": null,
        "auxiliary_storage_labeling_show": null,
        "auxiliary_storage_callouts_originx": null,
        "auxiliary_storage_callouts_originy": null,
        "auxiliary_storage_callouts_destinationx": null,
        "auxiliary_storage_callouts_destinationy": null,
        "city": "Пермь"
      },
      "geometry": {
        "type": "MultiPolygon",
        "coordinates": [
          [
            [
              [
                56.34413929142754,
                58.076885710326586
              ],
              [
                56.346295182584086,
                58.07922640869697
              ],
              [
                56.34776056436974,
                58.079710430933496
              ],
              [
                56.349098964214264,
                58.078936323140596
              ],
              [
                56.34948341275795,
                58.07703223466159
              ],
              [
                56.34930576858862,
                58.074436978407384
              ],
              [
                56.3482461619648,
                58.07226077957354
              ],
              [
                56.34740544793507,
                58.070416604437796
              ],
              [
                56.3463308382947,
                58.06907420981052
              ],
              [
                56.34515688857368,
                58.06770482200252
              ],
              [
                56.342871296903695,
                58.06566786836299
              ],
              [
                56.34066673845249,
                58.06331361542706
              ],
              [
                56.339056651185125,
                58.06124037533731
              ],
              [
                56.331775326366056,
                58.063320230668914
              ],
              [
                56.33877675156779,
                58.070980992290934
              ],
              [
                56.34323340733663,
                58.07587507161839
              ],
              [
                56.34413929142754,
                58.076885710326586
              ]
            ]
          ]
        ]
      }
    },
    {
      "type": "Feature",
      "properties": {
        "qc_id": 25,
        "fid": 26,
        "name": "Старый Водник",
        "original_name": null,
        "explainer": null,
        "Тип названия": "Реальное название",
        "idlabel": null,
        "auxiliary_storage_labeling_labelrotation": null,
        "auxiliary_storage_labeling_positionx": null,
        "auxiliary_storage_labeling_positiony": null,
        "auxiliary_storage_labeling_lineanchorpercent": null,
        "auxiliary_storage_labeling_lineanchorclipping": null,
        "auxiliary_storage_labeling_lineanchortype": null,
        "auxiliary_storage_labeling_lineanchortextpoint": null,
        "auxiliary_storage_labeling_show": null,
        "auxiliary_storage_callouts_originx": null,
        "auxiliary_storage_callouts_originy": null,
        "auxiliary_storage_callouts_destinationx": null,
        "auxiliary_storage_callouts_destinationy": null,
        "city": "Пермь"
      },
      "geometry": {
        "type": "MultiPolygon",
        "coordinates": [
          [
            [
              [
                56.008146268625396,
                58.01836970004566
              ],
              [
                56.011306190193885,
                58.019115705877695
              ],
              [
                56.01371301548135,
                58.01958443920553
              ],
              [
                56.01574488110767,
                58.02008332048058
              ],
              [
                56.017424177764376,
                58.02070520002896
              ],
              [
                56.02011312260775,
                58.0218113677819
              ],
              [
                56.0215628528989,
                58.022623361741665
              ],
              [
                56.022855792235255,
                58.02415555466979
              ],
              [
                56.024241915302085,
                58.025476655141496
              ],
              [
                56.025376470024995,
                58.02641855827063
              ],
              [
                56.026851451565946,
                58.02723068331386
              ],
              [
                56.0286281916346,
                58.02795905302454
              ],
              [
                56.031253025946214,
                58.028700472589804
              ],
              [
                56.03110042676098,
                58.029268503471386
              ],
              [
                56.02898726265948,
                58.02990101752776
              ],
              [
                56.02746470059347,
                58.030835843086535
              ],
              [
                56.02449833201472,
                58.0325538178813
              ],
              [
                56.02265028240676,
                58.033519184790954
              ],
              [
                56.02108111584025,
                58.03432120686053
              ],
              [
                56.01910689839815,
                58.03168507803477
              ],
              [
                56.01629679449971,
                58.032239207518344
              ],
              [
                56.013352858368094,
                58.027682734546644
              ],
              [
                56.01090565026555,
                58.02684966444216
              ],
              [
                56.01250118960134,
                58.02644508390978
              ],
              [
                56.00934583068297,
                58.021900106380954
              ],
              [
                56.005420411151604,
                58.0208634767214
              ],
              [
                56.008146268625396,
                58.01836970004566
              ]
            ]
          ]
        ]
      }
    },
    {
      "type": "Feature",
      "properties": {
        "qc_id": 26,
        "fid": 27,
        "name": "Новые водники",
        "original_name": null,
        "explainer": null,
        "Тип названия": "Реальное название",
        "idlabel": null,
        "auxiliary_storage_labeling_labelrotation": null,
        "auxiliary_storage_labeling_positionx": null,
        "auxiliary_storage_labeling_positiony": null,
        "auxiliary_storage_labeling_lineanchorpercent": null,
        "auxiliary_storage_labeling_lineanchorclipping": null,
        "auxiliary_storage_labeling_lineanchortype": null,
        "auxiliary_storage_labeling_lineanchortextpoint": null,
        "auxiliary_storage_labeling_show": null,
        "auxiliary_storage_callouts_originx": null,
        "auxiliary_storage_callouts_originy": null,
        "auxiliary_storage_callouts_destinationx": null,
        "auxiliary_storage_callouts_destinationy": null,
        "city": "Пермь"
      },
      "geometry": {
        "type": "MultiPolygon",
        "coordinates": [
          [
            [
              [
                56.005420411151604,
                58.0208634767214
              ],
              [
                56.00287540383137,
                58.023120345065436
              ],
              [
                56.00135522025017,
                58.023955601607405
              ],
              [
                55.993777682580365,
                58.025484380743876
              ],
              [
                55.99029953283355,
                58.02672760208719
              ],
              [
                55.989862348470496,
                58.02807431826613
              ],
              [
                56.01848865159761,
                58.037855391355826
              ],
              [
                56.018628355795094,
                58.03640039459653
              ],
              [
                56.0196098737128,
                58.03519014908264
              ],
              [
                56.02057178372764,
                58.0346945451535
              ],
              [
                56.02108111584025,
                58.03432120686053
              ],
              [
                56.01910689839815,
                58.03168507803477
              ],
              [
                56.01629679449971,
                58.032239207518344
              ],
              [
                56.013352858368094,
                58.027682734546644
              ],
              [
                56.01090565026555,
                58.02684966444216
              ],
              [
                56.01250118960134,
                58.02644508390978
              ],
              [
                56.00934583068297,
                58.021900106380954
              ],
              [
                56.005420411151604,
                58.0208634767214
              ]
            ]
          ]
        ]
      }
    },
    {
      "type": "Feature",
      "properties": {
        "qc_id": 28,
        "fid": 29,
        "name": "Камдол",
        "original_name": "мкр. Камская Долина",
        "explainer": "Камдол это сокращение от названия микрорайона Камская долина. Микрорайон Камская долина в Перми получил своё название в 1970-х годах, когда территория на правом берегу Камы была определена как перспективная площадка для масштабной жилой застройки. Название отражает географическое положение района — в пойменной части долины реки Камы. До этого местность была известна как Закама, Пролетарская слобода или Средняя Курья. В 1972 году, в рамках нового генерального плана Перми, район получил название «Камская долина» и был объявлен самой перспективной строительной площадкой города.",
        "Тип названия": "Ассоциация с официальным названием",
        "idlabel": null,
        "auxiliary_storage_labeling_labelrotation": null,
        "auxiliary_storage_labeling_positionx": null,
        "auxiliary_storage_labeling_positiony": null,
        "auxiliary_storage_labeling_lineanchorpercent": null,
        "auxiliary_storage_labeling_lineanchorclipping": null,
        "auxiliary_storage_labeling_lineanchortype": null,
        "auxiliary_storage_labeling_lineanchortextpoint": null,
        "auxiliary_storage_labeling_show": null,
        "auxiliary_storage_callouts_originx": null,
        "auxiliary_storage_callouts_originy": null,
        "auxiliary_storage_callouts_destinationx": null,
        "auxiliary_storage_callouts_destinationy": null,
        "city": "Пермь"
      },
      "geometry": {
        "type": "MultiPolygon",
        "coordinates": [
          [
            [
              [
                56.255728270014785,
                58.03662218785716
              ],
              [
                56.25859983542216,
                58.03293267272027
              ],
              [
                56.2561354657994,
                58.03143579018901
              ],
              [
                56.24947758719428,
                58.03002010016152
              ],
              [
                56.245896013939806,
                58.02946946796154
              ],
              [
                56.24261169683893,
                58.029026396971794
              ],
              [
                56.23993183824183,
                58.02832211694692
              ],
              [
                56.23715905741615,
                58.02729954210758
              ],
              [
                56.2339771011409,
                58.02675096664465
              ],
              [
                56.23238842804379,
                58.026370769042664
              ],
              [
                56.228814322172184,
                58.025502017156285
              ],
              [
                56.22513946332287,
                58.024685497880306
              ],
              [
                56.21996461643315,
                58.02401853021844
              ],
              [
                56.21370285645846,
                58.02286811907461
              ],
              [
                56.20971761705129,
                58.02257870489167
              ],
              [
                56.20453279080188,
                58.02238756924034
              ],
              [
                56.20174733457732,
                58.02199950267006
              ],
              [
                56.19786561973851,
                58.02155152442078
              ],
              [
                56.19467526664584,
                58.021425486136856
              ],
              [
                56.18949428472539,
                58.021074919723674
              ],
              [
                56.18370875524334,
                58.0209850026681
              ],
              [
                56.180320175188974,
                58.02080438560105
              ],
              [
                56.17822499688305,
                58.02079087659126
              ],
              [
                56.17384486848654,
                58.02033894535695
              ],
              [
                56.17016077375695,
                58.0199972971226
              ],
              [
                56.165977915791515,
                58.019652274912325
              ],
              [
                56.16388528245792,
                58.0195326515623
              ],
              [
                56.16129135527835,
                58.01951558637357
              ],
              [
                56.16129135527835,
                58.01951558637357
              ],
              [
                56.15907041137434,
                58.020612827665445
              ],
              [
                56.15629805722269,
                58.01969437665293
              ],
              [
                56.15381263928836,
                58.01930724646062
              ],
              [
                56.15191959900223,
                58.01918875284774
              ],
              [
                56.15100791795115,
                58.019765096867246
              ],
              [
                56.150586266644474,
                58.02071533727753
              ],
              [
                56.15075193460371,
                58.02214602259147
              ],
              [
                56.151416502381664,
                58.023580034071806
              ],
              [
                56.15586658530002,
                58.02530393664383
              ],
              [
                56.16325879173067,
                58.029270838918755
              ],
              [
                56.18350542009785,
                58.03866804402581
              ],
              [
                56.187760475656574,
                58.0403366163791
              ],
              [
                56.19712149643596,
                58.04140197710434
              ],
              [
                56.20862984864848,
                58.0402032935243
              ],
              [
                56.21673422702525,
                58.03940625377665
              ],
              [
                56.255728270014785,
                58.03662218785716
              ]
            ]
          ]
        ]
      }
    },
    {
      "type": "Feature",
      "properties": {
        "qc_id": 30,
        "fid": 31,
        "name": "Бахаревка",
        "original_name": null,
        "explainer": "Официальное название микрорайона. Часть микрорайона — ныне неработающий региональный аэродном Бахаревка, из которого ранее совершались гражданские рейсы в северные части региона. На изображении аэродром в 90-ые. Сейчас на нем иногда проходят запуски гражданских радиоуправляемых беспилотников.",
        "Тип названия": "Реальное название",
        "idlabel": null,
        "auxiliary_storage_labeling_labelrotation": null,
        "auxiliary_storage_labeling_positionx": null,
        "auxiliary_storage_labeling_positiony": null,
        "auxiliary_storage_labeling_lineanchorpercent": null,
        "auxiliary_storage_labeling_lineanchorclipping": null,
        "auxiliary_storage_labeling_lineanchortype": null,
        "auxiliary_storage_labeling_lineanchortextpoint": null,
        "auxiliary_storage_labeling_show": 1,
        "auxiliary_storage_callouts_originx": null,
        "auxiliary_storage_callouts_originy": null,
        "auxiliary_storage_callouts_destinationx": null,
        "auxiliary_storage_callouts_destinationy": null,
        "photos": [
          {
            "src": "/images/descriptions/image_09_2.jpeg",
            "alt": "Аэродром Бахаревка в 90-ые",
            "caption": "Аэродром Бахаревка в 90-ые"
          }
        ],
        "city": "Пермь"
      },
      "geometry": {
        "type": "MultiPolygon",
        "coordinates": [
          [
            [
              [
                56.2307439241018,
                57.953750370164165
              ],
              [
                56.23476422567836,
                57.95284639458924
              ],
              [
                56.2264278,
                57.9440193
              ],
              [
                56.2239096,
                57.94130860000001
              ],
              [
                56.2228839,
                57.94011780000001
              ],
              [
                56.2226717,
                57.939859900000016
              ],
              [
                56.2223194,
                57.9394476
              ],
              [
                56.2218856,
                57.9392238
              ],
              [
                56.2188497,
                57.9382326
              ],
              [
                56.2187739,
                57.9382183
              ],
              [
                56.214633,
                57.9374395
              ],
              [
                56.2151992,
                57.9381622
              ],
              [
                56.2148619,
                57.9389808
              ],
              [
                56.2151631,
                57.9400552
              ],
              [
                56.201983,
                57.94017030000001
              ],
              [
                56.2012,
                57.9402918
              ],
              [
                56.19249323011592,
                57.93921563700706
              ],
              [
                56.1894654872606,
                57.93882573178207
              ],
              [
                56.1824870637881,
                57.941428436432744
              ],
              [
                56.1809301663047,
                57.94202731490819
              ],
              [
                56.17917251131088,
                57.944875162960464
              ],
              [
                56.1759623521682,
                57.94808421504947
              ],
              [
                56.177221116804816,
                57.94910499533729
              ],
              [
                56.17843489706998,
                57.950463014416556
              ],
              [
                56.17858590332678,
                57.95202595069994
              ],
              [
                56.178915984038554,
                57.95283553682431
              ],
              [
                56.1797391649,
                57.95386009523282
              ],
              [
                56.181443731881835,
                57.95445350615156
              ],
              [
                56.18522799658598,
                57.95557647832548
              ],
              [
                56.18648787264434,
                57.956021364192075
              ],
              [
                56.180869853152664,
                57.96160437458105
              ],
              [
                56.19098781711793,
                57.96463421645826
              ],
              [
                56.19240435023169,
                57.9647755892362
              ],
              [
                56.19405275107749,
                57.96457425637846
              ],
              [
                56.19768654541089,
                57.96357799278769
              ],
              [
                56.19941694548638,
                57.96304618551227
              ],
              [
                56.20052208708977,
                57.962629557488
              ],
              [
                56.203119858232725,
                57.96228846685113
              ],
              [
                56.20527887250546,
                57.96235823492812
              ],
              [
                56.20545419890404,
                57.96192946567981
              ],
              [
                56.20655020595723,
                57.96070214581002
              ],
              [
                56.207045714256694,
                57.95996082068111
              ],
              [
                56.20772286354464,
                57.95933816487419
              ],
              [
                56.20950764948074,
                57.958624446693705
              ],
              [
                56.212108635042526,
                57.95766109511461
              ],
              [
                56.21485130940139,
                57.956953234268994
              ],
              [
                56.21886373252968,
                57.95546952609668
              ],
              [
                56.22094202599238,
                57.9547966311351
              ],
              [
                56.2307439241018,
                57.953750370164165
              ]
            ]
          ]
        ]
      }
    },
    {
      "type": "Feature",
      "properties": {
        "qc_id": 146,
        "fid": 127,
        "name": "Заимка",
        "original_name": null,
        "explainer": null,
        "Тип названия": "Историческая ассоциация",
        "idlabel": null,
        "auxiliary_storage_labeling_labelrotation": null,
        "auxiliary_storage_labeling_positionx": null,
        "auxiliary_storage_labeling_positiony": null,
        "auxiliary_storage_labeling_lineanchorpercent": null,
        "auxiliary_storage_labeling_lineanchorclipping": null,
        "auxiliary_storage_labeling_lineanchortype": null,
        "auxiliary_storage_labeling_lineanchortextpoint": null,
        "auxiliary_storage_labeling_show": null,
        "auxiliary_storage_callouts_originx": null,
        "auxiliary_storage_callouts_originy": null,
        "auxiliary_storage_callouts_destinationx": null,
        "auxiliary_storage_callouts_destinationy": null,
        "city": "Пермь"
      },
      "geometry": {
        "type": "MultiPolygon",
        "coordinates": [
          [
            [
              [
                56.2105552953166,
                58.01455826892211
              ],
              [
                56.21335971555699,
                58.014682302637596
              ],
              [
                56.21267855359973,
                58.0159147407146
              ],
              [
                56.2123595648824,
                58.016167690548635
              ],
              [
                56.1995214,
                58.014538
              ],
              [
                56.198125,
                58.0145364
              ],
              [
                56.1979673,
                58.0145353
              ],
              [
                56.1978227,
                58.0145339
              ],
              [
                56.1970222,
                58.0145322
              ],
              [
                56.1967212,
                58.0145301
              ],
              [
                56.196487,
                58.0145404
              ],
              [
                56.1963186,
                58.0145773
              ],
              [
                56.1961405,
                58.01466130000002
              ],
              [
                56.1960031,
                58.014753599999985
              ],
              [
                56.1958996,
                58.0147892
              ],
              [
                56.195794,
                58.014790500000025
              ],
              [
                56.1956446,
                58.014782299999986
              ],
              [
                56.1953281,
                58.0147573
              ],
              [
                56.1950411,
                58.0147321
              ],
              [
                56.1948417,
                58.01473309999999
              ],
              [
                56.1946715,
                58.0147521
              ],
              [
                56.19449250000001,
                58.0147887
              ],
              [
                56.1943035,
                58.0147836
              ],
              [
                56.1941081,
                58.0147526
              ],
              [
                56.1940249,
                58.014689
              ],
              [
                56.193992,
                58.0146008
              ],
              [
                56.1941681,
                58.0141866
              ],
              [
                56.1940365,
                58.0141369
              ],
              [
                56.1939542,
                58.01412
              ],
              [
                56.1938748,
                58.0141179
              ],
              [
                56.1937384,
                58.014152799999984
              ],
              [
                56.1935584,
                58.01434659999999
              ],
              [
                56.1932467,
                58.01467259999998
              ],
              [
                56.1929849,
                58.014948299999986
              ],
              [
                56.1928385,
                58.0150541
              ],
              [
                56.1925451,
                58.0151403
              ],
              [
                56.1922653,
                58.0152021
              ],
              [
                56.192031,
                58.01523190000001
              ],
              [
                56.1917747,
                58.0152192
              ],
              [
                56.1914543,
                58.0151361
              ],
              [
                56.191315,
                58.0150428
              ],
              [
                56.1912376,
                58.0149289
              ],
              [
                56.1912066,
                58.0147752
              ],
              [
                56.1911892,
                58.01471770000001
              ],
              [
                56.1911427,
                58.0146921
              ],
              [
                56.1910846,
                58.014698299999985
              ],
              [
                56.1910072,
                58.0147372
              ],
              [
                56.190895,
                58.014812099999986
              ],
              [
                56.190802,
                58.0149238
              ],
              [
                56.190713,
                58.01500279999998
              ],
              [
                56.1906317,
                58.0150499
              ],
              [
                56.1904943,
                58.0150694
              ],
              [
                56.1903259,
                58.0150674
              ],
              [
                56.1902059,
                58.0150376
              ],
              [
                56.1901536,
                58.014995599999985
              ],
              [
                56.1900897,
                58.0148879
              ],
              [
                56.1899469,
                58.0147708
              ],
              [
                56.1897778,
                58.0146778
              ],
              [
                56.1895671,
                58.01460389999998
              ],
              [
                56.1893232,
                58.01453930000001
              ],
              [
                56.1891297,
                58.0144799
              ],
              [
                56.1889438,
                58.0144224
              ],
              [
                56.1886249,
                58.0143724
              ],
              [
                56.1885062,
                58.0143562
              ],
              [
                56.1883012,
                58.0143281
              ],
              [
                56.1880228,
                58.0142764
              ],
              [
                56.1879644,
                58.01426559999999
              ],
              [
                56.1876702,
                58.01419379999998
              ],
              [
                56.1874263,
                58.0141569
              ],
              [
                56.1868553,
                58.01409429999999
              ],
              [
                56.1865591,
                58.0140585
              ],
              [
                56.1862978,
                58.0140523
              ],
              [
                56.1860636,
                58.0140779
              ],
              [
                56.1858236,
                58.0141159
              ],
              [
                56.1856591,
                58.0141446
              ],
              [
                56.1856146,
                58.0142727
              ],
              [
                56.18201530000001,
                58.013887199999985
              ],
              [
                56.1816363,
                58.0138131
              ],
              [
                56.1816919,
                58.013693
              ],
              [
                56.1814954,
                58.01365039999999
              ],
              [
                56.1814064,
                58.0136312
              ],
              [
                56.181336,
                58.0136096
              ],
              [
                56.1812859,
                58.0135974
              ],
              [
                56.181056,
                58.0135705
              ],
              [
                56.1810089,
                58.01356470000001
              ],
              [
                56.1809673,
                58.0135695
              ],
              [
                56.1809142,
                58.0135833
              ],
              [
                56.18088,
                58.01358529999999
              ],
              [
                56.1808217,
                58.0135845
              ],
              [
                56.1808058,
                58.0136219
              ],
              [
                56.180238,
                58.0135588
              ],
              [
                56.1802542,
                58.01352
              ],
              [
                56.1802013,
                58.0135067
              ],
              [
                56.180154,
                58.0134904
              ],
              [
                56.1800106,
                58.01339220000001
              ],
              [
                56.179898,
                58.0133431
              ],
              [
                56.1797709,
                58.0132953
              ],
              [
                56.179648,
                58.013265
              ],
              [
                56.1794971,
                58.0132371
              ],
              [
                56.1793427,
                58.0132095
              ],
              [
                56.17740040000001,
                58.0129309
              ],
              [
                56.1770359,
                58.0128537
              ],
              [
                56.1767358,
                58.0128557
              ],
              [
                56.1764734,
                58.01287339999998
              ],
              [
                56.176219,
                58.0128855
              ],
              [
                56.1757458,
                58.012892
              ],
              [
                56.175389,
                58.0128949
              ],
              [
                56.174925,
                58.0129048
              ],
              [
                56.1743939,
                58.0129048
              ],
              [
                56.1738186,
                58.0128991
              ],
              [
                56.1735316,
                58.0129148
              ],
              [
                56.173376,
                58.012929
              ],
              [
                56.1732734,
                58.0129433
              ],
              [
                56.1731977,
                58.0130912
              ],
              [
                56.1730125,
                58.0130633
              ],
              [
                56.1729938,
                58.0130185
              ],
              [
                56.1729509,
                58.012963099999986
              ],
              [
                56.1728718,
                58.012924
              ],
              [
                56.1727444,
                58.0128792
              ],
              [
                56.1723381,
                58.0127963
              ],
              [
                56.1716664,
                58.0127009
              ],
              [
                56.1708786,
                58.012634300000016
              ],
              [
                56.1701605,
                58.0125861
              ],
              [
                56.1699379,
                58.0125758
              ],
              [
                56.1696224,
                58.012573799999984
              ],
              [
                56.1692992,
                58.0125779
              ],
              [
                56.1688888,
                58.012616799999975
              ],
              [
                56.1686798,
                58.0126261
              ],
              [
                56.1685133,
                58.0126025
              ],
              [
                56.168312,
                58.012547099999985
              ],
              [
                56.1680294,
                58.0124405
              ],
              [
                56.1678281,
                58.0123851
              ],
              [
                56.16752420000001,
                58.012351299999985
              ],
              [
                56.1671293,
                58.0123554
              ],
              [
                56.1668496,
                58.0123589
              ],
              [
                56.1665177,
                58.0123533
              ],
              [
                56.1662564,
                58.01235329999999
              ],
              [
                56.1656524,
                58.0123718
              ],
              [
                56.1650195,
                58.01240559999999
              ],
              [
                56.1644833,
                58.01244659999998
              ],
              [
                56.1642356,
                58.0124507
              ],
              [
                56.1639143,
                58.0124169
              ],
              [
                56.1633471,
                58.0123461
              ],
              [
                56.1630606,
                58.0122908
              ],
              [
                56.1627626,
                58.012219
              ],
              [
                56.1623561,
                58.0121226
              ],
              [
                56.1619593,
                58.01207439999999
              ],
              [
                56.161487,
                58.0120313
              ],
              [
                56.1611955,
                58.0120032
              ],
              [
                56.1609485,
                58.0119541
              ],
              [
                56.1608211,
                58.011902100000015
              ],
              [
                56.160521,
                58.0117509
              ],
              [
                56.159911,
                58.0114589
              ],
              [
                56.1592842,
                58.0112018
              ],
              [
                56.1589861,
                58.0111126
              ],
              [
                56.1587442,
                58.0110664
              ],
              [
                56.1583784,
                58.0110459
              ],
              [
                56.1578403,
                58.0110367
              ],
              [
                56.1568937,
                58.0109998
              ],
              [
                56.1561563,
                58.010968
              ],
              [
                56.155653,
                58.0109485
              ],
              [
                56.1550742,
                58.01097
              ],
              [
                56.1544471,
                58.0109854
              ],
              [
                56.1537503,
                58.0109926
              ],
              [
                56.1528416,
                58.0109497
              ],
              [
                56.1525366,
                58.010932099999984
              ],
              [
                56.1522801,
                58.01091070000001
              ],
              [
                56.1524817,
                58.010556600000015
              ],
              [
                56.1526114,
                58.01008629999998
              ],
              [
                56.1526405,
                58.009977
              ],
              [
                56.1526668,
                58.00987939999999
              ],
              [
                56.1527037,
                58.0097717
              ],
              [
                56.152739,
                58.00966140000002
              ],
              [
                56.1527929,
                58.0095289
              ],
              [
                56.1528568,
                58.0093921
              ],
              [
                56.1529161,
                58.009264499999986
              ],
              [
                56.1529813,
                58.00914069999999
              ],
              [
                56.153049,
                58.00901669999998
              ],
              [
                56.153119,
                58.0089028
              ],
              [
                56.1531918,
                58.0087946
              ],
              [
                56.1532691,
                58.0086852
              ],
              [
                56.1533882,
                58.008542
              ],
              [
                56.1535006,
                58.00842019999999
              ],
              [
                56.1536243,
                58.0082876
              ],
              [
                56.1537407,
                58.0081617
              ],
              [
                56.1538728,
                58.00802860000002
              ],
              [
                56.1539849,
                58.0079213
              ],
              [
                56.1541122,
                58.0078044
              ],
              [
                56.1542396,
                58.007697
              ],
              [
                56.1543795,
                58.0075886
              ],
              [
                56.1545172,
                58.007485
              ],
              [
                56.1546522,
                58.007381
              ],
              [
                56.1548206,
                58.00726630000001
              ],
              [
                56.1549673,
                58.007175
              ],
              [
                56.1551474,
                58.0070635
              ],
              [
                56.1553315,
                58.006957
              ],
              [
                56.1555267,
                58.006848699999985
              ],
              [
                56.1557413,
                58.0067393
              ],
              [
                56.1559474,
                58.0066345
              ],
              [
                56.156121,
                58.0065516
              ],
              [
                56.1563114,
                58.0064625
              ],
              [
                56.1564911,
                58.0063843
              ],
              [
                56.1566636,
                58.00631179999997
              ],
              [
                56.1568167,
                58.0062526
              ],
              [
                56.1569423,
                58.006207
              ],
              [
                56.1571242,
                58.0061399
              ],
              [
                56.1573088,
                58.0060722
              ],
              [
                56.15749430000001,
                58.00600750000001
              ],
              [
                56.1577306,
                58.00593089999999
              ],
              [
                56.157934,
                58.0058687
              ],
              [
                56.1581359,
                58.0058085
              ],
              [
                56.1583553,
                58.0057483
              ],
              [
                56.1585823,
                58.005691100000014
              ],
              [
                56.1587958,
                58.00564139999999
              ],
              [
                56.1590199,
                58.0055923
              ],
              [
                56.1592154,
                58.0055519
              ],
              [
                56.1594187,
                58.00551
              ],
              [
                56.1599975,
                58.00540270000001
              ],
              [
                56.1601952,
                58.0053645
              ],
              [
                56.1604053,
                58.0053322
              ],
              [
                56.1606324,
                58.005300599999984
              ],
              [
                56.1608734,
                58.005274
              ],
              [
                56.16113390000001,
                58.005246800000016
              ],
              [
                56.1618686,
                58.0051825
              ],
              [
                56.162015,
                58.005171200000014
              ],
              [
                56.1630984,
                58.00540720000002
              ],
              [
                56.1631402,
                58.0055257
              ],
              [
                56.1631428,
                58.0055524
              ],
              [
                56.1631453,
                58.00557869999999
              ],
              [
                56.1631711,
                58.0057554
              ],
              [
                56.1632558,
                58.00640529999998
              ],
              [
                56.1632982,
                58.0064819
              ],
              [
                56.16337,
                58.0065458
              ],
              [
                56.1634633,
                58.0065954
              ],
              [
                56.1636023,
                58.0066408
              ],
              [
                56.1647006,
                58.0067642
              ],
              [
                56.1655553,
                58.0068603
              ],
              [
                56.1665727,
                58.0069721
              ],
              [
                56.1667682,
                58.00699359999999
              ],
              [
                56.1670472,
                58.0070234
              ],
              [
                56.1685317,
                58.0071823
              ],
              [
                56.1708389,
                58.0074348
              ],
              [
                56.1710684,
                58.0074591
              ],
              [
                56.1720016,
                58.0075579
              ],
              [
                56.1728925,
                58.00765220000002
              ],
              [
                56.1730354,
                58.0076673
              ],
              [
                56.1751774,
                58.0078973
              ],
              [
                56.1764111,
                58.0080298
              ],
              [
                56.1950301,
                58.0099788
              ],
              [
                56.1950733,
                58.0100033
              ],
              [
                56.1954191,
                58.01019549999999
              ],
              [
                56.1958268,
                58.0103945
              ],
              [
                56.1962526,
                58.010581
              ],
              [
                56.1967032,
                58.0107547
              ],
              [
                56.1971705,
                58.0109135
              ],
              [
                56.1976587,
                58.011058
              ],
              [
                56.1981583,
                58.01118409999998
              ],
              [
                56.1986632,
                58.01129460000002
              ],
              [
                56.1991735,
                58.011388
              ],
              [
                56.1996932,
                58.011469
              ],
              [
                56.2002155,
                58.01153269999999
              ],
              [
                56.2007521,
                58.011600799999975
              ],
              [
                56.2012978,
                58.0116701
              ],
              [
                56.2018383,
                58.0117546
              ],
              [
                56.202376,
                58.0118584
              ],
              [
                56.2029098,
                58.01197980000001
              ],
              [
                56.2034335,
                58.012120899999985
              ],
              [
                56.2039438,
                58.0122754
              ],
              [
                56.2039358,
                58.0125009
              ],
              [
                56.2039657,
                58.0125686
              ],
              [
                56.2040646,
                58.0126992
              ],
              [
                56.2041727,
                58.012822499999984
              ],
              [
                56.2044486,
                58.0130031
              ],
              [
                56.2048206,
                58.013179
              ],
              [
                56.2052331,
                58.0133439
              ],
              [
                56.205632,
                58.013488
              ],
              [
                56.2063825,
                58.0137433
              ],
              [
                56.2071408,
                58.0139759
              ],
              [
                56.2076641904836,
                58.01404130449639
              ],
              [
                56.20847816846187,
                58.0142054704058
              ],
              [
                56.20885870829561,
                58.01425122762194
              ],
              [
                56.20925191703876,
                58.01434045365023
              ],
              [
                56.20978121827753,
                58.01443775535007
              ],
              [
                56.2105552953166,
                58.01455826892211
              ]
            ]
          ]
        ]
      }
    },
    {
      "type": "Feature",
      "properties": {
        "qc_id": 41,
        "fid": 42,
        "name": "Банка",
        "original_name": null,
        "explainer": "Банкой называют микрорайон Банная гора, известный ещё и из-за своей психиатрической больницы, поэтому «психушка» тоже иногда используется для описания этого микрорайона. Существует несколько версий происхождения этого топонима. По одной из них, на возвышенности было построено множество бань, которые активно использовались грузчиками порта Левшино после работы. Также упоминается, что в этих банях мылись арестанты, направлявшиеся по этапу в Сибирь.",
        "Тип названия": "Ассоциация с официальным названием",
        "idlabel": null,
        "auxiliary_storage_labeling_labelrotation": null,
        "auxiliary_storage_labeling_positionx": null,
        "auxiliary_storage_labeling_positiony": null,
        "auxiliary_storage_labeling_lineanchorpercent": null,
        "auxiliary_storage_labeling_lineanchorclipping": null,
        "auxiliary_storage_labeling_lineanchortype": null,
        "auxiliary_storage_labeling_lineanchortextpoint": null,
        "auxiliary_storage_labeling_show": null,
        "auxiliary_storage_callouts_originx": null,
        "auxiliary_storage_callouts_originy": null,
        "auxiliary_storage_callouts_destinationx": null,
        "auxiliary_storage_callouts_destinationy": null,
        "city": "Пермь"
      },
      "geometry": {
        "type": "MultiPolygon",
        "coordinates": [
          [
            [
              [
                56.39106937489277,
                58.151900663377035
              ],
              [
                56.386098303103225,
                58.14978550841487
              ],
              [
                56.38726305219932,
                58.14902340355722
              ],
              [
                56.38888333203117,
                58.14797227285361
              ],
              [
                56.38896469125399,
                58.146146055432155
              ],
              [
                56.389593531883705,
                58.14450776638356
              ],
              [
                56.392735585274124,
                58.14227259363026
              ],
              [
                56.39595539024766,
                58.14133486840222
              ],
              [
                56.397964332063054,
                58.14094727712386
              ],
              [
                56.40179784718817,
                58.139218122944605
              ],
              [
                56.404471871849076,
                58.13795995214172
              ],
              [
                56.40653292921794,
                58.134422233395505
              ],
              [
                56.417603499209186,
                58.1369087393599
              ],
              [
                56.42004045893524,
                58.13787285475946
              ],
              [
                56.418408153251505,
                58.148957408170766
              ],
              [
                56.4175780987861,
                58.15532687225183
              ],
              [
                56.4159246,
                58.15517509999999
              ],
              [
                56.4111264,
                58.154652
              ],
              [
                56.4067279,
                58.1542459
              ],
              [
                56.4013821,
                58.1537683
              ],
              [
                56.3973643,
                58.153264
              ],
              [
                56.3928136,
                58.1524696
              ],
              [
                56.3921708,
                58.1541566
              ],
              [
                56.3908211,
                58.1556682
              ],
              [
                56.3895254,
                58.1552471
              ],
              [
                56.3910188,
                58.1540253
              ],
              [
                56.3917158,
                58.15215929999999
              ],
              [
                56.39106937489277,
                58.151900663377035
              ]
            ]
          ]
        ]
      }
    },
    {
      "type": "Feature",
      "properties": {
        "qc_id": 46,
        "fid": 47,
        "name": "Больничный городок",
        "original_name": null,
        "explainer": "Так называется часть Индустриального района, где расположен комплекс больниц, в том числе «Девятка» – бывшая МСЧ №9. На территории микрорайона находятся одноименные автобусные остановки.",
        "Тип названия": "Ассоциация с объектом",
        "idlabel": null,
        "auxiliary_storage_labeling_labelrotation": null,
        "auxiliary_storage_labeling_positionx": null,
        "auxiliary_storage_labeling_positiony": null,
        "auxiliary_storage_labeling_lineanchorpercent": null,
        "auxiliary_storage_labeling_lineanchorclipping": null,
        "auxiliary_storage_labeling_lineanchortype": null,
        "auxiliary_storage_labeling_lineanchortextpoint": null,
        "auxiliary_storage_labeling_show": null,
        "auxiliary_storage_callouts_originx": null,
        "auxiliary_storage_callouts_originy": null,
        "auxiliary_storage_callouts_destinationx": null,
        "auxiliary_storage_callouts_destinationy": null,
        "city": "Пермь"
      },
      "geometry": {
        "type": "MultiPolygon",
        "coordinates": [
          [
            [
              [
                56.19716953746683,
                57.9840101596387
              ],
              [
                56.19885937100868,
                57.982111586895435
              ],
              [
                56.17767982548886,
                57.9759594631597
              ],
              [
                56.17394758589024,
                57.97961633765856
              ],
              [
                56.176595899962024,
                57.98048687712474
              ],
              [
                56.17892381575385,
                57.98168073018169
              ],
              [
                56.18110131945195,
                57.98290973127534
              ],
              [
                56.184494461110404,
                57.985173426683325
              ],
              [
                56.18714413731908,
                57.98721532329871
              ],
              [
                56.18890645135766,
                57.98876697018309
              ],
              [
                56.19164588452016,
                57.98563852153571
              ],
              [
                56.19432522492481,
                57.98637871030317
              ],
              [
                56.19716953746683,
                57.9840101596387
              ]
            ]
          ]
        ]
      }
    },
    {
      "type": "Feature",
      "properties": {
        "qc_id": 47,
        "fid": 48,
        "name": "Балатово",
        "original_name": null,
        "explainer": "Балатово – официальное название микрорайона. Микрорайон Балатово в Перми получил своё название от деревни Балатово, существовавшей на этом месте с XIX века. Название, по одной версии, связано с фамилией владельцев земли или переселенцев, а по другой — с башкирским словом балат, что означает «палатка» или «жилище». В советское время деревню включили в черту города, и на её месте начала формироваться жилая застройка, превратившая Балатово в часть Свердловского района Перми. На фото одноименное трамвайное депо.",
        "Тип названия": "Реальное название",
        "idlabel": null,
        "auxiliary_storage_labeling_labelrotation": 331.8743275960099,
        "auxiliary_storage_labeling_positionx": 450182.93274085916,
        "auxiliary_storage_labeling_positiony": 6426422.992880866,
        "auxiliary_storage_labeling_lineanchorpercent": null,
        "auxiliary_storage_labeling_lineanchorclipping": null,
        "auxiliary_storage_labeling_lineanchortype": null,
        "auxiliary_storage_labeling_lineanchortextpoint": null,
        "auxiliary_storage_labeling_show": null,
        "auxiliary_storage_callouts_originx": null,
        "auxiliary_storage_callouts_originy": null,
        "auxiliary_storage_callouts_destinationx": null,
        "auxiliary_storage_callouts_destinationy": null,
        "city": "Пермь"
      },
      "geometry": {
        "type": "MultiPolygon",
        "coordinates": [
          [
            [
              [
                56.15799402159645,
                57.96759856120824
              ],
              [
                56.16308190345919,
                57.96918915120406
              ],
              [
                56.184227393695664,
                57.97535798319618
              ],
              [
                56.185208324917916,
                57.97412037767045
              ],
              [
                56.18643848935973,
                57.97239258728502
              ],
              [
                56.19013891561759,
                57.971866576680156
              ],
              [
                56.19256485584203,
                57.97172289844774
              ],
              [
                56.19628982099537,
                57.972848235492194
              ],
              [
                56.19358979944632,
                57.97326796228613
              ],
              [
                56.19589161261125,
                57.977280073416935
              ],
              [
                56.19795672384364,
                57.97796819234304
              ],
              [
                56.19988838950618,
                57.976106529362404
              ],
              [
                56.206871244744384,
                57.97812096082304
              ],
              [
                56.21302598708258,
                57.97990931143028
              ],
              [
                56.214623411128414,
                57.980320555245164
              ],
              [
                56.2160535464024,
                57.98028960164635
              ],
              [
                56.216355728702844,
                57.981759408819876
              ],
              [
                56.21688922939389,
                57.98357614071692
              ],
              [
                56.21709451561821,
                57.98558940261466
              ],
              [
                56.217568496932195,
                57.98630548261424
              ],
              [
                56.21808811210043,
                57.989909093088436
              ],
              [
                56.2182306981568,
                57.99137263761137
              ],
              [
                56.218208492810376,
                57.9923917358787
              ],
              [
                56.209793017897965,
                57.99178873394097
              ],
              [
                56.20885717937095,
                57.990426143072774
              ],
              [
                56.20878120506251,
                57.98935017803575
              ],
              [
                56.20803300178154,
                57.98767768135867
              ],
              [
                56.204363853057764,
                57.988204116093456
              ],
              [
                56.205950346188665,
                57.98662229805747
              ],
              [
                56.20778512659225,
                57.98479381600775
              ],
              [
                56.20969259668402,
                57.98283384035061
              ],
              [
                56.20816134771102,
                57.98250611389592
              ],
              [
                56.20781384425635,
                57.9828293862706
              ],
              [
                56.20525684175232,
                57.98209747755361
              ],
              [
                56.205622294474516,
                57.98157906249634
              ],
              [
                56.201101954501475,
                57.980371950830495
              ],
              [
                56.19926935700431,
                57.981965913986905
              ],
              [
                56.20358873881528,
                57.98354320516035
              ],
              [
                56.20165398997442,
                57.98537761870909
              ],
              [
                56.19716953746683,
                57.9840101596387
              ],
              [
                56.19885937100868,
                57.982111586895435
              ],
              [
                56.17767982548886,
                57.9759594631597
              ],
              [
                56.17394758589024,
                57.97961633765856
              ],
              [
                56.16130862978751,
                57.974993438120926
              ],
              [
                56.16454450515842,
                57.97191067444189
              ],
              [
                56.15594386961283,
                57.96951094732767
              ],
              [
                56.15799402159645,
                57.96759856120824
              ]
            ]
          ]
        ]
      }
    },
    {
      "type": "Feature",
      "properties": {
        "qc_id": 49,
        "fid": 50,
        "name": "Нагорик",
        "original_name": "мкр. Нагорный",
        "explainer": "Разговорное название микрорайона Нагорный в Индустриальном районе. Микрорайон Нагорный в Перми начал формироваться в 1960-х годах на возвышенности восточнее центра города, отсюда и название — от слова «на горе». Изначально он застраивался как жилой массив для рабочих промышленных предприятий, расположенных поблизости.",
        "Тип названия": "Ассоциация с официальным названием",
        "idlabel": null,
        "auxiliary_storage_labeling_labelrotation": null,
        "auxiliary_storage_labeling_positionx": 449805.874823039,
        "auxiliary_storage_labeling_positiony": 6423527.079271295,
        "auxiliary_storage_labeling_lineanchorpercent": null,
        "auxiliary_storage_labeling_lineanchorclipping": null,
        "auxiliary_storage_labeling_lineanchortype": null,
        "auxiliary_storage_labeling_lineanchortextpoint": null,
        "auxiliary_storage_labeling_show": null,
        "auxiliary_storage_callouts_originx": null,
        "auxiliary_storage_callouts_originy": null,
        "auxiliary_storage_callouts_destinationx": null,
        "auxiliary_storage_callouts_destinationy": null,
        "city": "Пермь"
      },
      "geometry": {
        "type": "MultiPolygon",
        "coordinates": [
          [
            [
              [
                56.15987834466859,
                57.966909464859604
              ],
              [
                56.153285468384354,
                57.96498609198994
              ],
              [
                56.15622558504469,
                57.96342013137476
              ],
              [
                56.159417879741376,
                57.962466671083284
              ],
              [
                56.163056458271456,
                57.96133486193864
              ],
              [
                56.1764673911939,
                57.95938321714874
              ],
              [
                56.177979457555445,
                57.95989923824575
              ],
              [
                56.17960271456572,
                57.96031471116526
              ],
              [
                56.181345978176076,
                57.96083941518166
              ],
              [
                56.18157249555317,
                57.960900536926275
              ],
              [
                56.180869853152664,
                57.96160437458105
              ],
              [
                56.19098781711793,
                57.96463421645826
              ],
              [
                56.19240435023169,
                57.9647755892362
              ],
              [
                56.18936768298156,
                57.967744881978376
              ],
              [
                56.18539373740903,
                57.96654791425428
              ],
              [
                56.182420008848474,
                57.96566099733757
              ],
              [
                56.181179277822444,
                57.96636174571919
              ],
              [
                56.179647734991875,
                57.966684545104556
              ],
              [
                56.179190778975176,
                57.96702873022954
              ],
              [
                56.177685711200475,
                57.96678758478569
              ],
              [
                56.17729146915975,
                57.96736359111006
              ],
              [
                56.17653063652038,
                57.96730804322984
              ],
              [
                56.175203274274025,
                57.968217899446735
              ],
              [
                56.17369984767218,
                57.96790439807103
              ],
              [
                56.17246542258414,
                57.96950186536535
              ],
              [
                56.16170823215729,
                57.96623488690046
              ],
              [
                56.15987834466859,
                57.966909464859604
              ]
            ]
          ]
        ]
      }
    },
    {
      "type": "Feature",
      "properties": {
        "qc_id": 51,
        "fid": 52,
        "name": "Рязанка",
        "original_name": null,
        "explainer": "Иногда выделяется как отдельный небольшой промышленный район. На ул. Рязанской сосредоточена часть предприятий Индустриального района, из-за чего сама улица ассоциируется с производством.",
        "Тип названия": "Ассоциация с объектом",
        "idlabel": null,
        "auxiliary_storage_labeling_labelrotation": null,
        "auxiliary_storage_labeling_positionx": null,
        "auxiliary_storage_labeling_positiony": null,
        "auxiliary_storage_labeling_lineanchorpercent": null,
        "auxiliary_storage_labeling_lineanchorclipping": null,
        "auxiliary_storage_labeling_lineanchortype": null,
        "auxiliary_storage_labeling_lineanchortextpoint": null,
        "auxiliary_storage_labeling_show": null,
        "auxiliary_storage_callouts_originx": null,
        "auxiliary_storage_callouts_originy": null,
        "auxiliary_storage_callouts_destinationx": null,
        "auxiliary_storage_callouts_destinationy": null,
        "city": "Пермь"
      },
      "geometry": {
        "type": "MultiPolygon",
        "coordinates": [
          [
            [
              [
                56.17066101384385,
                57.971400873156924
              ],
              [
                56.184227393695664,
                57.97535798319618
              ],
              [
                56.185208324917916,
                57.97412037767045
              ],
              [
                56.18643848935973,
                57.97239258728502
              ],
              [
                56.18817336753057,
                57.97211439538223
              ],
              [
                56.19013891561759,
                57.971866576680156
              ],
              [
                56.19256485584203,
                57.97172289844774
              ],
              [
                56.19628982099537,
                57.972848235492194
              ],
              [
                56.198745165724205,
                57.97350487917616
              ],
              [
                56.200110302083786,
                57.972103246010896
              ],
              [
                56.20060489091223,
                57.971896629694086
              ],
              [
                56.2020699840634,
                57.97211555571234
              ],
              [
                56.202571627585506,
                57.971590771266186
              ],
              [
                56.203897426123184,
                57.971953441325084
              ],
              [
                56.204186577511315,
                57.971803380480814
              ],
              [
                56.202471430461095,
                57.97119961892446
              ],
              [
                56.20180830788269,
                57.97102912459437
              ],
              [
                56.2017995214352,
                57.97081211159832
              ],
              [
                56.19941733891185,
                57.97021858415403
              ],
              [
                56.19846407037926,
                57.96963402534258
              ],
              [
                56.193977293529606,
                57.97064706742608
              ],
              [
                56.1914811102237,
                57.970891572904556
              ],
              [
                56.18790751941801,
                57.96822191444617
              ],
              [
                56.18692320390441,
                57.96841811962478
              ],
              [
                56.186410379857946,
                57.968226809434874
              ],
              [
                56.18710316610316,
                57.96708136052338
              ],
              [
                56.182420008848474,
                57.96566099733757
              ],
              [
                56.181179277822444,
                57.96636174571919
              ],
              [
                56.179647734991875,
                57.966684545104556
              ],
              [
                56.179190778975176,
                57.96702873022954
              ],
              [
                56.177685711200475,
                57.96678758478569
              ],
              [
                56.17729146915975,
                57.96736359111006
              ],
              [
                56.17653063652038,
                57.96730804322984
              ],
              [
                56.175203274274025,
                57.968217899446735
              ],
              [
                56.17369984767218,
                57.96790439807103
              ],
              [
                56.17246542258414,
                57.96950186536535
              ],
              [
                56.17066101384385,
                57.971400873156924
              ]
            ]
          ]
        ]
      }
    },
    {
      "type": "Feature",
      "properties": {
        "qc_id": 54,
        "fid": 55,
        "name": "Ераничи",
        "original_name": null,
        "explainer": "Официальное название микрорайона, иногда подразделяется на старые Ераничи и новые Ераничи. Ераничи в Перми получили название от одноимённой деревни, существовавшей на этом месте с дореволюционных времён. Считается, что топоним произошёл от фамилии первых поселенцев или местного рода. В советское время территория вошла в городскую черту, и на ее основе начал формироваться жилой микрорайон, сохранивший историческое название.",
        "Тип названия": "Реальное название",
        "idlabel": null,
        "auxiliary_storage_labeling_labelrotation": null,
        "auxiliary_storage_labeling_positionx": null,
        "auxiliary_storage_labeling_positiony": null,
        "auxiliary_storage_labeling_lineanchorpercent": null,
        "auxiliary_storage_labeling_lineanchorclipping": null,
        "auxiliary_storage_labeling_lineanchortype": null,
        "auxiliary_storage_labeling_lineanchortextpoint": null,
        "auxiliary_storage_labeling_show": 1,
        "auxiliary_storage_callouts_originx": null,
        "auxiliary_storage_callouts_originy": null,
        "auxiliary_storage_callouts_destinationx": null,
        "auxiliary_storage_callouts_destinationy": null,
        "city": "Пермь"
      },
      "geometry": {
        "type": "MultiPolygon",
        "coordinates": [
          [
            [
              [
                56.2160535464024,
                57.98028960164635
              ],
              [
                56.216355728702844,
                57.981759408819876
              ],
              [
                56.215683449406335,
                57.97831368651605
              ],
              [
                56.21826623661804,
                57.97756184903816
              ],
              [
                56.221843329964784,
                57.976135496191546
              ],
              [
                56.21994491200512,
                57.97526191559229
              ],
              [
                56.21800758707875,
                57.97448601613999
              ],
              [
                56.2156386559481,
                57.973217679890084
              ],
              [
                56.213042270193014,
                57.97224173916885
              ],
              [
                56.2104593768511,
                57.970658542995
              ],
              [
                56.20944275281109,
                57.96994699281697
              ],
              [
                56.207682772153305,
                57.9678399246944
              ],
              [
                56.206076488208794,
                57.965459532020226
              ],
              [
                56.205259548398445,
                57.964063547396876
              ],
              [
                56.20513770000458,
                57.96290698235983
              ],
              [
                56.20545419890404,
                57.96192946567981
              ],
              [
                56.20527887250546,
                57.96235823492812
              ],
              [
                56.203119858232725,
                57.96228846685113
              ],
              [
                56.203649265679864,
                57.96289027829105
              ],
              [
                56.20303622103033,
                57.965988937725136
              ],
              [
                56.203835588171806,
                57.96798995774067
              ],
              [
                56.20273849240582,
                57.96836637715652
              ],
              [
                56.19846407037926,
                57.96963402534258
              ],
              [
                56.19941733891185,
                57.97021858415403
              ],
              [
                56.2017995214352,
                57.97081211159832
              ],
              [
                56.20180830788269,
                57.97102912459437
              ],
              [
                56.202471430461095,
                57.97119961892446
              ],
              [
                56.204186577511315,
                57.971803380480814
              ],
              [
                56.203897426123184,
                57.971953441325084
              ],
              [
                56.202571627585506,
                57.971590771266186
              ],
              [
                56.2020699840634,
                57.97211555571234
              ],
              [
                56.20060489091223,
                57.971896629694086
              ],
              [
                56.200110302083786,
                57.972103246010896
              ],
              [
                56.19874870436178,
                57.973501246095005
              ],
              [
                56.20171232090693,
                57.97435167857554
              ],
              [
                56.19988969951229,
                57.976106907333325
              ],
              [
                56.206871244744384,
                57.97812096082304
              ],
              [
                56.21302598708258,
                57.97990931143028
              ],
              [
                56.214623411128414,
                57.980320555245164
              ],
              [
                56.2160535464024,
                57.98028960164635
              ]
            ]
          ]
        ]
      }
    },
    {
      "type": "Feature",
      "properties": {
        "qc_id": 55,
        "fid": 56,
        "name": "Январский",
        "original_name": "Новый Январский",
        "explainer": "Официальное название микрорайона – Новый Январский. Дело в том, что Январских в Перми целых два. Его история начинается с 1930-х годов, когда на месте бывших лесных дач появились первые частные дома и столовая, а поселок получил название Январский, предположительно из-за времени начала строительства . В 1971 году, чтобы избежать путаницы с одноимённым микрорайоном в Орджоникидзевском районе, поселок официально переименовали в Лесной, однако новое название не прижилось, и жители продолжали называть его Январским. Впоследствии, для различения двух районов, за ним закрепилось название Новый Январский. Микрорайон Январский (не новый, обычный) находится в совершенно другой части города и никак не связан с этим Январским.",
        "Тип названия": "Историческая ассоциация",
        "idlabel": null,
        "auxiliary_storage_labeling_labelrotation": null,
        "auxiliary_storage_labeling_positionx": null,
        "auxiliary_storage_labeling_positiony": null,
        "auxiliary_storage_labeling_lineanchorpercent": null,
        "auxiliary_storage_labeling_lineanchorclipping": null,
        "auxiliary_storage_labeling_lineanchortype": null,
        "auxiliary_storage_labeling_lineanchortextpoint": null,
        "auxiliary_storage_labeling_show": null,
        "auxiliary_storage_callouts_originx": null,
        "auxiliary_storage_callouts_originy": null,
        "auxiliary_storage_callouts_destinationx": null,
        "auxiliary_storage_callouts_destinationy": null,
        "city": "Пермь"
      },
      "geometry": {
        "type": "MultiPolygon",
        "coordinates": [
          [
            [
              [
                55.95672806115295,
                58.01398609190516
              ],
              [
                55.959774878099836,
                58.01552555421674
              ],
              [
                55.96361746940929,
                58.016482609546344
              ],
              [
                55.968386782088125,
                58.0174470623164
              ],
              [
                55.97318848362912,
                58.019192660475326
              ],
              [
                55.97473847731653,
                58.02027550204904
              ],
              [
                55.97568816108345,
                58.02138242295449
              ],
              [
                55.97825485560318,
                58.01932021591788
              ],
              [
                55.9826294491532,
                58.020772742053424
              ],
              [
                55.983513853574756,
                58.02034588400293
              ],
              [
                55.98337494965188,
                58.01947692686232
              ],
              [
                55.981871836480074,
                58.018654920898015
              ],
              [
                55.98205013137147,
                58.01813563807247
              ],
              [
                55.98370405972887,
                58.01748350481087
              ],
              [
                55.9808884814633,
                58.01590579105633
              ],
              [
                55.97044572820454,
                58.01190368655162
              ],
              [
                55.96343297116369,
                58.00933920006393
              ],
              [
                55.95672806115295,
                58.01398609190516
              ]
            ]
          ]
        ]
      }
    },
    {
      "type": "Feature",
      "properties": {
        "qc_id": 56,
        "fid": 57,
        "name": "ДКЖ",
        "original_name": null,
        "explainer": "Официальное название микрорайона – микрорайон ДКЖ. ДКЖ – дом культуры железнодорожников, который находится как раз в этом микрорайоне. Район начал активно застраиваться в 1950–1960-х годах вокруг этого центра культурной жизни, который стал важной городской точкой притяжения. Вблизи находились общежития и дома для железнодорожников, а также объекты инфраструктуры, связанные с транспортной отраслью.",
        "Тип названия": "Ассоциация с объектом",
        "idlabel": null,
        "auxiliary_storage_labeling_labelrotation": null,
        "auxiliary_storage_labeling_positionx": null,
        "auxiliary_storage_labeling_positiony": null,
        "auxiliary_storage_labeling_lineanchorpercent": null,
        "auxiliary_storage_labeling_lineanchorclipping": null,
        "auxiliary_storage_labeling_lineanchortype": null,
        "auxiliary_storage_labeling_lineanchortextpoint": null,
        "auxiliary_storage_labeling_show": null,
        "auxiliary_storage_callouts_originx": null,
        "auxiliary_storage_callouts_originy": null,
        "auxiliary_storage_callouts_destinationx": null,
        "auxiliary_storage_callouts_destinationy": null,
        "city": "Пермь"
      },
      "geometry": {
        "type": "MultiPolygon",
        "coordinates": [
          [
            [
              [
                56.166577185183925,
                57.99569851329704
              ],
              [
                56.169199379682595,
                57.99566200582947
              ],
              [
                56.17198273857665,
                57.995448728097685
              ],
              [
                56.17430972411637,
                57.99494315186931
              ],
              [
                56.17823745091606,
                57.9935221962271
              ],
              [
                56.18371880764727,
                57.99682630690007
              ],
              [
                56.186820130932084,
                57.99580476996395
              ],
              [
                56.1870967479638,
                57.99561850783884
              ],
              [
                56.18809415330726,
                57.99608048669615
              ],
              [
                56.18864001621902,
                57.99603334533472
              ],
              [
                56.18905743191827,
                57.996245731803995
              ],
              [
                56.190099421206064,
                57.99594139652499
              ],
              [
                56.190538206672464,
                57.99641426284473
              ],
              [
                56.19122441487271,
                57.99678745381626
              ],
              [
                56.191989967585684,
                57.996662143326375
              ],
              [
                56.19153256086216,
                57.99580587266373
              ],
              [
                56.192674836674485,
                57.99567548033292
              ],
              [
                56.19347906941706,
                57.99649464641394
              ],
              [
                56.195341818724955,
                57.997360216084836
              ],
              [
                56.19709989251623,
                57.99789417677648
              ],
              [
                56.198276667692035,
                57.998225899196115
              ],
              [
                56.19781772942001,
                57.999172328482054
              ],
              [
                56.1971381137533,
                58.00032514611431
              ],
              [
                56.19586468505714,
                58.00122832436523
              ],
              [
                56.19486312577142,
                58.00154742662915
              ],
              [
                56.19355267480869,
                58.00166930252486
              ],
              [
                56.19289040980192,
                58.00163306269714
              ],
              [
                56.18957087120902,
                57.997488308857214
              ],
              [
                56.188587531489766,
                57.997736709540156
              ],
              [
                56.1863168006428,
                57.99862334070925
              ],
              [
                56.18328097813384,
                57.99988702481216
              ],
              [
                56.18464395515272,
                58.00079689748324
              ],
              [
                56.184579931910605,
                58.00117848869202
              ],
              [
                56.18500329361444,
                58.00203335793146
              ],
              [
                56.180099665063686,
                58.00261749536004
              ],
              [
                56.17496908296634,
                58.00298932182884
              ],
              [
                56.171559610268886,
                58.003155200784995
              ],
              [
                56.168742998756116,
                58.003333135891836
              ],
              [
                56.16816024716301,
                58.00061613345056
              ],
              [
                56.16773953300692,
                57.999796262183594
              ],
              [
                56.166577185183925,
                57.99569851329704
              ]
            ]
          ]
        ]
      }
    },
    {
      "type": "Feature",
      "properties": {
        "qc_id": 57,
        "fid": 58,
        "name": "Верхние муллы",
        "original_name": null,
        "explainer": "Верхние Муллы — это один из старейших микрорайонов Перми, ранее представлявший собой отдельную деревню, основанную, по данным архивов, в XVII веке. Название, вероятно, связано с географическим положением — деревня находилась выше по течению реки Мулянки, в отличие от Нижних Муллов. В XX веке Верхние Муллы были включены в состав города и стали частью жилой застройки Индустриального района, сохранив своё историческое имя.",
        "Тип названия": "Реальное название",
        "idlabel": null,
        "auxiliary_storage_labeling_labelrotation": null,
        "auxiliary_storage_labeling_positionx": null,
        "auxiliary_storage_labeling_positiony": null,
        "auxiliary_storage_labeling_lineanchorpercent": null,
        "auxiliary_storage_labeling_lineanchorclipping": null,
        "auxiliary_storage_labeling_lineanchortype": null,
        "auxiliary_storage_labeling_lineanchortextpoint": null,
        "auxiliary_storage_labeling_show": null,
        "auxiliary_storage_callouts_originx": null,
        "auxiliary_storage_callouts_originy": null,
        "auxiliary_storage_callouts_destinationx": null,
        "auxiliary_storage_callouts_destinationy": null,
        "city": "Пермь"
      },
      "geometry": {
        "type": "MultiPolygon",
        "coordinates": [
          [
            [
              [
                56.1049269,
                57.9362906
              ],
              [
                56.1251273684569,
                57.94594100331535
              ],
              [
                56.128319163758576,
                57.94982814329087
              ],
              [
                56.129192100038274,
                57.95181967969418
              ],
              [
                56.130537191019556,
                57.9538541498185
              ],
              [
                56.1321330423013,
                57.95479164406934
              ],
              [
                56.13446786217221,
                57.95400010174705
              ],
              [
                56.13673266263071,
                57.953009486296885
              ],
              [
                56.13665247876084,
                57.952201484027
              ],
              [
                56.1357549297981,
                57.95121584682208
              ],
              [
                56.13603505259772,
                57.94992052289071
              ],
              [
                56.13571201255135,
                57.948859365511645
              ],
              [
                56.13328820617998,
                57.94612927372315
              ],
              [
                56.13174541046327,
                57.94404053138705
              ],
              [
                56.15124208494871,
                57.940652818995886
              ],
              [
                56.15484660821746,
                57.94004041948267
              ],
              [
                56.153951854038276,
                57.943390114873345
              ],
              [
                56.151788955371536,
                57.94514030896307
              ],
              [
                56.147685397844,
                57.946125342767736
              ],
              [
                56.14390814953314,
                57.95072304332641
              ],
              [
                56.1429031551966,
                57.95114725347924
              ],
              [
                56.14196620941438,
                57.951806995756066
              ],
              [
                56.142682965040976,
                57.95265420343985
              ],
              [
                56.14227535064793,
                57.95274940452438
              ],
              [
                56.14065049270278,
                57.95289515299237
              ],
              [
                56.13830962159353,
                57.953702092264635
              ],
              [
                56.14617799448743,
                57.95890123311466
              ],
              [
                56.147160151719895,
                57.9594465500605
              ],
              [
                56.149942937938576,
                57.96099810268616
              ],
              [
                56.151796951818675,
                57.962087933691194
              ],
              [
                56.15245845918078,
                57.96217070441299
              ],
              [
                56.15622558504469,
                57.96342013137476
              ],
              [
                56.153285468384354,
                57.96498609198994
              ],
              [
                56.150284924117024,
                57.968109857329786
              ],
              [
                56.14537008977902,
                57.96633626252367
              ],
              [
                56.14244447468615,
                57.968374917341755
              ],
              [
                56.13869716143914,
                57.96703754937648
              ],
              [
                56.13283999743191,
                57.96612990698194
              ],
              [
                56.130568638238316,
                57.96776329230954
              ],
              [
                56.13007506162941,
                57.97016093707557
              ],
              [
                56.130608685343944,
                57.97285488440719
              ],
              [
                56.13105450872527,
                57.97468039057841
              ],
              [
                56.13166579925531,
                57.97642024047638
              ],
              [
                56.13205937294446,
                57.97815860129304
              ],
              [
                56.132449488777674,
                57.98004157616031
              ],
              [
                56.13232311675805,
                57.980763911551385
              ],
              [
                56.124592,
                57.9813098
              ],
              [
                56.1245732,
                57.9812842
              ],
              [
                56.124592,
                57.9811975
              ],
              [
                56.1245772,
                57.9811143
              ],
              [
                56.1246386,
                57.9810309
              ],
              [
                56.124695,
                57.9807518
              ],
              [
                56.124648,
                57.9805917
              ],
              [
                56.1244524,
                57.9802837
              ],
              [
                56.1241756,
                57.980035399999984
              ],
              [
                56.1241465,
                57.9798268
              ],
              [
                56.1240756,
                57.97974269999999
              ],
              [
                56.1235177,
                57.9798024
              ],
              [
                56.1233997,
                57.9794895
              ],
              [
                56.1228123,
                57.9793942
              ],
              [
                56.1225307,
                57.9793956
              ],
              [
                56.122174,
                57.9794582
              ],
              [
                56.1220613,
                57.97951649999999
              ],
              [
                56.1219433,
                57.9795521
              ],
              [
                56.1218009,
                57.9797177
              ],
              [
                56.1212283,
                57.97984589999999
              ],
              [
                56.1210206,
                57.97984930000001
              ],
              [
                56.1208994,
                57.979833
              ],
              [
                56.1207865,
                57.979513400000016
              ],
              [
                56.1207443,
                57.9794781
              ],
              [
                56.1204439,
                57.9793416
              ],
              [
                56.1202045,
                57.9791223
              ],
              [
                56.1194234,
                57.9789311
              ],
              [
                56.1188226,
                57.9789311
              ],
              [
                56.1187969,
                57.979322499999974
              ],
              [
                56.1181102,
                57.9793316
              ],
              [
                56.1172004,
                57.978922
              ],
              [
                56.1170717,
                57.9785716
              ],
              [
                56.1174064,
                57.9782485
              ],
              [
                56.1179214,
                57.9777296
              ],
              [
                56.118651,
                57.9773155
              ],
              [
                56.119432,
                57.977179
              ],
              [
                56.1201015,
                57.9769514
              ],
              [
                56.1207281,
                57.9769741
              ],
              [
                56.1209684,
                57.9767648
              ],
              [
                56.1208997,
                57.9763552
              ],
              [
                56.1198783,
                57.97591820000001
              ],
              [
                56.1197067,
                57.975545
              ],
              [
                56.11913160000001,
                57.9750398
              ],
              [
                56.1189808,
                57.9750406
              ],
              [
                56.1182905,
                57.9750444
              ],
              [
                56.1177926,
                57.9748441
              ],
              [
                56.1173377,
                57.97437979999999
              ],
              [
                56.1171403,
                57.9738518
              ],
              [
                56.1171575,
                57.97366070000001
              ],
              [
                56.1174493,
                57.9735696
              ],
              [
                56.1177412,
                57.9737426
              ],
              [
                56.1181188,
                57.9735878
              ],
              [
                56.1184621,
                57.97313269999999
              ],
              [
                56.1181703,
                57.9730371
              ],
              [
                56.1181875,
                57.9727958
              ],
              [
                56.1189599,
                57.9722587
              ],
              [
                56.1195951,
                57.9721222
              ],
              [
                56.1201444,
                57.9721996
              ],
              [
                56.1208311,
                57.97255
              ],
              [
                56.1215177,
                57.9732328
              ],
              [
                56.1221872,
                57.97339669999999
              ],
              [
                56.1225039,
                57.97342720000002
              ],
              [
                56.1227708,
                57.9734194
              ],
              [
                56.123406,
                57.973405800000016
              ],
              [
                56.1245218,
                57.972991599999986
              ],
              [
                56.1250411,
                57.972607
              ],
              [
                56.1253753,
                57.9720217
              ],
              [
                56.1253445,
                57.9716838
              ],
              [
                56.1248467,
                57.9713746
              ],
              [
                56.1245806,
                57.971148
              ],
              [
                56.1244669,
                57.9710356
              ],
              [
                56.1241381,
                57.971014400000016
              ],
              [
                56.1233459,
                57.9710889
              ],
              [
                56.12253050000001,
                57.9713939
              ],
              [
                56.1215864,
                57.9713165
              ],
              [
                56.1201616,
                57.9710297
              ],
              [
                56.1193719,
                57.9707657
              ],
              [
                56.1184879,
                57.96984160000002
              ],
              [
                56.1186166,
                57.96935
              ],
              [
                56.122169,
                57.9685035
              ],
              [
                56.1223471,
                57.968314700000015
              ],
              [
                56.1222602,
                57.968162900000024
              ],
              [
                56.1222422,
                57.9680048
              ],
              [
                56.1214149,
                57.9674559
              ],
              [
                56.1198431,
                57.96688969999998
              ],
              [
                56.1194756,
                57.966880499999974
              ],
              [
                56.1185649,
                57.96659660000001
              ],
              [
                56.1189999,
                57.9662107
              ],
              [
                56.1183001,
                57.96598680000001
              ],
              [
                56.1178145,
                57.9658556
              ],
              [
                56.1186845,
                57.96300530000001
              ],
              [
                56.1207127,
                57.9603542
              ],
              [
                56.1211973,
                57.9597741
              ],
              [
                56.1216725,
                57.95930980000002
              ],
              [
                56.122208,
                57.9582818
              ],
              [
                56.1242151,
                57.9572342
              ],
              [
                56.1231087,
                57.9565242
              ],
              [
                56.1216113,
                57.9556513
              ],
              [
                56.1204578,
                57.9553731
              ],
              [
                56.1197361,
                57.9562306
              ],
              [
                56.1191859,
                57.956038
              ],
              [
                56.1193014,
                57.9544998
              ],
              [
                56.1130876,
                57.953668
              ],
              [
                56.1072403,
                57.9521165
              ],
              [
                56.098292,
                57.95029610000001
              ],
              [
                56.1049269,
                57.9362906
              ]
            ]
          ]
        ]
      }
    },
    {
      "type": "Feature",
      "properties": {
        "qc_id": 58,
        "fid": 59,
        "name": "Балатовский парк",
        "original_name": "Черняевский лес",
        "explainer": "Под Балатовским парком часто понимают не только часть, которая так и называется, но и весь Черняевский лес. Черняевский лес — это крупнейшая зелёная зона Перми, расположенная в Свердловском районе, между Камой и микрорайонами Балатово, Гайва и Южный. Он получил своё название по фамилии лесничего Ивана Черняева, который в XIX веке активно занимался восстановлением и охраной лесных массивов в окрестностях города. Лес выполняет важную экологическую – защищает основную часть города от выбросов ПНОСа функцию, используется как место отдыха и включает природные тропы, лыжную базу.",
        "Тип названия": "Ассоциация с объектом",
        "idlabel": null,
        "auxiliary_storage_labeling_labelrotation": null,
        "auxiliary_storage_labeling_positionx": null,
        "auxiliary_storage_labeling_positiony": null,
        "auxiliary_storage_labeling_lineanchorpercent": null,
        "auxiliary_storage_labeling_lineanchorclipping": null,
        "auxiliary_storage_labeling_lineanchortype": null,
        "auxiliary_storage_labeling_lineanchortextpoint": null,
        "auxiliary_storage_labeling_show": null,
        "auxiliary_storage_callouts_originx": null,
        "auxiliary_storage_callouts_originy": null,
        "auxiliary_storage_callouts_destinationx": null,
        "auxiliary_storage_callouts_destinationy": null,
        "city": "Пермь"
      },
      "geometry": {
        "type": "MultiPolygon",
        "coordinates": [
          [
            [
              [
                56.13232311675805,
                57.980763911551385
              ],
              [
                56.1366471087887,
                57.99165593226229
              ],
              [
                56.136787238429164,
                57.99251017904283
              ],
              [
                56.13682549501207,
                57.992512686949894
              ],
              [
                56.138956113792915,
                57.992560920364106
              ],
              [
                56.14886241204673,
                57.9928386555258
              ],
              [
                56.15335587349441,
                57.993142895306484
              ],
              [
                56.15691577154919,
                57.99393054080713
              ],
              [
                56.16157693475258,
                57.994960426332504
              ],
              [
                56.16416582976851,
                57.99547700177038
              ],
              [
                56.166577185183925,
                57.99569851329704
              ],
              [
                56.169199379682595,
                57.99566200582947
              ],
              [
                56.17198273857665,
                57.995448728097685
              ],
              [
                56.17430972411637,
                57.99494315186931
              ],
              [
                56.17823745091606,
                57.9935221962271
              ],
              [
                56.18371880764727,
                57.99682630690007
              ],
              [
                56.186820130932084,
                57.99580476996395
              ],
              [
                56.1870967479638,
                57.99561850783884
              ],
              [
                56.18809415330726,
                57.99608048669615
              ],
              [
                56.18864001621902,
                57.99603334533472
              ],
              [
                56.18905743191827,
                57.996245731803995
              ],
              [
                56.190099421206064,
                57.99594139652499
              ],
              [
                56.190538206672464,
                57.99641426284473
              ],
              [
                56.19122441487271,
                57.99678745381626
              ],
              [
                56.191989967585684,
                57.996662143326375
              ],
              [
                56.19153256086216,
                57.99580587266373
              ],
              [
                56.192674836674485,
                57.99567548033292
              ],
              [
                56.192380008398935,
                57.99437639854277
              ],
              [
                56.19334282808278,
                57.9925756769647
              ],
              [
                56.19536576674128,
                57.99073532811104
              ],
              [
                56.19376243845372,
                57.992185987767265
              ],
              [
                56.19148278950124,
                57.99166890343422
              ],
              [
                56.19148870435812,
                57.98959338162785
              ],
              [
                56.18890645135766,
                57.98876697018309
              ],
              [
                56.18714413731908,
                57.98721532329871
              ],
              [
                56.184494461110404,
                57.985173426683325
              ],
              [
                56.18110131945195,
                57.98290973127534
              ],
              [
                56.17892381575385,
                57.98168073018169
              ],
              [
                56.176595899962024,
                57.98048687712474
              ],
              [
                56.17394758589024,
                57.97961633765856
              ],
              [
                56.16130862978751,
                57.974993438120926
              ],
              [
                56.15962926569747,
                57.97436021745415
              ],
              [
                56.152544930070206,
                57.97684146804634
              ],
              [
                56.151341924945946,
                57.97608555987345
              ],
              [
                56.14964326188709,
                57.975220431608456
              ],
              [
                56.14943090994824,
                57.974193148185094
              ],
              [
                56.14907780479361,
                57.97332376600874
              ],
              [
                56.14410385508953,
                57.96982230690422
              ],
              [
                56.14244447468615,
                57.968374917341755
              ],
              [
                56.13869716143914,
                57.96703754937648
              ],
              [
                56.13283999743191,
                57.96612990698194
              ],
              [
                56.130568638238316,
                57.96776329230954
              ],
              [
                56.13007506162941,
                57.97016093707557
              ],
              [
                56.130608685343944,
                57.97285488440719
              ],
              [
                56.13105450872527,
                57.97468039057841
              ],
              [
                56.13166579925531,
                57.97642024047638
              ],
              [
                56.13205937294446,
                57.97815860129304
              ],
              [
                56.132449488777674,
                57.98004157616031
              ],
              [
                56.13232311675805,
                57.980763911551385
              ]
            ]
          ]
        ]
      }
    },
    {
      "type": "Feature",
      "properties": {
        "qc_id": 60,
        "fid": 61,
        "name": "Красный октябрь",
        "original_name": null,
        "explainer": "Микрорайон назван по названию завода на его территории. Завод Красный октябрь работает в сфере деревообрабатывающей промышленности.",
        "Тип названия": "Реальное название",
        "idlabel": null,
        "auxiliary_storage_labeling_labelrotation": null,
        "auxiliary_storage_labeling_positionx": null,
        "auxiliary_storage_labeling_positiony": null,
        "auxiliary_storage_labeling_lineanchorpercent": null,
        "auxiliary_storage_labeling_lineanchorclipping": null,
        "auxiliary_storage_labeling_lineanchortype": null,
        "auxiliary_storage_labeling_lineanchortextpoint": null,
        "auxiliary_storage_labeling_show": null,
        "auxiliary_storage_callouts_originx": null,
        "auxiliary_storage_callouts_originy": null,
        "auxiliary_storage_callouts_destinationx": null,
        "auxiliary_storage_callouts_destinationy": null,
        "city": "Пермь"
      },
      "geometry": {
        "type": "MultiPolygon",
        "coordinates": [
          [
            [
              [
                56.13677817757105,
                58.0098102679301
              ],
              [
                56.137016561452434,
                58.009106648320966
              ],
              [
                56.13688593036413,
                58.008400526048234
              ],
              [
                56.13646340771332,
                58.007555293903756
              ],
              [
                56.13482135446509,
                58.00678013458424
              ],
              [
                56.13313442479258,
                58.006337676575605
              ],
              [
                56.13217506695056,
                58.00633113793553
              ],
              [
                56.130062832448345,
                58.006688924721225
              ],
              [
                56.12858878818161,
                58.00660047995764
              ],
              [
                56.126974310331704,
                58.006217205811105
              ],
              [
                56.12610689235555,
                58.00546683464995
              ],
              [
                56.12626736734925,
                58.00493900832886
              ],
              [
                56.12825051895316,
                58.003816393115116
              ],
              [
                56.12996966613226,
                58.00216301431299
              ],
              [
                56.13177941776143,
                58.001333008037435
              ],
              [
                56.13452676968852,
                58.00063669145278
              ],
              [
                56.137095043481914,
                58.00047782456609
              ],
              [
                56.14095100600597,
                58.000474530176746
              ],
              [
                56.14469442319162,
                58.00054872211888
              ],
              [
                56.14812008241539,
                58.00079698604084
              ],
              [
                56.14961620280644,
                58.00150243461536
              ],
              [
                56.15144257720719,
                58.002288427542354
              ],
              [
                56.15387202656062,
                58.003323278749924
              ],
              [
                56.15619114349458,
                58.003563961501406
              ],
              [
                56.1564911,
                58.0063843
              ],
              [
                56.1563114,
                58.0064625
              ],
              [
                56.156121,
                58.0065516
              ],
              [
                56.1559474,
                58.0066345
              ],
              [
                56.1557413,
                58.0067393
              ],
              [
                56.1555267,
                58.006848699999985
              ],
              [
                56.1553315,
                58.006957
              ],
              [
                56.1551474,
                58.0070635
              ],
              [
                56.1549673,
                58.007175
              ],
              [
                56.1548206,
                58.00726630000001
              ],
              [
                56.1546522,
                58.007381
              ],
              [
                56.1545172,
                58.007485
              ],
              [
                56.1543795,
                58.0075886
              ],
              [
                56.1542396,
                58.007697
              ],
              [
                56.1541122,
                58.0078044
              ],
              [
                56.1539849,
                58.0079213
              ],
              [
                56.1538728,
                58.00802860000002
              ],
              [
                56.1537407,
                58.0081617
              ],
              [
                56.1536243,
                58.0082876
              ],
              [
                56.1535006,
                58.00842019999999
              ],
              [
                56.1533882,
                58.008542
              ],
              [
                56.1532691,
                58.0086852
              ],
              [
                56.1531918,
                58.0087946
              ],
              [
                56.153119,
                58.0089028
              ],
              [
                56.153049,
                58.00901669999998
              ],
              [
                56.1529813,
                58.00914069999999
              ],
              [
                56.1529161,
                58.009264499999986
              ],
              [
                56.1528568,
                58.0093921
              ],
              [
                56.1527929,
                58.0095289
              ],
              [
                56.152739,
                58.00966140000002
              ],
              [
                56.1527037,
                58.0097717
              ],
              [
                56.1526668,
                58.00987939999999
              ],
              [
                56.1526405,
                58.009977
              ],
              [
                56.1526114,
                58.01008629999998
              ],
              [
                56.1524817,
                58.010556600000015
              ],
              [
                56.1522801,
                58.01091070000001
              ],
              [
                56.14996241356635,
                58.01056289901036
              ],
              [
                56.149407187978525,
                58.0109931048952
              ],
              [
                56.1479434137009,
                58.01066510864991
              ],
              [
                56.14604303439438,
                58.010363094303116
              ],
              [
                56.14533462656065,
                58.0103583389446
              ],
              [
                56.144088194913316,
                58.010060685180726
              ],
              [
                56.14169745315585,
                58.00975530682481
              ],
              [
                56.13902179365264,
                58.00996865548594
              ],
              [
                56.1385754322429,
                58.01039955108651
              ],
              [
                56.1379236042696,
                58.01030835420474
              ],
              [
                56.138155480306736,
                58.009731369827456
              ],
              [
                56.13677817757105,
                58.0098102679301
              ]
            ]
          ]
        ]
      }
    },
    {
      "type": "Feature",
      "properties": {
        "qc_id": 70,
        "fid": 71,
        "name": "Разгуляй",
        "original_name": null,
        "explainer": "Микрорайон Разгуляй в Перми получил своё название в конце XVIII века, и существует две основные версии его происхождения. По первой версии, название связано с тем, что в этом районе находился один из первых питейных домов в Перми, где рабочие и грузчики с пристаней проводили время за весельем и распитием напитков . По другой версии, топоним произошёл от небольшого озера или пруда в пойме реки Егошихи, по которому катались на лодках служащие заводского управления в обеденное время или после работы .",
        "Тип названия": "Реальное название",
        "idlabel": null,
        "auxiliary_storage_labeling_labelrotation": null,
        "auxiliary_storage_labeling_positionx": null,
        "auxiliary_storage_labeling_positiony": null,
        "auxiliary_storage_labeling_lineanchorpercent": null,
        "auxiliary_storage_labeling_lineanchorclipping": null,
        "auxiliary_storage_labeling_lineanchortype": null,
        "auxiliary_storage_labeling_lineanchortextpoint": null,
        "auxiliary_storage_labeling_show": null,
        "auxiliary_storage_callouts_originx": null,
        "auxiliary_storage_callouts_originy": null,
        "auxiliary_storage_callouts_destinationx": null,
        "auxiliary_storage_callouts_destinationy": null,
        "city": "Пермь"
      },
      "geometry": {
        "type": "MultiPolygon",
        "coordinates": [
          [
            [
              [
                56.24476114357183,
                58.01897296031958
              ],
              [
                56.24646372882625,
                58.01704501576377
              ],
              [
                56.24896404033418,
                58.01443478135007
              ],
              [
                56.25394137947922,
                58.00941055791999
              ],
              [
                56.263859857243766,
                58.01208624010703
              ],
              [
                56.26574355942506,
                58.01458487208444
              ],
              [
                56.266125078170525,
                58.01591772936269
              ],
              [
                56.265781472201226,
                58.01672571272185
              ],
              [
                56.26732153917354,
                58.017385451618885
              ],
              [
                56.268183288039396,
                58.01789663698912
              ],
              [
                56.266979424621134,
                58.018121128295206
              ],
              [
                56.26593669663584,
                58.018462246870996
              ],
              [
                56.262401664763,
                58.01938194915621
              ],
              [
                56.260810190831265,
                58.019893408899755
              ],
              [
                56.25930402270987,
                58.02023178135458
              ],
              [
                56.256771425995815,
                58.02044482188986
              ],
              [
                56.252199004108334,
                58.01880534286297
              ],
              [
                56.24985626271697,
                58.01939180054817
              ],
              [
                56.248387076095995,
                58.019587433259865
              ],
              [
                56.24677411645235,
                58.019165684005536
              ],
              [
                56.24476114357183,
                58.01897296031958
              ]
            ]
          ]
        ]
      }
    },
    {
      "type": "Feature",
      "properties": {
        "qc_id": 71,
        "fid": 72,
        "name": "Рабочий поселок",
        "original_name": null,
        "explainer": "Микрорайон Рабочий посёлок в Перми начал формироваться в 1928 году как жилой комплекс для рабочих Мотовилихинского завода. Он стал первой регулярной застройкой города, с кварталами двух- и трёхэтажных кирпичных домов, а также объектами социальной инфраструктуры, такими как фабрика-кухня, баня-прачечная и больница. В 1970–1980-х годах район был дополнительно застроен 9-, 14- и 16- этажными домами по улицам Уральская, КИМ и Инженерная. Сегодня Рабочий посёлок остаётся одним из значимых микрорайонов Перми, сохраняя элементы исторической застройки и инфраструктуры.",
        "Тип названия": "Реальное название",
        "idlabel": null,
        "auxiliary_storage_labeling_labelrotation": 342.49664707727794,
        "auxiliary_storage_labeling_positionx": 456320.75009175873,
        "auxiliary_storage_labeling_positiony": 6432339.296967172,
        "auxiliary_storage_labeling_lineanchorpercent": null,
        "auxiliary_storage_labeling_lineanchorclipping": null,
        "auxiliary_storage_labeling_lineanchortype": null,
        "auxiliary_storage_labeling_lineanchortextpoint": null,
        "auxiliary_storage_labeling_show": null,
        "auxiliary_storage_callouts_originx": null,
        "auxiliary_storage_callouts_originy": null,
        "auxiliary_storage_callouts_destinationx": null,
        "auxiliary_storage_callouts_destinationy": null,
        "photos": [
          {
            "src": "/images/descriptions/image_24_1.jpeg",
            "alt": "Рабочий поселок"
          }
        ],
        "city": "Пермь"
      },
      "geometry": {
        "type": "MultiPolygon",
        "coordinates": [
          [
            [
              [
                56.30686211798422,
                58.033160860440944
              ],
              [
                56.30780020962659,
                58.0323946282795
              ],
              [
                56.310030023582804,
                58.033107055433504
              ],
              [
                56.31212302735948,
                58.03325550687145
              ],
              [
                56.312233773891265,
                58.032296221087314
              ],
              [
                56.312767844733564,
                58.031407783980704
              ],
              [
                56.313527307276,
                58.02935498620752
              ],
              [
                56.313361525850006,
                58.0285042876947
              ],
              [
                56.31201845432597,
                58.02745565977484
              ],
              [
                56.31095083952523,
                58.026263872725615
              ],
              [
                56.31048409995685,
                58.0250174779235
              ],
              [
                56.30958294110464,
                58.02368194420476
              ],
              [
                56.30770061119659,
                58.02234107131003
              ],
              [
                56.306752944440845,
                58.0206002828661
              ],
              [
                56.3064505088933,
                58.0193258389785
              ],
              [
                56.30617105006362,
                58.016865503936984
              ],
              [
                56.30459097066359,
                58.016827953891756
              ],
              [
                56.30473148264814,
                58.0180147370127
              ],
              [
                56.30218701495812,
                58.01991000886976
              ],
              [
                56.30065680020696,
                58.02010410144549
              ],
              [
                56.298817051178126,
                58.01939972739385
              ],
              [
                56.29839740181748,
                58.01855852572272
              ],
              [
                56.29617112114475,
                58.01811232675075
              ],
              [
                56.294852719501925,
                58.01862572001684
              ],
              [
                56.294067398474404,
                58.019749529016764
              ],
              [
                56.2923965910205,
                58.020159696861235
              ],
              [
                56.29191143241487,
                58.019882190283944
              ],
              [
                56.28546133196329,
                58.02211693514609
              ],
              [
                56.284025416113565,
                58.02167495826798
              ],
              [
                56.28280329020274,
                58.02281070471162
              ],
              [
                56.28263193285423,
                58.02320025694274
              ],
              [
                56.285312794362866,
                58.02409761689031
              ],
              [
                56.28308668497568,
                58.02499630749839
              ],
              [
                56.28432237825624,
                58.025914468090264
              ],
              [
                56.285404093417824,
                58.0263544530032
              ],
              [
                56.285798285016035,
                58.027094309139905
              ],
              [
                56.28756242747761,
                58.02749471125876
              ],
              [
                56.28763126966881,
                58.02814595866308
              ],
              [
                56.30319525552337,
                58.0325422427665
              ],
              [
                56.30441456902602,
                58.0329394265121
              ],
              [
                56.30634335868318,
                58.03331153861698
              ],
              [
                56.30686211798422,
                58.033160860440944
              ]
            ]
          ]
        ]
      }
    },
    {
      "type": "Feature",
      "properties": {
        "qc_id": 72,
        "fid": 73,
        "name": "Садовик Нижний",
        "original_name": null,
        "explainer": "Сокращение от названия \"Садовый\". Выделяется как южная часть микрорайона, отделяется на севере улицей Уинская.",
        "Тип названия": "Ассоциация с официальным названием",
        "idlabel": null,
        "auxiliary_storage_labeling_labelrotation": null,
        "auxiliary_storage_labeling_positionx": 458568.81915268535,
        "auxiliary_storage_labeling_positiony": 6429023.969729503,
        "auxiliary_storage_labeling_lineanchorpercent": null,
        "auxiliary_storage_labeling_lineanchorclipping": null,
        "auxiliary_storage_labeling_lineanchortype": null,
        "auxiliary_storage_labeling_lineanchortextpoint": null,
        "auxiliary_storage_labeling_show": null,
        "auxiliary_storage_callouts_originx": null,
        "auxiliary_storage_callouts_originy": null,
        "auxiliary_storage_callouts_destinationx": null,
        "auxiliary_storage_callouts_destinationy": null,
        "photos": [
          {
            "src": "/images/descriptions/image_23_1.jpeg",
            "alt": "Микрорайон Садовый",
            "caption": "Микрорайон Садовый"
          }
        ],
        "city": "Пермь"
      },
      "geometry": {
        "type": "MultiPolygon",
        "coordinates": [
          [
            [
              [
                56.29724748066528,
                58.00820189739529
              ],
              [
                56.30896724414779,
                58.00516772896899
              ],
              [
                56.31709166021447,
                58.004744993948464
              ],
              [
                56.315124787620604,
                58.00043994429844
              ],
              [
                56.31179808641819,
                57.99776068693301
              ],
              [
                56.30780482592953,
                57.99577197053486
              ],
              [
                56.30509715356463,
                57.994932783375866
              ],
              [
                56.2994735357947,
                58.00115024455093
              ],
              [
                56.298472513124416,
                58.00218611251685
              ],
              [
                56.29661682752298,
                58.00178282461553
              ],
              [
                56.29619349200381,
                58.00267181041665
              ],
              [
                56.29566577528401,
                58.00417728913085
              ],
              [
                56.29520433410061,
                58.00512482933514
              ],
              [
                56.294940424163094,
                58.00634771650729
              ],
              [
                56.296146008042925,
                58.006971461795075
              ],
              [
                56.29724748066528,
                58.00820189739529
              ]
            ]
          ]
        ]
      }
    },
    {
      "type": "Feature",
      "properties": {
        "qc_id": 74,
        "fid": 75,
        "name": "Висим",
        "original_name": null,
        "explainer": null,
        "Тип названия": "Реальное название",
        "idlabel": null,
        "auxiliary_storage_labeling_labelrotation": null,
        "auxiliary_storage_labeling_positionx": null,
        "auxiliary_storage_labeling_positiony": null,
        "auxiliary_storage_labeling_lineanchorpercent": null,
        "auxiliary_storage_labeling_lineanchorclipping": null,
        "auxiliary_storage_labeling_lineanchortype": null,
        "auxiliary_storage_labeling_lineanchortextpoint": null,
        "auxiliary_storage_labeling_show": null,
        "auxiliary_storage_callouts_originx": null,
        "auxiliary_storage_callouts_originy": null,
        "auxiliary_storage_callouts_destinationx": null,
        "auxiliary_storage_callouts_destinationy": null,
        "city": "Пермь"
      },
      "geometry": {
        "type": "MultiPolygon",
        "coordinates": [
          [
            [
              [
                56.31266001959996,
                58.041788034728555
              ],
              [
                56.30967944127036,
                58.038436289319925
              ],
              [
                56.309360689015264,
                58.036846168638164
              ],
              [
                56.31129740222677,
                58.03489900760959
              ],
              [
                56.311758737021144,
                58.03491619425744
              ],
              [
                56.31219905122325,
                58.03458555268128
              ],
              [
                56.31277617422864,
                58.034823742559254
              ],
              [
                56.31292520641707,
                58.03475598374331
              ],
              [
                56.31310012104967,
                58.03430147247666
              ],
              [
                56.31365120057511,
                58.03397142344092
              ],
              [
                56.31378307669392,
                58.033835008018954
              ],
              [
                56.31393543819343,
                58.03311101887254
              ],
              [
                56.31398577071341,
                58.03289335725954
              ],
              [
                56.313349807103265,
                58.032836057982045
              ],
              [
                56.31337268215975,
                58.032606005088354
              ],
              [
                56.31381599396133,
                58.03259860034768
              ],
              [
                56.31394805192168,
                58.03245239098998
              ],
              [
                56.31345113477349,
                58.03236645715529
              ],
              [
                56.31352911714443,
                58.03215139347093
              ],
              [
                56.31382612406259,
                58.03206973927289
              ],
              [
                56.31429356218409,
                58.03224856287153
              ],
              [
                56.31468930591134,
                58.03231435940991
              ],
              [
                56.31486573805164,
                58.03226143792449
              ],
              [
                56.31488832202991,
                58.03204607530587
              ],
              [
                56.3152952617513,
                58.03200908550865
              ],
              [
                56.31811239350796,
                58.03203550653278
              ],
              [
                56.317545071139406,
                58.03168831511788
              ],
              [
                56.316580063085205,
                58.031259567373596
              ],
              [
                56.31657127161639,
                58.03041237734335
              ],
              [
                56.31646242995422,
                58.02957788668098
              ],
              [
                56.31655343700835,
                58.028731232201345
              ],
              [
                56.316520960398215,
                58.02781773161018
              ],
              [
                56.31653206901675,
                58.02723538024429
              ],
              [
                56.3186118035963,
                58.02677001056646
              ],
              [
                56.3199428161092,
                58.02631384624347
              ],
              [
                56.32061503327626,
                58.0250731938255
              ],
              [
                56.32157037426135,
                58.02337076540556
              ],
              [
                56.3218179245058,
                58.022154315681426
              ],
              [
                56.32207046477288,
                58.02067315945634
              ],
              [
                56.32420965189289,
                58.015707563687926
              ],
              [
                56.32554014408747,
                58.01392767588815
              ],
              [
                56.35085066455683,
                58.02245128120812
              ],
              [
                56.34811098757083,
                58.02357562720772
              ],
              [
                56.34577293683989,
                58.02455637680192
              ],
              [
                56.345080039292604,
                58.025611740794126
              ],
              [
                56.34398842361711,
                58.026638573830716
              ],
              [
                56.34255281190337,
                58.02737241671759
              ],
              [
                56.34267214898691,
                58.02902760561102
              ],
              [
                56.342950665703675,
                58.0301673890442
              ],
              [
                56.34235324813375,
                58.03144825236405
              ],
              [
                56.3392018645827,
                58.03184226904241
              ],
              [
                56.33739411863396,
                58.03244175639187
              ],
              [
                56.33513643928582,
                58.033078579204606
              ],
              [
                56.3334088389034,
                58.033387223969
              ],
              [
                56.332179764292285,
                58.0337249343483
              ],
              [
                56.331645390925615,
                58.0342780668219
              ],
              [
                56.331338050761836,
                58.03470002374783
              ],
              [
                56.33060773171476,
                58.03505357397246
              ],
              [
                56.33017931678001,
                58.03527634280602
              ],
              [
                56.329561654918905,
                58.03527640111428
              ],
              [
                56.32886857452695,
                58.03530584122865
              ],
              [
                56.328290671782064,
                58.03551457912462
              ],
              [
                56.32750391127219,
                58.0358810504651
              ],
              [
                56.3269944907079,
                58.036096762486736
              ],
              [
                56.32592435245264,
                58.03660071010637
              ],
              [
                56.32527417136159,
                58.037000982195806
              ],
              [
                56.32464612310796,
                58.03755027994462
              ],
              [
                56.324277782031196,
                58.03789247691205
              ],
              [
                56.32386195893327,
                58.03810536401137
              ],
              [
                56.32248208482778,
                58.03848519939624
              ],
              [
                56.32222956171483,
                58.0389702999546
              ],
              [
                56.321683104605604,
                58.0394902351356
              ],
              [
                56.31770772628665,
                58.039197645950104
              ],
              [
                56.31683259904621,
                58.03993420269872
              ],
              [
                56.31735163448472,
                58.04085692906285
              ],
              [
                56.31651440115772,
                58.041567213560356
              ],
              [
                56.316186916368004,
                58.04172429439737
              ],
              [
                56.3151509082747,
                58.04173196338583
              ],
              [
                56.31427991433599,
                58.041594910193936
              ],
              [
                56.31266001959996,
                58.041788034728555
              ]
            ]
          ]
        ]
      }
    },
    {
      "type": "Feature",
      "properties": {
        "qc_id": 63,
        "fid": 64,
        "name": "ПНОС",
        "original_name": null,
        "explainer": "ПНОСом (ПермНефтеОргСинтез) понимают не только нефтеперерабатывающий завод, но и комплекс других предприятий, таких как мусорный завод и Сибур.",
        "Тип названия": "Ассоциация с объектом",
        "idlabel": null,
        "auxiliary_storage_labeling_labelrotation": null,
        "auxiliary_storage_labeling_positionx": null,
        "auxiliary_storage_labeling_positiony": null,
        "auxiliary_storage_labeling_lineanchorpercent": null,
        "auxiliary_storage_labeling_lineanchorclipping": null,
        "auxiliary_storage_labeling_lineanchortype": null,
        "auxiliary_storage_labeling_lineanchortextpoint": null,
        "auxiliary_storage_labeling_show": null,
        "auxiliary_storage_callouts_originx": null,
        "auxiliary_storage_callouts_originy": null,
        "auxiliary_storage_callouts_destinationx": null,
        "auxiliary_storage_callouts_destinationy": null,
        "photos": [
          {
            "src": "/images/descriptions/image_20_1.jpeg",
            "alt": "ПНОС"
          }
        ],
        "city": "Пермь"
      },
      "geometry": {
        "type": "MultiPolygon",
        "coordinates": [
          [
            [
              [
                56.15484660821746,
                57.94004041948267
              ],
              [
                56.15124208494871,
                57.940652818995886
              ],
              [
                56.13174541046327,
                57.94404053138705
              ],
              [
                56.12926953739148,
                57.94451336745622
              ],
              [
                56.126889621813106,
                57.94513242210632
              ],
              [
                56.1251273684569,
                57.94594100331535
              ],
              [
                56.1049269,
                57.9362906
              ],
              [
                56.1047211,
                57.9356626
              ],
              [
                56.1044461,
                57.93551449999997
              ],
              [
                56.103675,
                57.9349414
              ],
              [
                56.1034401,
                57.9343971
              ],
              [
                56.1031551,
                57.934128
              ],
              [
                56.1025156,
                57.9337308
              ],
              [
                56.1024645,
                57.93340229999998
              ],
              [
                56.1023618,
                57.9332482
              ],
              [
                56.1020669,
                57.9331156
              ],
              [
                56.1018553,
                57.9329029
              ],
              [
                56.1017314,
                57.932237
              ],
              [
                56.1015068,
                57.9317532
              ],
              [
                56.1014225,
                57.931333
              ],
              [
                56.1014621,
                57.930950199999984
              ],
              [
                56.1017215,
                57.9307296
              ],
              [
                56.1021126,
                57.9304945
              ],
              [
                56.1021768,
                57.9303059
              ],
              [
                56.1020929,
                57.930191500000014
              ],
              [
                56.1013629,
                57.9298422
              ],
              [
                56.1012087,
                57.9296536
              ],
              [
                56.1010544,
                57.9294649
              ],
              [
                56.1007768,
                57.9292886
              ],
              [
                56.1005115,
                57.929129
              ],
              [
                56.0997949,
                57.9289257
              ],
              [
                56.0993025,
                57.9285456
              ],
              [
                56.0989622,
                57.9283867
              ],
              [
                56.0987616,
                57.9282335
              ],
              [
                56.098703,
                57.92736379999999
              ],
              [
                56.0985322,
                57.9271252
              ],
              [
                56.0982439,
                57.9270456
              ],
              [
                56.0980124,
                57.9269838
              ],
              [
                56.0977435,
                57.9266782
              ],
              [
                56.0975016,
                57.9266857
              ],
              [
                56.0972142,
                57.926624
              ],
              [
                56.0970941,
                57.926444
              ],
              [
                56.09709990000001,
                57.92609979999999
              ],
              [
                56.0970148,
                57.9260077
              ],
              [
                56.0967382,
                57.92609210000001
              ],
              [
                56.096498,
                57.9260605
              ],
              [
                56.0964203,
                57.9256099
              ],
              [
                56.0961876,
                57.9253356
              ],
              [
                56.0962062,
                57.9251582
              ],
              [
                56.0966086,
                57.924993
              ],
              [
                56.0968448,
                57.9248155
              ],
              [
                56.0965964,
                57.924624499999986
              ],
              [
                56.096123,
                57.92450260000001
              ],
              [
                56.0961106,
                57.92414189999999
              ],
              [
                56.0960707,
                57.9240127
              ],
              [
                56.0956125,
                57.9238538
              ],
              [
                56.0951265,
                57.9235655
              ],
              [
                56.0950957,
                57.9229349
              ],
              [
                56.0959019,
                57.9227939
              ],
              [
                56.0964526,
                57.9226308
              ],
              [
                56.0968195,
                57.922414
              ],
              [
                56.0971641,
                57.922245
              ],
              [
                56.097935,
                57.9221231
              ],
              [
                56.0979292,
                57.92195839999998
              ],
              [
                56.09747,
                57.921593
              ],
              [
                56.0970329,
                57.9214934
              ],
              [
                56.096273,
                57.9214898
              ],
              [
                56.0960928,
                57.92133870000002
              ],
              [
                56.0966355,
                57.9206095
              ],
              [
                56.09719,
                57.9203728
              ],
              [
                56.0975851,
                57.9203414
              ],
              [
                56.0976691,
                57.9202057
              ],
              [
                56.097501,
                57.9198944
              ],
              [
                56.0982859,
                57.919479
              ],
              [
                56.0988398,
                57.9193312
              ],
              [
                56.0993098,
                57.91927639999999
              ],
              [
                56.09944010000001,
                57.919184
              ],
              [
                56.0989095,
                57.91877190000002
              ],
              [
                56.099051,
                57.9183312
              ],
              [
                56.09919,
                57.9181113
              ],
              [
                56.0993974,
                57.9179655
              ],
              [
                56.0996615,
                57.91792150000001
              ],
              [
                56.0999103,
                57.9180397
              ],
              [
                56.1002872,
                57.9180871
              ],
              [
                56.1003535,
                57.91822
              ],
              [
                56.1001513,
                57.91828839999999
              ],
              [
                56.0999918,
                57.9184058
              ],
              [
                56.1002038,
                57.918473
              ],
              [
                56.1005618,
                57.9184846
              ],
              [
                56.1008759,
                57.918569699999985
              ],
              [
                56.1010925,
                57.9183913
              ],
              [
                56.1013363,
                57.9181685
              ],
              [
                56.1013086,
                57.9180306
              ],
              [
                56.1010685,
                57.9179144
              ],
              [
                56.100661,
                57.91783919999999
              ],
              [
                56.10041480000001,
                57.9176312
              ],
              [
                56.100298,
                57.9172942
              ],
              [
                56.1003849,
                57.9171197
              ],
              [
                56.1006775,
                57.9169149
              ],
              [
                56.1009671,
                57.9169249
              ],
              [
                56.1011157,
                57.9171321
              ],
              [
                56.102089,
                57.9171616
              ],
              [
                56.1027793,
                57.9169769
              ],
              [
                56.1028967,
                57.9167289
              ],
              [
                56.1028026,
                57.9164586
              ],
              [
                56.1029049,
                57.9163068
              ],
              [
                56.1032344,
                57.9161415
              ],
              [
                56.1033849,
                57.91613580000001
              ],
              [
                56.1035804,
                57.9161725
              ],
              [
                56.1037745,
                57.9163953
              ],
              [
                56.1042301,
                57.916425099999984
              ],
              [
                56.1047626,
                57.9163928
              ],
              [
                56.1052984,
                57.9161071
              ],
              [
                56.1053496,
                57.91591650000002
              ],
              [
                56.1050464,
                57.91579329999998
              ],
              [
                56.1044712,
                57.9157474
              ],
              [
                56.104211,
                57.9156417
              ],
              [
                56.1041495,
                57.9153186
              ],
              [
                56.10498710000001,
                57.9148906
              ],
              [
                56.1052629,
                57.9145854
              ],
              [
                56.1054853,
                57.9144417
              ],
              [
                56.1054867,
                57.91422569999998
              ],
              [
                56.1056694,
                57.91414060000001
              ],
              [
                56.1059298,
                57.91413379999999
              ],
              [
                56.106179,
                57.9142194
              ],
              [
                56.106424,
                57.9143862
              ],
              [
                56.1066554,
                57.9144608
              ],
              [
                56.106912,
                57.9144102
              ],
              [
                56.1070805,
                57.9143245
              ],
              [
                56.1073517,
                57.91438680000001
              ],
              [
                56.1077695,
                57.9148229
              ],
              [
                56.1081066,
                57.914854
              ],
              [
                56.1082752,
                57.91481120000001
              ],
              [
                56.1085024,
                57.9147645
              ],
              [
                56.1089055,
                57.91473719999998
              ],
              [
                56.1090888,
                57.91463210000002
              ],
              [
                56.1090928,
                57.91451439999999
              ],
              [
                56.1089645,
                57.9144308
              ],
              [
                56.1084731,
                57.91434789999999
              ],
              [
                56.1081726,
                57.9142155
              ],
              [
                56.1077768,
                57.914124199999975
              ],
              [
                56.1076302,
                57.91406759999999
              ],
              [
                56.1075496,
                57.913919600000014
              ],
              [
                56.1077035,
                57.91379509999999
              ],
              [
                56.1075936,
                57.9136899
              ],
              [
                56.1074699,
                57.9136171
              ],
              [
                56.1075076,
                57.9135413
              ],
              [
                56.1076983,
                57.9134741
              ],
              [
                56.107982,
                57.9135264
              ],
              [
                56.1081286,
                57.9134641
              ],
              [
                56.1082459,
                57.9133356
              ],
              [
                56.1082606,
                57.913285
              ],
              [
                56.1083705,
                57.913234400000015
              ],
              [
                56.1083119,
                57.9130164
              ],
              [
                56.1087003,
                57.91288009999998
              ],
              [
                56.1091223,
                57.912882299999985
              ],
              [
                56.1093315,
                57.9128217
              ],
              [
                56.1094316,
                57.9127389
              ],
              [
                56.1093966,
                57.9125959
              ],
              [
                56.1091694,
                57.912401199999984
              ],
              [
                56.1091003,
                57.91221379999999
              ],
              [
                56.1092843,
                57.911914
              ],
              [
                56.10934060000001,
                57.91140789999998
              ],
              [
                56.1095959,
                57.9111398
              ],
              [
                56.1100372,
                57.9109963
              ],
              [
                56.1102624,
                57.9108404
              ],
              [
                56.1106726,
                57.91072430000002
              ],
              [
                56.1108191,
                57.910632900000024
              ],
              [
                56.1108398,
                57.9105295
              ],
              [
                56.1107589,
                57.9103629
              ],
              [
                56.1103555,
                57.9101095
              ],
              [
                56.1103856,
                57.9100248
              ],
              [
                56.1106556,
                57.9099858
              ],
              [
                56.1113939,
                57.910004600000015
              ],
              [
                56.1116542,
                57.910029500000014
              ],
              [
                56.1117283,
                57.9099453
              ],
              [
                56.1116283,
                57.90969389999997
              ],
              [
                56.1117585,
                57.90931389999999
              ],
              [
                56.1119362,
                57.9089188
              ],
              [
                56.1125274,
                57.9087422
              ],
              [
                56.1127302,
                57.90866460000002
              ],
              [
                56.1128828,
                57.9087529
              ],
              [
                56.1128557,
                57.9090699
              ],
              [
                56.112921,
                57.909179399999985
              ],
              [
                56.1130626,
                57.90922220000002
              ],
              [
                56.1132145,
                57.9091962
              ],
              [
                56.113561,
                57.9090083
              ],
              [
                56.1137525,
                57.90886159999997
              ],
              [
                56.1142257,
                57.9088077
              ],
              [
                56.1148962,
                57.9085773
              ],
              [
                56.1152567,
                57.9084097
              ],
              [
                56.1153694,
                57.908251
              ],
              [
                56.1153694,
                57.9081582
              ],
              [
                56.115144,
                57.9080565
              ],
              [
                56.1147778,
                57.9079906
              ],
              [
                56.114468,
                57.9079577
              ],
              [
                56.1143553,
                57.907900799999986
              ],
              [
                56.1144229,
                57.9077691
              ],
              [
                56.1146764,
                57.907787100000014
              ],
              [
                56.1148455,
                57.907844
              ],
              [
                56.1149412,
                57.9078051
              ],
              [
                56.1149469,
                57.90769430000001
              ],
              [
                56.1151271,
                57.90764639999998
              ],
              [
                56.1151553,
                57.9075746
              ],
              [
                56.1154314,
                57.9076225
              ],
              [
                56.1155328,
                57.90773919999999
              ],
              [
                56.1157356,
                57.9077991
              ],
              [
                56.1159891,
                57.9077931
              ],
              [
                56.1162201,
                57.9077512
              ],
              [
                56.1165581,
                57.9076763
              ],
              [
                56.1168905,
                57.9076315
              ],
              [
                56.1170933,
                57.9075027
              ],
              [
                56.1173135,
                57.9073909
              ],
              [
                56.1175017,
                57.90726459999998
              ],
              [
                56.1177037,
                57.9072264
              ],
              [
                56.1179642,
                57.9071847
              ],
              [
                56.1180928,
                57.90707669999998
              ],
              [
                56.118203,
                57.90701629999999
              ],
              [
                56.1182537,
                57.90696839999998
              ],
              [
                56.1182537,
                57.906901099999985
              ],
              [
                56.1181354,
                57.9068547
              ],
              [
                56.118096,
                57.90679630000001
              ],
              [
                56.1181101,
                57.9065045
              ],
              [
                56.1182199,
                57.9063638
              ],
              [
                56.1181749,
                57.9062635
              ],
              [
                56.1182302,
                57.9061549
              ],
              [
                56.1181745,
                57.9060364
              ],
              [
                56.1182502,
                57.9059031
              ],
              [
                56.1181466,
                57.905702
              ],
              [
                56.1181944,
                57.9056046
              ],
              [
                56.1183179,
                57.9054819
              ],
              [
                56.118294,
                57.905420499999984
              ],
              [
                56.1182342,
                57.9053231
              ],
              [
                56.1182063,
                57.9052109
              ],
              [
                56.1182621,
                57.9051453
              ],
              [
                56.1184334,
                57.9051115
              ],
              [
                56.1185772,
                57.90508209999999
              ],
              [
                56.1190901,
                57.9052796
              ],
              [
                56.1194218,
                57.9053498
              ],
              [
                56.1198493,
                57.9053763
              ],
              [
                56.1200319,
                57.90538950000001
              ],
              [
                56.1201407,
                57.9053549
              ],
              [
                56.1202001,
                57.90524229999997
              ],
              [
                56.1199794,
                57.90515180000002
              ],
              [
                56.1197653,
                57.9050799
              ],
              [
                56.11973720000001,
                57.9049602
              ],
              [
                56.1196752,
                57.9049003
              ],
              [
                56.1196414,
                57.90480750000001
              ],
              [
                56.1197259,
                57.90475960000001
              ],
              [
                56.1199456,
                57.9048225
              ],
              [
                56.1201766,
                57.90481050000001
              ],
              [
                56.1201991,
                57.9048943
              ],
              [
                56.120278,
                57.90497219999999
              ],
              [
                56.1203794,
                57.9051727
              ],
              [
                56.1206329,
                57.9052086
              ],
              [
                56.1208921,
                57.9051937
              ],
              [
                56.1210047,
                57.90513379999999
              ],
              [
                56.1210104,
                57.9050679
              ],
              [
                56.1208132,
                57.9049602
              ],
              [
                56.1208357,
                57.9048854
              ],
              [
                56.1210498,
                57.9047237
              ],
              [
                56.1211801,
                57.904652
              ],
              [
                56.1212977,
                57.904595
              ],
              [
                56.1215287,
                57.9045475
              ],
              [
                56.1217089,
                57.9044932
              ],
              [
                56.12179350000001,
                57.9042897
              ],
              [
                56.1217978,
                57.9042289
              ],
              [
                56.1218854,
                57.90419079999999
              ],
              [
                56.121997,
                57.90422250000002
              ],
              [
                56.1222439,
                57.9044173
              ],
              [
                56.1226224,
                57.9045104
              ],
              [
                56.1229172,
                57.9044956
              ],
              [
                56.1230765,
                57.9043961
              ],
              [
                56.1231801,
                57.9043093
              ],
              [
                56.123201,
                57.9042296
              ],
              [
                56.1231775,
                57.90410270000001
              ],
              [
                56.12318,
                57.90400189999998
              ],
              [
                56.1232583,
                57.90396219999999
              ],
              [
                56.1234522,
                57.903908
              ],
              [
                56.1236312,
                57.9039257
              ],
              [
                56.1237625,
                57.9038588
              ],
              [
                56.1241343,
                57.9037331
              ],
              [
                56.1241625,
                57.9036732
              ],
              [
                56.1241287,
                57.9035894
              ],
              [
                56.1238358,
                57.9033889
              ],
              [
                56.1239315,
                57.90306559999997
              ],
              [
                56.1238696,
                57.9028979
              ],
              [
                56.1236329,
                57.9027752
              ],
              [
                56.1234369,
                57.902738
              ],
              [
                56.1229709,
                57.9028777
              ],
              [
                56.1227597,
                57.9028607
              ],
              [
                56.1223096,
                57.9027528
              ],
              [
                56.121959,
                57.90269770000001
              ],
              [
                56.1218634,
                57.902611
              ],
              [
                56.1219829,
                57.9024903
              ],
              [
                56.1222259,
                57.90234
              ],
              [
                56.122441,
                57.9022786
              ],
              [
                56.1227757,
                57.9018616
              ],
              [
                56.1230943,
                57.901749399999986
              ],
              [
                56.1235644,
                57.9018172
              ],
              [
                56.1237477,
                57.901741
              ],
              [
                56.1237078,
                57.9016267
              ],
              [
                56.1237516,
                57.901429800000024
              ],
              [
                56.1241781,
                57.90126759999998
              ],
              [
                56.1246698,
                57.9012781
              ],
              [
                56.124855,
                57.9012375
              ],
              [
                56.1250448,
                57.901213
              ],
              [
                56.1252041,
                57.90112580000002
              ],
              [
                56.1252539,
                57.9010196
              ],
              [
                56.1253654,
                57.9009095
              ],
              [
                56.1253615,
                57.90070419999998
              ],
              [
                56.1253336,
                57.9006026
              ],
              [
                56.1253973,
                57.900501
              ],
              [
                56.1255208,
                57.90044380000002
              ],
              [
                56.1257359,
                57.90039929999999
              ],
              [
                56.1261781,
                57.90039929999999
              ],
              [
                56.1271461,
                57.90046919999999
              ],
              [
                56.1277955,
                57.90054329999999
              ],
              [
                56.1285643,
                57.9004544
              ],
              [
                56.1289188,
                57.9004396
              ],
              [
                56.1293889,
                57.9003295
              ],
              [
                56.129579,
                57.9002585
              ],
              [
                56.1296824,
                57.90011
              ],
              [
                56.1297588,
                57.8997106
              ],
              [
                56.1298696,
                57.8996901
              ],
              [
                56.1300915,
                57.8996841
              ],
              [
                56.130211,
                57.899724300000024
              ],
              [
                56.1303385,
                57.9000376
              ],
              [
                56.1305576,
                57.9001308
              ],
              [
                56.1310197,
                57.9002133
              ],
              [
                56.1318642,
                57.9001181
              ],
              [
                56.1322586,
                57.9000419
              ],
              [
                56.1325693,
                57.8999191
              ],
              [
                56.1327606,
                57.8996799
              ],
              [
                56.1327247,
                57.8995846
              ],
              [
                56.1325773,
                57.8995359
              ],
              [
                56.1322068,
                57.8995529
              ],
              [
                56.1319399,
                57.8993666
              ],
              [
                56.1318842,
                57.8992671
              ],
              [
                56.1319519,
                57.8991168
              ],
              [
                56.1321909,
                57.89908290000001
              ],
              [
                56.1324458,
                57.89902150000001
              ],
              [
                56.132641,
                57.898737799999985
              ],
              [
                56.1328641,
                57.8987717
              ],
              [
                56.1330593,
                57.8989178
              ],
              [
                56.1332187,
                57.899085
              ],
              [
                56.1337358,
                57.89916359999999
              ],
              [
                56.1341775,
                57.8992147
              ],
              [
                56.1344159,
                57.8991348
              ],
              [
                56.1346216,
                57.899032099999985
              ],
              [
                56.1346684,
                57.8988382
              ],
              [
                56.134631,
                57.8987437
              ],
              [
                56.1343752,
                57.898478400000016
              ],
              [
                56.1343851,
                57.8984027
              ],
              [
                56.1345002,
                57.89838839999999
              ],
              [
                56.1353763,
                57.8986018
              ],
              [
                56.1356464,
                57.8984446
              ],
              [
                56.1359527,
                57.898470299999985
              ],
              [
                56.1367667,
                57.8989721
              ],
              [
                56.1380347,
                57.8992139
              ],
              [
                56.1410308,
                57.8996887
              ],
              [
                56.1425518,
                57.8993046
              ],
              [
                56.14589,
                57.8988697
              ],
              [
                56.1631158,
                57.8881445
              ],
              [
                56.1630951,
                57.886858
              ],
              [
                56.1601397,
                57.8856041
              ],
              [
                56.157877,
                57.884508799999985
              ],
              [
                56.1533796,
                57.882631
              ],
              [
                56.1535754,
                57.8799487
              ],
              [
                56.155503,
                57.8758569
              ],
              [
                56.1560301,
                57.8755206
              ],
              [
                56.1565918,
                57.8751602
              ],
              [
                56.15742,
                57.8755285
              ],
              [
                56.1599907,
                57.87387889999999
              ],
              [
                56.1594636,
                57.8735185
              ],
              [
                56.1622496,
                57.8716284
              ],
              [
                56.1629702,
                57.8705986
              ],
              [
                56.1647613,
                57.8713457
              ],
              [
                56.1656743,
                57.8708056
              ],
              [
                56.1669968,
                57.87143789999999
              ],
              [
                56.1662392,
                57.87188610000001
              ],
              [
                56.1700949,
                57.8736636
              ],
              [
                56.1795807,
                57.8676726
              ],
              [
                56.1843138,
                57.8698416
              ],
              [
                56.1883272,
                57.87165630000001
              ],
              [
                56.1873553,
                57.87225260000001
              ],
              [
                56.183362,
                57.8747472
              ],
              [
                56.1840207,
                57.8750992
              ],
              [
                56.1819867,
                57.8761937
              ],
              [
                56.1787252,
                57.877894799999986
              ],
              [
                56.1810531,
                57.87893050000001
              ],
              [
                56.1824422,
                57.87820820000001
              ],
              [
                56.1850066,
                57.8793906
              ],
              [
                56.1866436,
                57.878580499999984
              ],
              [
                56.1889278,
                57.878232
              ],
              [
                56.1902012,
                57.87771330000001
              ],
              [
                56.1921951,
                57.8765408
              ],
              [
                56.1909075,
                57.8758873
              ],
              [
                56.192036,
                57.8753178
              ],
              [
                56.1926071,
                57.8753367
              ],
              [
                56.1938937,
                57.8747098
              ],
              [
                56.1959129,
                57.8757462
              ],
              [
                56.1954624,
                57.87602310000001
              ],
              [
                56.1936534,
                57.87705839999999
              ],
              [
                56.1965305,
                57.8783397
              ],
              [
                56.2016789,
                57.875546499999984
              ],
              [
                56.2051245,
                57.8772173
              ],
              [
                56.2118483,
                57.87317920000001
              ],
              [
                56.2125145,
                57.87347459999999
              ],
              [
                56.1984564,
                57.8824482
              ],
              [
                56.1957298,
                57.88441709999998
              ],
              [
                56.1936505,
                57.88673
              ],
              [
                56.1873882,
                57.890608599999986
              ],
              [
                56.1868007,
                57.890590500000016
              ],
              [
                56.1852113,
                57.8915135
              ],
              [
                56.1849987,
                57.89182030000001
              ],
              [
                56.1852906,
                57.892595299999975
              ],
              [
                56.1854663,
                57.8927626
              ],
              [
                56.1878387,
                57.8938283
              ],
              [
                56.200091,
                57.88465930000001
              ],
              [
                56.2065397,
                57.8818088
              ],
              [
                56.20805150000001,
                57.8835098
              ],
              [
                56.2089473,
                57.8846769
              ],
              [
                56.2060843,
                57.8850857
              ],
              [
                56.2013191,
                57.88674320000002
              ],
              [
                56.19791690000001,
                57.8890213
              ],
              [
                56.193787,
                57.8923338
              ],
              [
                56.1915422,
                57.894389699999984
              ],
              [
                56.1916976,
                57.8944625
              ],
              [
                56.1892211,
                57.8967662
              ],
              [
                56.1870508,
                57.89914620000001
              ],
              [
                56.1835002,
                57.9026995
              ],
              [
                56.1847707,
                57.903237
              ],
              [
                56.1802417,
                57.9060975
              ],
              [
                56.1818252,
                57.9068271
              ],
              [
                56.1816319,
                57.9083385
              ],
              [
                56.18086,
                57.9089687
              ],
              [
                56.1832527,
                57.910179
              ],
              [
                56.1814696,
                57.911095500000016
              ],
              [
                56.1812251,
                57.91143280000002
              ],
              [
                56.1812251,
                57.913231199999984
              ],
              [
                56.1795384,
                57.914376699999984
              ],
              [
                56.1807311,
                57.9153878
              ],
              [
                56.180442,
                57.9155222
              ],
              [
                56.1830924,
                57.921006
              ],
              [
                56.15484660821746,
                57.94004041948267
              ]
            ]
          ]
        ]
      }
    },
    {
      "type": "Feature",
      "properties": {
        "qc_id": 64,
        "fid": 65,
        "name": "Субботино",
        "original_name": null,
        "explainer": "Одноименная деревня (объединение Субботино и Малое Субботино).",
        "Тип названия": "Реальное название",
        "idlabel": null,
        "auxiliary_storage_labeling_labelrotation": null,
        "auxiliary_storage_labeling_positionx": null,
        "auxiliary_storage_labeling_positiony": null,
        "auxiliary_storage_labeling_lineanchorpercent": null,
        "auxiliary_storage_labeling_lineanchorclipping": null,
        "auxiliary_storage_labeling_lineanchortype": null,
        "auxiliary_storage_labeling_lineanchortextpoint": null,
        "auxiliary_storage_labeling_show": null,
        "auxiliary_storage_callouts_originx": null,
        "auxiliary_storage_callouts_originy": null,
        "auxiliary_storage_callouts_destinationx": null,
        "auxiliary_storage_callouts_destinationy": null,
        "city": "Пермь"
      },
      "geometry": {
        "type": "MultiPolygon",
        "coordinates": [
          [
            [
              [
                56.162043072911715,
                57.935255281293394
              ],
              [
                56.16365359715815,
                57.93616265649292
              ],
              [
                56.16399294941148,
                57.9367723766747
              ],
              [
                56.16492682629281,
                57.93754510700175
              ],
              [
                56.166221617217396,
                57.938001990429406
              ],
              [
                56.1673291107752,
                57.938327457853106
              ],
              [
                56.16892608507088,
                57.93865611676559
              ],
              [
                56.17082720937781,
                57.93876978019975
              ],
              [
                56.17390327087495,
                57.93864516890383
              ],
              [
                56.17627299973366,
                57.939673025378866
              ],
              [
                56.1809301663047,
                57.94202731490819
              ],
              [
                56.1824870637881,
                57.941428436432744
              ],
              [
                56.1894654872606,
                57.93882573178207
              ],
              [
                56.18375582227499,
                57.93711778299186
              ],
              [
                56.18257791842378,
                57.935099722359816
              ],
              [
                56.18197964981561,
                57.932709318241855
              ],
              [
                56.18173212180187,
                57.93163739073697
              ],
              [
                56.180512494737584,
                57.930269918653366
              ],
              [
                56.17449676214411,
                57.930563659223886
              ],
              [
                56.16772478469303,
                57.93136744541128
              ],
              [
                56.162043072911715,
                57.935255281293394
              ]
            ]
          ]
        ]
      }
    },
    {
      "type": "Feature",
      "properties": {
        "qc_id": 65,
        "fid": 66,
        "name": "Краснова",
        "original_name": null,
        "explainer": null,
        "Тип названия": "Реальное название",
        "idlabel": null,
        "auxiliary_storage_labeling_labelrotation": null,
        "auxiliary_storage_labeling_positionx": 454025.8162164496,
        "auxiliary_storage_labeling_positiony": 6426344.611654137,
        "auxiliary_storage_labeling_lineanchorpercent": null,
        "auxiliary_storage_labeling_lineanchorclipping": null,
        "auxiliary_storage_labeling_lineanchortype": null,
        "auxiliary_storage_labeling_lineanchortextpoint": null,
        "auxiliary_storage_labeling_show": null,
        "auxiliary_storage_callouts_originx": null,
        "auxiliary_storage_callouts_originy": null,
        "auxiliary_storage_callouts_destinationx": null,
        "auxiliary_storage_callouts_destinationy": null,
        "city": "Пермь"
      },
      "geometry": {
        "type": "MultiPolygon",
        "coordinates": [
          [
            [
              [
                56.246172478291655,
                57.97312556891272
              ],
              [
                56.24676934924575,
                57.981934224881165
              ],
              [
                56.248883234011494,
                57.985013040995845
              ],
              [
                56.233454298215136,
                57.98581977527346
              ],
              [
                56.22952753182417,
                57.98531291001404
              ],
              [
                56.22730412708722,
                57.98250146223391
              ],
              [
                56.221843329964784,
                57.976135496191546
              ],
              [
                56.22363036894569,
                57.975343234111534
              ],
              [
                56.22928018037239,
                57.97151840191698
              ],
              [
                56.23043680167061,
                57.97087894175255
              ],
              [
                56.23249651637153,
                57.97110687599082
              ],
              [
                56.23643343845286,
                57.97186292244338
              ],
              [
                56.24091650002388,
                57.9730943087848
              ],
              [
                56.246172478291655,
                57.97312556891272
              ]
            ]
          ]
        ]
      }
    },
    {
      "type": "Feature",
      "properties": {
        "qc_id": 75,
        "fid": 76,
        "name": "Голованово",
        "original_name": null,
        "explainer": null,
        "Тип названия": "Реальное название",
        "idlabel": null,
        "auxiliary_storage_labeling_labelrotation": null,
        "auxiliary_storage_labeling_positionx": null,
        "auxiliary_storage_labeling_positiony": null,
        "auxiliary_storage_labeling_lineanchorpercent": null,
        "auxiliary_storage_labeling_lineanchorclipping": null,
        "auxiliary_storage_labeling_lineanchortype": null,
        "auxiliary_storage_labeling_lineanchortextpoint": null,
        "auxiliary_storage_labeling_show": null,
        "auxiliary_storage_callouts_originx": null,
        "auxiliary_storage_callouts_originy": null,
        "auxiliary_storage_callouts_destinationx": null,
        "auxiliary_storage_callouts_destinationy": null,
        "city": "Пермь"
      },
      "geometry": {
        "type": "MultiPolygon",
        "coordinates": [
          [
            [
              [
                56.4327093546502,
                58.15070234576061
              ],
              [
                56.42980363312846,
                58.150795282191545
              ],
              [
                56.43071967649506,
                58.1498728366668
              ],
              [
                56.43118422487987,
                58.149001317261984
              ],
              [
                56.4295867363002,
                58.14870298747687
              ],
              [
                56.42874238791347,
                58.14827564983872
              ],
              [
                56.428874737794324,
                58.14626433377151
              ],
              [
                56.43229336398464,
                58.145379528519676
              ],
              [
                56.43182942993086,
                58.14307435657091
              ],
              [
                56.43214554821814,
                58.13579582452049
              ],
              [
                56.43415840563411,
                58.13511648452735
              ],
              [
                56.43449573328928,
                58.135938628683846
              ],
              [
                56.43569564808895,
                58.136023360585106
              ],
              [
                56.43593626748397,
                58.136633292714464
              ],
              [
                56.43593626748397,
                58.136633292714464
              ],
              [
                56.43682044973743,
                58.13769610008109
              ],
              [
                56.43747946343656,
                58.13716955800611
              ],
              [
                56.43807590065782,
                58.1374369120423
              ],
              [
                56.43987108435978,
                58.1378683680191
              ],
              [
                56.440518018246244,
                58.13810945976797
              ],
              [
                56.4438739709754,
                58.137965300773686
              ],
              [
                56.44642660845995,
                58.13797640463698
              ],
              [
                56.448878326471494,
                58.13803996636573
              ],
              [
                56.45025338410675,
                58.13651049631705
              ],
              [
                56.45046826040395,
                58.135558412790566
              ],
              [
                56.45353296983366,
                58.13480387808671
              ],
              [
                56.45803964602697,
                58.13466427231809
              ],
              [
                56.46103408170028,
                58.135232882807315
              ],
              [
                56.46362225345505,
                58.13619680178801
              ],
              [
                56.46335846970142,
                58.137095755804836
              ],
              [
                56.46264221196747,
                58.13812516606559
              ],
              [
                56.46232634089903,
                58.13915626058504
              ],
              [
                56.461961594154026,
                58.14010773071713
              ],
              [
                56.46144745852473,
                58.14100562420237
              ],
              [
                56.46118558293365,
                58.14177221913567
              ],
              [
                56.46118558293365,
                58.14177221913567
              ],
              [
                56.46072106179393,
                58.14269679156631
              ],
              [
                56.461298176897316,
                58.14426110361093
              ],
              [
                56.46413055871127,
                58.14567607136571
              ],
              [
                56.46646133037065,
                58.14716829571405
              ],
              [
                56.46748976692853,
                58.14870799208659
              ],
              [
                56.46747435093363,
                58.14974035125828
              ],
              [
                56.466090797730985,
                58.151852360224005
              ],
              [
                56.46547684649099,
                58.152723378341676
              ],
              [
                56.45647670000001,
                58.1569488
              ],
              [
                56.4560017,
                58.1571014
              ],
              [
                56.4556093,
                58.1569815
              ],
              [
                56.4550724,
                58.1571123
              ],
              [
                56.4537714,
                58.1569924
              ],
              [
                56.4534617,
                58.1574609
              ],
              [
                56.4536888,
                58.1578422
              ],
              [
                56.453503,
                58.1579185
              ],
              [
                56.4529041,
                58.1576026
              ],
              [
                56.4513346,
                58.15745
              ],
              [
                56.4512933,
                58.1580819
              ],
              [
                56.4514379,
                58.1582236
              ],
              [
                56.4507358,
                58.1582998
              ],
              [
                56.4485881,
                58.15791849999999
              ],
              [
                56.4471012,
                58.1569706
              ],
              [
                56.4457796,
                58.1569706
              ],
              [
                56.4455524,
                58.1565348
              ],
              [
                56.4444579,
                58.1565021
              ],
              [
                56.444334,
                58.15697059999999
              ],
              [
                56.4451601,
                58.157145
              ],
              [
                56.445222,
                58.15730840000002
              ],
              [
                56.4442101,
                58.1572866
              ],
              [
                56.4421864,
                58.15665469999998
              ],
              [
                56.4423103,
                58.15644769999999
              ],
              [
                56.4419592,
                58.15626239999999
              ],
              [
                56.4415669,
                58.1563496
              ],
              [
                56.4414842,
                58.156589299999986
              ],
              [
                56.4372922,
                58.1564586
              ],
              [
                56.4361977,
                58.1561644
              ],
              [
                56.435351,
                58.1562407
              ],
              [
                56.4339261,
                58.155924699999986
              ],
              [
                56.4318404,
                58.1560118
              ],
              [
                56.4317578,
                58.1561644
              ],
              [
                56.4313241,
                58.1561862
              ],
              [
                56.4313034,
                58.1559792
              ],
              [
                56.4327093546502,
                58.15070234576061
              ]
            ]
          ]
        ]
      }
    },
    {
      "type": "Feature",
      "properties": {
        "qc_id": 76,
        "fid": 77,
        "name": "Молодёжка",
        "original_name": "мкр. Молодёжный",
        "explainer": "Молодежкой называется микрорайон Молодежный, расположенный на одноименной станции городской электрички. Микрорайон получил название «Молодёжный» в связи с открытием в 1961 году железнодорожной платформы «Молодёжная», которая, в свою очередь, была названа в честь молодёжи… Молодых специалистов было достаточно много на КамГЭС",
        "Тип названия": "Ассоциация с официальным названием",
        "idlabel": null,
        "auxiliary_storage_labeling_labelrotation": null,
        "auxiliary_storage_labeling_positionx": null,
        "auxiliary_storage_labeling_positiony": null,
        "auxiliary_storage_labeling_lineanchorpercent": null,
        "auxiliary_storage_labeling_lineanchorclipping": null,
        "auxiliary_storage_labeling_lineanchortype": null,
        "auxiliary_storage_labeling_lineanchortextpoint": null,
        "auxiliary_storage_labeling_show": null,
        "auxiliary_storage_callouts_originx": null,
        "auxiliary_storage_callouts_originy": null,
        "auxiliary_storage_callouts_destinationx": null,
        "auxiliary_storage_callouts_destinationy": null,
        "city": "Пермь"
      },
      "geometry": {
        "type": "MultiPolygon",
        "coordinates": [
          [
            [
              [
                56.36450700297782,
                58.10869959434729
              ],
              [
                56.36988936116337,
                58.10695263482732
              ],
              [
                56.374583842807844,
                58.10590360471125
              ],
              [
                56.37777560313541,
                58.10497944027073
              ],
              [
                56.378330493806374,
                58.10470418344876
              ],
              [
                56.38033044482904,
                58.10472715722698
              ],
              [
                56.38385473481505,
                58.10335442028534
              ],
              [
                56.38977334933791,
                58.101096794001464
              ],
              [
                56.39093350424191,
                58.103189892932534
              ],
              [
                56.38698516402412,
                58.10597707812178
              ],
              [
                56.384559922891796,
                58.10886415798157
              ],
              [
                56.384089288456956,
                58.110053158143444
              ],
              [
                56.38264038111376,
                58.11140949583401
              ],
              [
                56.38092361858237,
                58.11234095313164
              ],
              [
                56.37996298894492,
                58.11293192140846
              ],
              [
                56.37951189568266,
                58.113704054143064
              ],
              [
                56.37921212052542,
                58.11404343123636
              ],
              [
                56.37953722047029,
                58.11440570457809
              ],
              [
                56.379388875481425,
                58.11466640072367
              ],
              [
                56.37839530882793,
                58.11498916059851
              ],
              [
                56.37791880350774,
                58.11506294568832
              ],
              [
                56.37687384870093,
                58.11510417032172
              ],
              [
                56.37609085585661,
                58.11518306853834
              ],
              [
                56.37517777490289,
                58.11519183361154
              ],
              [
                56.374332600245424,
                58.11525056176096
              ],
              [
                56.37366074924868,
                58.1154094086124
              ],
              [
                56.3733837743699,
                58.11542542043391
              ],
              [
                56.37190526558755,
                58.11522952739786
              ],
              [
                56.36995568599547,
                58.11515372667231
              ],
              [
                56.368153127142925,
                58.11525069761521
              ],
              [
                56.36727497755282,
                58.11540517930886
              ],
              [
                56.3666539609407,
                58.1151638412852
              ],
              [
                56.36520435047589,
                58.11510368679109
              ],
              [
                56.36460365229675,
                58.11512716740678
              ],
              [
                56.3639800655223,
                58.11503140362443
              ],
              [
                56.36433867913448,
                58.11455668241921
              ],
              [
                56.36504340494849,
                58.1143087027663
              ],
              [
                56.365721701734955,
                58.114140006027185
              ],
              [
                56.36517849832824,
                58.11233715490236
              ],
              [
                56.36450700297782,
                58.10869959434729
              ]
            ]
          ]
        ]
      }
    },
    {
      "type": "Feature",
      "properties": {
        "qc_id": 77,
        "fid": 78,
        "name": "Гайва",
        "original_name": null,
        "explainer": null,
        "Тип названия": "Реальное название",
        "idlabel": null,
        "auxiliary_storage_labeling_labelrotation": null,
        "auxiliary_storage_labeling_positionx": null,
        "auxiliary_storage_labeling_positiony": null,
        "auxiliary_storage_labeling_lineanchorpercent": null,
        "auxiliary_storage_labeling_lineanchorclipping": null,
        "auxiliary_storage_labeling_lineanchortype": null,
        "auxiliary_storage_labeling_lineanchortextpoint": null,
        "auxiliary_storage_labeling_show": null,
        "auxiliary_storage_callouts_originx": null,
        "auxiliary_storage_callouts_originy": null,
        "auxiliary_storage_callouts_destinationx": null,
        "auxiliary_storage_callouts_destinationy": null,
        "city": "Пермь"
      },
      "geometry": {
        "type": "MultiPolygon",
        "coordinates": [
          [
            [
              [
                56.32530764277405,
                58.114931899371726
              ],
              [
                56.325683263870424,
                58.1135837712714
              ],
              [
                56.32415079057262,
                58.112622634183495
              ],
              [
                56.322885531877006,
                58.11076282024977
              ],
              [
                56.32144601225253,
                58.10755194838873
              ],
              [
                56.32027654961986,
                58.10593087197819
              ],
              [
                56.31934762670696,
                58.104814053807274
              ],
              [
                56.319922868233604,
                58.10349347879319
              ],
              [
                56.31880259683479,
                58.1019255954389
              ],
              [
                56.317925337755725,
                58.10072962303243
              ],
              [
                56.3169751662475,
                58.09942736177606
              ],
              [
                56.317249933436926,
                58.09813166016655
              ],
              [
                56.31481897515451,
                58.09713911678561
              ],
              [
                56.31388435075339,
                58.09633990071911
              ],
              [
                56.31325276642001,
                58.09538347299053
              ],
              [
                56.3115719471154,
                58.09439490594251
              ],
              [
                56.31064818913051,
                58.093039791644266
              ],
              [
                56.30768227056488,
                58.091302971412844
              ],
              [
                56.30414158062373,
                58.09086012066395
              ],
              [
                56.30064371177706,
                58.09078802829571
              ],
              [
                56.29963728408093,
                58.09112665069276
              ],
              [
                56.29907084064471,
                58.0919706728466
              ],
              [
                56.29924483395869,
                58.09329527970071
              ],
              [
                56.300904028841224,
                58.095369284700084
              ],
              [
                56.30148063304306,
                58.09656373024467
              ],
              [
                56.29905555942256,
                58.097847593115574
              ],
              [
                56.29615590288725,
                58.09783161421186
              ],
              [
                56.294037537826725,
                58.096231519228944
              ],
              [
                56.29100589669208,
                58.095314609296885
              ],
              [
                56.28899521855139,
                58.09585934205575
              ],
              [
                56.28712759029424,
                58.096748992613435
              ],
              [
                56.285496075568545,
                58.09832823814909
              ],
              [
                56.28204698012283,
                58.09828238424613
              ],
              [
                56.28194801248202,
                58.10818272923473
              ],
              [
                56.276035445338955,
                58.11365567061339
              ],
              [
                56.27762331367653,
                58.11374885290753
              ],
              [
                56.27811857146167,
                58.11708725107663
              ],
              [
                56.29327099142177,
                58.11737068493205
              ],
              [
                56.302452008501156,
                58.11851511054063
              ],
              [
                56.306883847201696,
                58.117003851525
              ],
              [
                56.3135948120773,
                58.116616589962135
              ],
              [
                56.31859889061935,
                58.116537539371855
              ],
              [
                56.31967714976154,
                58.117708102622295
              ],
              [
                56.32327673838939,
                58.11783314915534
              ],
              [
                56.32458332836187,
                58.117522402975894
              ],
              [
                56.32411317381086,
                58.11593154116835
              ],
              [
                56.32530764277405,
                58.114931899371726
              ]
            ]
          ]
        ]
      }
    },
    {
      "type": "Feature",
      "properties": {
        "qc_id": 78,
        "fid": 79,
        "name": "Левшино",
        "original_name": null,
        "explainer": null,
        "Тип названия": "Реальное название",
        "idlabel": null,
        "auxiliary_storage_labeling_labelrotation": null,
        "auxiliary_storage_labeling_positionx": null,
        "auxiliary_storage_labeling_positiony": null,
        "auxiliary_storage_labeling_lineanchorpercent": null,
        "auxiliary_storage_labeling_lineanchorclipping": null,
        "auxiliary_storage_labeling_lineanchortype": null,
        "auxiliary_storage_labeling_lineanchortextpoint": null,
        "auxiliary_storage_labeling_show": null,
        "auxiliary_storage_callouts_originx": null,
        "auxiliary_storage_callouts_originy": null,
        "auxiliary_storage_callouts_destinationx": null,
        "auxiliary_storage_callouts_destinationy": null,
        "city": "Пермь"
      },
      "geometry": {
        "type": "MultiPolygon",
        "coordinates": [
          [
            [
              [
                56.389593531883705,
                58.14450776638356
              ],
              [
                56.38564606215373,
                58.144846565904245
              ],
              [
                56.37953522355249,
                58.13925774239698
              ],
              [
                56.37595868687524,
                58.13481936448804
              ],
              [
                56.37448148712015,
                58.13057650306776
              ],
              [
                56.37989876719253,
                58.129861723545474
              ],
              [
                56.38290390041225,
                58.12971746391184
              ],
              [
                56.38650265712777,
                58.1299730801887
              ],
              [
                56.39010553747725,
                58.12999036075932
              ],
              [
                56.39618534670959,
                58.13150175730488
              ],
              [
                56.402912927472826,
                58.13321444082374
              ],
              [
                56.402245052974486,
                58.134243743568426
              ],
              [
                56.40137672753434,
                58.13528533842046
              ],
              [
                56.40008872068542,
                58.135980810454996
              ],
              [
                56.39757244003818,
                58.136789600873264
              ],
              [
                56.39561377858086,
                58.137177423823395
              ],
              [
                56.39374820405702,
                58.1379759844965
              ],
              [
                56.392433579356606,
                58.14021989970679
              ],
              [
                56.388013809300126,
                58.141072367005336
              ],
              [
                56.39040550346628,
                58.14392300365504
              ],
              [
                56.389593531883705,
                58.14450776638356
              ]
            ]
          ]
        ]
      }
    },
    {
      "type": "Feature",
      "properties": {
        "qc_id": 79,
        "fid": 80,
        "name": "Заозерье",
        "original_name": null,
        "explainer": null,
        "Тип названия": "Реальное название",
        "idlabel": null,
        "auxiliary_storage_labeling_labelrotation": null,
        "auxiliary_storage_labeling_positionx": null,
        "auxiliary_storage_labeling_positiony": null,
        "auxiliary_storage_labeling_lineanchorpercent": null,
        "auxiliary_storage_labeling_lineanchorclipping": null,
        "auxiliary_storage_labeling_lineanchortype": null,
        "auxiliary_storage_labeling_lineanchortextpoint": null,
        "auxiliary_storage_labeling_show": null,
        "auxiliary_storage_callouts_originx": null,
        "auxiliary_storage_callouts_originy": null,
        "auxiliary_storage_callouts_destinationx": null,
        "auxiliary_storage_callouts_destinationy": null,
        "city": "Пермь"
      },
      "geometry": {
        "type": "MultiPolygon",
        "coordinates": [
          [
            [
              [
                56.3155898,
                58.1771542
              ],
              [
                56.316577037977204,
                58.17184152126679
              ],
              [
                56.31438120226711,
                58.16878538986344
              ],
              [
                56.3120768763074,
                58.16617866853286
              ],
              [
                56.311617902662476,
                58.16400543440785
              ],
              [
                56.31197667780985,
                58.160989483570226
              ],
              [
                56.31212281764275,
                58.158607729123304
              ],
              [
                56.2995458,
                58.154584700000015
              ],
              [
                56.299409,
                58.154693
              ],
              [
                56.2991837,
                58.154751
              ],
              [
                56.2989905,
                58.1547808
              ],
              [
                56.2988645,
                58.1547567
              ],
              [
                56.2987572,
                58.154693
              ],
              [
                56.2986284,
                58.154659
              ],
              [
                56.2985761,
                58.1547079
              ],
              [
                56.2978989,
                58.1551558
              ],
              [
                56.2972149,
                58.15518969999999
              ],
              [
                56.2966785,
                58.1554006
              ],
              [
                56.2963834,
                58.155319900000016
              ],
              [
                56.296472,
                58.1552648
              ],
              [
                56.29550540000001,
                58.1550457
              ],
              [
                56.2954661,
                58.1551713
              ],
              [
                56.2951952,
                58.15551379999999
              ],
              [
                56.2951791,
                58.1556808
              ],
              [
                56.2942538,
                58.1556101
              ],
              [
                56.294062,
                58.155672299999985
              ],
              [
                56.2940593,
                58.1557544
              ],
              [
                56.2940942,
                58.1557657
              ],
              [
                56.2945716,
                58.1558351
              ],
              [
                56.2945448,
                58.1559709
              ],
              [
                56.2944348,
                58.156216399999984
              ],
              [
                56.2943973,
                58.1563424
              ],
              [
                56.2942095,
                58.1563544
              ],
              [
                56.293665,
                58.1564259
              ],
              [
                56.2933472,
                58.156528499999986
              ],
              [
                56.2932654,
                58.1565073
              ],
              [
                56.2924138,
                58.1567931
              ],
              [
                56.29222,
                58.1572718
              ],
              [
                56.2924245,
                58.1575067
              ],
              [
                56.2927102,
                58.157698799999984
              ],
              [
                56.2929542,
                58.157890500000015
              ],
              [
                56.2929837,
                58.1580717
              ],
              [
                56.2931782,
                58.1582181
              ],
              [
                56.293256,
                58.1583837
              ],
              [
                56.2932855,
                58.15854359999999
              ],
              [
                56.2933338,
                58.1585889
              ],
              [
                56.293374,
                58.1586738
              ],
              [
                56.2933552,
                58.1587389
              ],
              [
                56.293264,
                58.1588422
              ],
              [
                56.2932372,
                58.1589002
              ],
              [
                56.2932399,
                58.158978
              ],
              [
                56.2933633,
                58.1590855
              ],
              [
                56.2934136,
                58.1591535
              ],
              [
                56.2933968,
                58.159198
              ],
              [
                56.2933485,
                58.1592497
              ],
              [
                56.293199,
                58.1593091
              ],
              [
                56.2931266,
                58.1593594
              ],
              [
                56.2931078,
                58.1594071
              ],
              [
                56.2931299,
                58.15945350000001
              ],
              [
                56.2931976,
                58.1595295
              ],
              [
                56.2932546,
                58.1596126
              ],
              [
                56.29327270000001,
                58.1597262
              ],
              [
                56.2932627,
                58.1597655
              ],
              [
                56.293197,
                58.1598249
              ],
              [
                56.2931487,
                58.1598921
              ],
              [
                56.2931205,
                58.159998899999984
              ],
              [
                56.2931581,
                58.160064
              ],
              [
                56.2932265,
                58.1601447
              ],
              [
                56.2932372,
                58.1602409
              ],
              [
                56.2932023,
                58.160306
              ],
              [
                56.2931487,
                58.1603668
              ],
              [
                56.293138,
                58.160453899999986
              ],
              [
                56.2931621,
                58.1605182
              ],
              [
                56.2932131,
                58.1606017
              ],
              [
                56.2932895,
                58.1606711
              ],
              [
                56.2933525,
                58.16070009999998
              ],
              [
                56.2934424,
                58.16071069999999
              ],
              [
                56.2935269,
                58.1607086
              ],
              [
                56.2939212,
                58.1605805
              ],
              [
                56.2940124,
                58.16056
              ],
              [
                56.2940942,
                58.1605748
              ],
              [
                56.2941545,
                58.1605954
              ],
              [
                56.2942564,
                58.1606682
              ],
              [
                56.2943181,
                58.1607637
              ],
              [
                56.2943423,
                58.1608635
              ],
              [
                56.2944844,
                58.1610439
              ],
              [
                56.2945743,
                58.1612066
              ],
              [
                56.294589,
                58.16128730000001
              ],
              [
                56.2945729,
                58.161409
              ],
              [
                56.2945354,
                58.16150660000001
              ],
              [
                56.2944938,
                58.1615887
              ],
              [
                56.2944791,
                58.161646
              ],
              [
                56.2944925,
                58.1617181
              ],
              [
                56.2945434,
                58.1617853
              ],
              [
                56.2945461,
                58.161866
              ],
              [
                56.2944965,
                58.161955100000014
              ],
              [
                56.2944362,
                58.16197349999999
              ],
              [
                56.2943181,
                58.1619855
              ],
              [
                56.2941746,
                58.16198980000002
              ],
              [
                56.2939493,
                58.1619749
              ],
              [
                56.2938461,
                58.161982
              ],
              [
                56.2938474,
                58.1620535
              ],
              [
                56.2940392,
                58.1622048
              ],
              [
                56.2940365,
                58.1623011
              ],
              [
                56.2938541,
                58.162444
              ],
              [
                56.2938434,
                58.162502
              ],
              [
                56.2939627,
                58.162562100000024
              ],
              [
                56.2942283,
                58.1625791
              ],
              [
                56.2943088,
                58.1626215
              ],
              [
                56.2942551,
                58.162751
              ],
              [
                56.2940995,
                58.1629038
              ],
              [
                56.2940432,
                58.1630276
              ],
              [
                56.2941465,
                58.16314290000001
              ],
              [
                56.2943463,
                58.163242
              ],
              [
                56.2946695,
                58.1633665
              ],
              [
                56.2948774,
                58.1633389
              ],
              [
                56.2950584,
                58.1634514
              ],
              [
                56.2951355,
                58.1636827
              ],
              [
                56.2951322,
                58.1637761
              ],
              [
                56.2951992,
                58.163948
              ],
              [
                56.2953548,
                58.1640414
              ],
              [
                56.2953535,
                58.164165199999985
              ],
              [
                56.2954903,
                58.1642698
              ],
              [
                56.2955332,
                58.1644248
              ],
              [
                56.2956271,
                58.1644962
              ],
              [
                56.2957156,
                58.164625
              ],
              [
                56.2956673,
                58.16473890000001
              ],
              [
                56.2955345,
                58.164818799999985
              ],
              [
                56.2954594,
                58.16492490000002
              ],
              [
                56.2954889,
                58.1650261
              ],
              [
                56.2956619,
                58.16515060000002
              ],
              [
                56.2959234,
                58.1652362
              ],
              [
                56.2960991,
                58.1653458
              ],
              [
                56.2962829,
                58.165536799999984
              ],
              [
                56.2964237,
                58.1656146
              ],
              [
                56.2967187,
                58.1657066
              ],
              [
                56.2969427,
                58.1657419
              ],
              [
                56.2970808,
                58.1657929
              ],
              [
                56.2971385,
                58.1660893
              ],
              [
                56.2972726,
                58.1662102
              ],
              [
                56.2974349,
                58.166286600000014
              ],
              [
                56.2977085,
                58.16649669999999
              ],
              [
                56.2980196,
                58.1668355
              ],
              [
                56.2968206,
                58.1671135
              ],
              [
                56.2968045,
                58.167521
              ],
              [
                56.2968904,
                58.16766949999999
              ],
              [
                56.2976736,
                58.1683952
              ],
              [
                56.2980276,
                58.1685975
              ],
              [
                56.2985077,
                58.16877719999999
              ],
              [
                56.2987626,
                58.1687206
              ],
              [
                56.2990254,
                58.168988
              ],
              [
                56.3019034,
                58.1701027
              ],
              [
                56.3023621,
                58.1704719
              ],
              [
                56.3027027,
                58.1703616
              ],
              [
                56.3022172,
                58.1699796
              ],
              [
                56.302582,
                58.1700037
              ],
              [
                56.3040331,
                58.1712131
              ],
              [
                56.3038172,
                58.172501099999984
              ],
              [
                56.3049598,
                58.1737607
              ],
              [
                56.3051543,
                58.1741447
              ],
              [
                56.3052582,
                58.1742419
              ],
              [
                56.3054091,
                58.1745994
              ],
              [
                56.3054869,
                58.1747196
              ],
              [
                56.3077748,
                58.1751991
              ],
              [
                56.3082951,
                58.1752755
              ],
              [
                56.3094082,
                58.1755598
              ],
              [
                56.309765,
                58.1757917
              ],
              [
                56.3102558,
                58.1759997
              ],
              [
                56.3109934,
                58.17622450000002
              ],
              [
                56.3117927,
                58.1763801
              ],
              [
                56.3128442,
                58.1765187
              ],
              [
                56.3155898,
                58.1771542
              ]
            ]
          ]
        ]
      }
    },
    {
      "type": "Feature",
      "properties": {
        "qc_id": 80,
        "fid": 81,
        "name": "Запруд",
        "original_name": null,
        "explainer": null,
        "Тип названия": "Реальное название",
        "idlabel": null,
        "auxiliary_storage_labeling_labelrotation": null,
        "auxiliary_storage_labeling_positionx": null,
        "auxiliary_storage_labeling_positiony": null,
        "auxiliary_storage_labeling_lineanchorpercent": null,
        "auxiliary_storage_labeling_lineanchorclipping": null,
        "auxiliary_storage_labeling_lineanchortype": null,
        "auxiliary_storage_labeling_lineanchortextpoint": null,
        "auxiliary_storage_labeling_show": null,
        "auxiliary_storage_callouts_originx": null,
        "auxiliary_storage_callouts_originy": null,
        "auxiliary_storage_callouts_destinationx": null,
        "auxiliary_storage_callouts_destinationy": null,
        "city": "Пермь"
      },
      "geometry": {
        "type": "MultiPolygon",
        "coordinates": [
          [
            [
              [
                56.321683104605604,
                58.0394902351356
              ],
              [
                56.32502676154309,
                58.04044531824624
              ],
              [
                56.3275250628925,
                58.04164982803671
              ],
              [
                56.32899972513427,
                58.04287537144316
              ],
              [
                56.330284960002786,
                58.043557202032865
              ],
              [
                56.33227059883728,
                58.044163274534576
              ],
              [
                56.334410002505074,
                58.044558334653736
              ],
              [
                56.336051719968374,
                58.044871345505946
              ],
              [
                56.33744631059119,
                58.0450506840639
              ],
              [
                56.33877043329924,
                58.04499138350882
              ],
              [
                56.33710360368329,
                58.04468489536422
              ],
              [
                56.33576128151785,
                58.04438007835643
              ],
              [
                56.33585600585815,
                58.04398347571941
              ],
              [
                56.336799223709974,
                58.04359791302569
              ],
              [
                56.338453266766884,
                58.0432425112259
              ],
              [
                56.34020918553653,
                58.04277510520115
              ],
              [
                56.341022173742296,
                58.042680040759436
              ],
              [
                56.343977725978306,
                58.04280781176659
              ],
              [
                56.346197614799266,
                58.04289864780952
              ],
              [
                56.348574612796746,
                58.04258653430971
              ],
              [
                56.3500129828601,
                58.042415190945015
              ],
              [
                56.352397694969866,
                58.04167285802666
              ],
              [
                56.35490375856769,
                58.041116407065275
              ],
              [
                56.35680791043436,
                58.04349537918366
              ],
              [
                56.35905378304705,
                58.04353317597737
              ],
              [
                56.362464291721466,
                58.04265021217029
              ],
              [
                56.36448974992711,
                58.04877560880249
              ],
              [
                56.38170496950637,
                58.04696401508964
              ],
              [
                56.384612734936724,
                58.043364534932884
              ],
              [
                56.38283453066643,
                58.037915723629155
              ],
              [
                56.369853126457166,
                58.03527101822362
              ],
              [
                56.35970561442976,
                58.03499888752018
              ],
              [
                56.35581743399216,
                58.033337942520774
              ],
              [
                56.35161103683665,
                58.032734182073916
              ],
              [
                56.3466696048349,
                58.03276186773412
              ],
              [
                56.34322697723272,
                58.03270444595241
              ],
              [
                56.34178098858547,
                58.03263079581119
              ],
              [
                56.34235324813375,
                58.03144825236405
              ],
              [
                56.3392018645827,
                58.03184226904241
              ],
              [
                56.33739411863396,
                58.03244175639187
              ],
              [
                56.33513643928582,
                58.033078579204606
              ],
              [
                56.3334088389034,
                58.033387223969
              ],
              [
                56.332179764292285,
                58.0337249343483
              ],
              [
                56.331645390925615,
                58.0342780668219
              ],
              [
                56.331338050761836,
                58.03470002374783
              ],
              [
                56.33060773171476,
                58.03505357397246
              ],
              [
                56.33017931678001,
                58.03527634280602
              ],
              [
                56.329561654918905,
                58.03527640111428
              ],
              [
                56.32886857452695,
                58.03530584122865
              ],
              [
                56.328290671782064,
                58.03551457912462
              ],
              [
                56.32750391127219,
                58.0358810504651
              ],
              [
                56.3269944907079,
                58.036096762486736
              ],
              [
                56.32592435245264,
                58.03660071010637
              ],
              [
                56.32527417136159,
                58.037000982195806
              ],
              [
                56.32464612310796,
                58.03755027994462
              ],
              [
                56.324277782031196,
                58.03789247691205
              ],
              [
                56.32386195893327,
                58.03810536401137
              ],
              [
                56.32248208482778,
                58.03848519939624
              ],
              [
                56.32222956171483,
                58.0389702999546
              ],
              [
                56.321683104605604,
                58.0394902351356
              ]
            ]
          ]
        ]
      }
    },
    {
      "type": "Feature",
      "properties": {
        "qc_id": 107,
        "fid": 108,
        "name": "Химдым",
        "original_name": null,
        "explainer": "Химдым – устойчивое разговорное название заводов на берегу Камы Камтэкс- Химпром. Ироничное сокращение от химический дым.",
        "Тип названия": "Историческая ассоциация",
        "idlabel": 44,
        "auxiliary_storage_labeling_labelrotation": null,
        "auxiliary_storage_labeling_positionx": null,
        "auxiliary_storage_labeling_positiony": null,
        "auxiliary_storage_labeling_lineanchorpercent": null,
        "auxiliary_storage_labeling_lineanchorclipping": null,
        "auxiliary_storage_labeling_lineanchortype": null,
        "auxiliary_storage_labeling_lineanchortextpoint": null,
        "auxiliary_storage_labeling_show": null,
        "auxiliary_storage_callouts_originx": null,
        "auxiliary_storage_callouts_originy": null,
        "auxiliary_storage_callouts_destinationx": null,
        "auxiliary_storage_callouts_destinationy": null,
        "city": "Пермь"
      },
      "geometry": {
        "type": "MultiPolygon",
        "coordinates": [
          [
            [
              [
                56.35584148920102,
                58.09741818404961
              ],
              [
                56.34351098162318,
                58.09603493773031
              ],
              [
                56.34414992394659,
                58.0908462315748
              ],
              [
                56.352950298969056,
                58.08934255117456
              ],
              [
                56.35676298969578,
                58.09726400066477
              ],
              [
                56.35584148920102,
                58.09741818404961
              ]
            ]
          ]
        ]
      }
    },
    {
      "type": "Feature",
      "properties": {
        "qc_id": 82,
        "fid": 83,
        "name": "Вышка II",
        "original_name": null,
        "explainer": null,
        "Тип названия": "Реальное название",
        "idlabel": null,
        "auxiliary_storage_labeling_labelrotation": null,
        "auxiliary_storage_labeling_positionx": null,
        "auxiliary_storage_labeling_positiony": null,
        "auxiliary_storage_labeling_lineanchorpercent": null,
        "auxiliary_storage_labeling_lineanchorclipping": null,
        "auxiliary_storage_labeling_lineanchortype": null,
        "auxiliary_storage_labeling_lineanchortextpoint": null,
        "auxiliary_storage_labeling_show": null,
        "auxiliary_storage_callouts_originx": null,
        "auxiliary_storage_callouts_originy": null,
        "auxiliary_storage_callouts_destinationx": null,
        "auxiliary_storage_callouts_destinationy": null,
        "city": "Пермь"
      },
      "geometry": {
        "type": "MultiPolygon",
        "coordinates": [
          [
            [
              [
                56.33650545321782,
                58.055409998730624
              ],
              [
                56.339056651185125,
                58.06124037533731
              ],
              [
                56.34066673845249,
                58.06331361542706
              ],
              [
                56.342871296903695,
                58.06566786836299
              ],
              [
                56.34515688857368,
                58.06770482200252
              ],
              [
                56.3463308382947,
                58.06907420981052
              ],
              [
                56.34740544793507,
                58.070416604437796
              ],
              [
                56.3482461619648,
                58.07226077957354
              ],
              [
                56.34930576858862,
                58.074436978407384
              ],
              [
                56.35012543491478,
                58.07538756988095
              ],
              [
                56.35165603209145,
                58.07502474625631
              ],
              [
                56.353092180010165,
                58.074356985915884
              ],
              [
                56.355975234229774,
                58.073802423222844
              ],
              [
                56.35697445587311,
                58.07380747010873
              ],
              [
                56.357998420830384,
                58.073825870306884
              ],
              [
                56.358842777544666,
                58.07410808793181
              ],
              [
                56.367671550513194,
                58.0721670807793
              ],
              [
                56.367296369132674,
                58.06795602177676
              ],
              [
                56.36993728430067,
                58.06550712665265
              ],
              [
                56.37477315944934,
                58.06320133364859
              ],
              [
                56.3755264618204,
                58.06010769357543
              ],
              [
                56.3733786045995,
                58.05726453829296
              ],
              [
                56.37151117052484,
                58.05553459396588
              ],
              [
                56.36725614535462,
                58.05045718335114
              ],
              [
                56.36448974992711,
                58.04877560880249
              ],
              [
                56.36298065926467,
                58.04940342212737
              ],
              [
                56.360332159871206,
                58.04952251235181
              ],
              [
                56.357757789570684,
                58.04829179624461
              ],
              [
                56.355221125494765,
                58.047749517640234
              ],
              [
                56.35347901943272,
                58.04744948192999
              ],
              [
                56.35163421885099,
                58.04730773787154
              ],
              [
                56.35013649758469,
                58.04730010396115
              ],
              [
                56.34803679692171,
                58.04744821051738
              ],
              [
                56.344935200990086,
                58.04777644451832
              ],
              [
                56.34234057950788,
                58.04768365287791
              ],
              [
                56.34040132805525,
                58.0472500542384
              ],
              [
                56.33877043329924,
                58.04499138350882
              ],
              [
                56.33744631059119,
                58.0450506840639
              ],
              [
                56.339311795870614,
                58.04676789083611
              ],
              [
                56.33943128552478,
                58.04840984227259
              ],
              [
                56.339145011013066,
                58.0503938383293
              ],
              [
                56.339522459568414,
                58.051587084739026
              ],
              [
                56.339048652549465,
                58.05290828034509
              ],
              [
                56.33732402061901,
                58.054355337597315
              ],
              [
                56.33650545321782,
                58.055409998730624
              ]
            ]
          ]
        ]
      }
    },
    {
      "type": "Feature",
      "properties": {
        "qc_id": 83,
        "fid": 84,
        "name": "Плеханка",
        "original_name": null,
        "explainer": "Реальное название микрорайона – Данилиха (в честь одноименной реки), однако чаще всего для обозначения центральной улицы (Плеханова) и дворовых улиц в обе стороны от нее называют Плеханка.",
        "Тип названия": "Ассоциация с объектом",
        "idlabel": null,
        "auxiliary_storage_labeling_labelrotation": 351.6604001457196,
        "auxiliary_storage_labeling_positionx": 452272.61898349074,
        "auxiliary_storage_labeling_positiony": 6428757.032938579,
        "auxiliary_storage_labeling_lineanchorpercent": null,
        "auxiliary_storage_labeling_lineanchorclipping": null,
        "auxiliary_storage_labeling_lineanchortype": null,
        "auxiliary_storage_labeling_lineanchortextpoint": null,
        "auxiliary_storage_labeling_show": null,
        "auxiliary_storage_callouts_originx": null,
        "auxiliary_storage_callouts_originy": null,
        "auxiliary_storage_callouts_destinationx": null,
        "auxiliary_storage_callouts_destinationy": null,
        "city": "Пермь"
      },
      "geometry": {
        "type": "MultiPolygon",
        "coordinates": [
          [
            [
              [
                56.19381129572729,
                58.00417411400498
              ],
              [
                56.196475237640335,
                58.00300663675756
              ],
              [
                56.20059641607346,
                58.00268843567108
              ],
              [
                56.204267609056465,
                58.00242023554527
              ],
              [
                56.20537039283279,
                58.00216239052856
              ],
              [
                56.209171398554375,
                58.001656597287685
              ],
              [
                56.210546598283834,
                58.00147982115865
              ],
              [
                56.21304708540071,
                58.00115115274836
              ],
              [
                56.215345779332544,
                58.000927085588415
              ],
              [
                56.217878437313736,
                58.00140596545724
              ],
              [
                56.22122006750293,
                58.0022466226059
              ],
              [
                56.22176400266854,
                58.00103499471514
              ],
              [
                56.22172034940382,
                58.00053572802806
              ],
              [
                56.22149556238415,
                58.000223382114456
              ],
              [
                56.22140618959746,
                57.99994802382493
              ],
              [
                56.22228458141507,
                57.99964242464534
              ],
              [
                56.223723697158704,
                57.999231763264
              ],
              [
                56.22496805026821,
                57.999007928429876
              ],
              [
                56.225538833697804,
                57.99865124380445
              ],
              [
                56.22488152174531,
                57.997919217835396
              ],
              [
                56.22327789119692,
                57.997141704723695
              ],
              [
                56.22159510120633,
                57.99656885720478
              ],
              [
                56.2182389728354,
                57.99556875759254
              ],
              [
                56.218208492810376,
                57.9923917358787
              ],
              [
                56.209793017897965,
                57.99178873394097
              ],
              [
                56.20444850559203,
                57.992255117609474
              ],
              [
                56.20396740906412,
                57.99259295689822
              ],
              [
                56.202401907171016,
                57.99209338953434
              ],
              [
                56.20224156125171,
                57.992264748389594
              ],
              [
                56.198977265536314,
                57.99141334141313
              ],
              [
                56.203314131841246,
                57.99254584817635
              ],
              [
                56.202846291088065,
                57.99284736497663
              ],
              [
                56.20254118077878,
                57.99311680805615
              ],
              [
                56.20205777343375,
                57.99355721116795
              ],
              [
                56.20110721663466,
                57.994266035178214
              ],
              [
                56.20017726844493,
                57.995166915783244
              ],
              [
                56.199334069661205,
                57.996088190810376
              ],
              [
                56.19900757682336,
                57.996754595881676
              ],
              [
                56.1986389513823,
                57.99763252403078
              ],
              [
                56.198276667692035,
                57.998225899196115
              ],
              [
                56.19781772942001,
                57.999172328482054
              ],
              [
                56.1971381137533,
                58.00032514611431
              ],
              [
                56.19586468505714,
                58.00122832436523
              ],
              [
                56.19486312577142,
                58.00154742662915
              ],
              [
                56.19355267480869,
                58.00166930252486
              ],
              [
                56.19289040980192,
                58.00163306269714
              ],
              [
                56.19227856926511,
                58.00176630907341
              ],
              [
                56.19381129572729,
                58.00417411400498
              ]
            ]
          ]
        ]
      }
    },
    {
      "type": "Feature",
      "properties": {
        "qc_id": 84,
        "fid": 85,
        "name": "Крым",
        "original_name": "Старый Крым, Новый Крым, Крымский",
        "explainer": "Микрорайон Крым в Перми начал формироваться в 1941 году, когда сюда были эвакуированы специалисты и оборудование из бромных заводов Крыма — из городов Саки и Красноперекопск. На новом месте был построен завод № 749 (позднее Уральский химический завод, затем «Галоген»), вокруг которого вырос рабочий посёлок. Его назвали «Новый Крым» в память о родине эвакуированных, а само название «Крым» закрепилось за микрорайоном, с улицами, получившими имена крымских и южных городов.",
        "Тип названия": "Реальное название",
        "idlabel": null,
        "auxiliary_storage_labeling_labelrotation": null,
        "auxiliary_storage_labeling_positionx": null,
        "auxiliary_storage_labeling_positiony": null,
        "auxiliary_storage_labeling_lineanchorpercent": null,
        "auxiliary_storage_labeling_lineanchorclipping": null,
        "auxiliary_storage_labeling_lineanchortype": null,
        "auxiliary_storage_labeling_lineanchortextpoint": null,
        "auxiliary_storage_labeling_show": null,
        "auxiliary_storage_callouts_originx": null,
        "auxiliary_storage_callouts_originy": null,
        "auxiliary_storage_callouts_destinationx": null,
        "auxiliary_storage_callouts_destinationy": null,
        "city": "Пермь"
      },
      "geometry": {
        "type": "MultiPolygon",
        "coordinates": [
          [
            [
              [
                55.82317361037324,
                58.03972137850779
              ],
              [
                55.82322144639092,
                58.03826570634593
              ],
              [
                55.82322144639092,
                58.03826570634593
              ],
              [
                55.82387331796173,
                58.036656766402906
              ],
              [
                55.824323793911844,
                58.03509891305142
              ],
              [
                55.82485451905302,
                58.03261517995474
              ],
              [
                55.8258411438408,
                58.02992385125169
              ],
              [
                55.826509213141506,
                58.02781202482025
              ],
              [
                55.82675947532415,
                58.02626555356724
              ],
              [
                55.825854756512086,
                58.02417893602405
              ],
              [
                55.82527914418495,
                58.02194973682562
              ],
              [
                55.82487881499847,
                58.02046344879347
              ],
              [
                55.82706286177841,
                58.02004675902414
              ],
              [
                55.82888906139908,
                58.0198914885282
              ],
              [
                55.830858836790725,
                58.019922834781894
              ],
              [
                55.831613751635324,
                58.02125350910948
              ],
              [
                55.832095231195034,
                58.0225551949396
              ],
              [
                55.832260691920695,
                58.023602468865064
              ],
              [
                55.832242074918355,
                58.02493927683514
              ],
              [
                55.83217062301786,
                58.025600491901784
              ],
              [
                55.83539992796556,
                58.025272667930956
              ],
              [
                55.838215872479964,
                58.024610055267075
              ],
              [
                55.84042967364626,
                58.024047796037024
              ],
              [
                55.841531414161516,
                58.023925453889646
              ],
              [
                55.848062038204375,
                58.02411709598663
              ],
              [
                55.849783127213755,
                58.02646243786093
              ],
              [
                55.850461815552634,
                58.02863949719361
              ],
              [
                55.85090299963799,
                58.03044376199967
              ],
              [
                55.85141364268338,
                58.031639732721985
              ],
              [
                55.849450721766985,
                58.03215150213241
              ],
              [
                55.84578102255972,
                58.03296547558379
              ],
              [
                55.84257135985131,
                58.03343935556029
              ],
              [
                55.84001543458249,
                58.03376026468354
              ],
              [
                55.83816577050446,
                58.0338492971252
              ],
              [
                55.83835237511041,
                58.03271258501964
              ],
              [
                55.83867234938604,
                58.03208010986079
              ],
              [
                55.83797638448989,
                58.031994334844946
              ],
              [
                55.837455953681534,
                58.032651452734505
              ],
              [
                55.83702842387077,
                58.033521215387566
              ],
              [
                55.836414174591106,
                58.033992148638376
              ],
              [
                55.83522952379008,
                58.0335841940812
              ],
              [
                55.83466256500554,
                58.034134975999756
              ],
              [
                55.8330615002527,
                58.03425268453862
              ],
              [
                55.8344690531839,
                58.03241234373894
              ],
              [
                55.83651820074385,
                58.03078965138087
              ],
              [
                55.83770011174627,
                58.02974145665894
              ],
              [
                55.837964169156876,
                58.02929379600846
              ],
              [
                55.83732845950813,
                58.02889086967528
              ],
              [
                55.83587215173393,
                58.02916878309064
              ],
              [
                55.83495946956167,
                58.02961050508395
              ],
              [
                55.834674752106395,
                58.02915782753328
              ],
              [
                55.83489153411385,
                58.028630315856475
              ],
              [
                55.8348614410913,
                58.028021120027354
              ],
              [
                55.8348614410913,
                58.028021120027354
              ],
              [
                55.834293704595964,
                58.028598367990874
              ],
              [
                55.834293704595964,
                58.028598367990874
              ],
              [
                55.832905383696115,
                58.02832089914735
              ],
              [
                55.83246413268728,
                58.028078579612824
              ],
              [
                55.8319471105983,
                58.028629807637834
              ],
              [
                55.83211733841683,
                58.0295315129588
              ],
              [
                55.83164241375306,
                58.03032139922249
              ],
              [
                55.831309379431055,
                58.031350859637875
              ],
              [
                55.830837867836244,
                58.032034875043315
              ],
              [
                55.830111668970964,
                58.03287539735902
              ],
              [
                55.829226225908414,
                58.03400567407596
              ],
              [
                55.82809642334451,
                58.03497484687634
              ],
              [
                55.82717656364891,
                58.03562824639774
              ],
              [
                55.82830262922591,
                58.03630048470472
              ],
              [
                55.82868193209312,
                58.03691289512394
              ],
              [
                55.82810356072526,
                58.0378077156923
              ],
              [
                55.82723353219597,
                58.03846157440531
              ],
              [
                55.82612435608744,
                58.03879552510374
              ],
              [
                55.82377187270834,
                58.03898561231006
              ],
              [
                55.82317361037324,
                58.03972137850779
              ]
            ]
          ]
        ]
      }
    },
    {
      "type": "Feature",
      "properties": {
        "qc_id": 85,
        "fid": 86,
        "name": "Январский",
        "original_name": null,
        "explainer": "Официальное название микрорайона – Новый Январский. Дело в том, что Январских в Перми целых два. Его история начинается с 1930-х годов, когда на месте бывших лесных дач появились первые частные дома и столовая, а поселок получил название Январский, предположительно из-за времени начала строительства . В 1971 году, чтобы избежать путаницы с одноимённым микрорайоном в Орджоникидзевском районе, поселок официально переименовали в Лесной, однако новое название не прижилось, и жители продолжали называть его Январским. Впоследствии, для различения двух районов, за ним закрепилось название Новый Январский. Микрорайон Январский (не новый, обычный) находится в совершенно другой части города и никак не связан с этим Январским.",
        "Тип названия": "Реальное название",
        "idlabel": null,
        "auxiliary_storage_labeling_labelrotation": null,
        "auxiliary_storage_labeling_positionx": null,
        "auxiliary_storage_labeling_positiony": null,
        "auxiliary_storage_labeling_lineanchorpercent": null,
        "auxiliary_storage_labeling_lineanchorclipping": null,
        "auxiliary_storage_labeling_lineanchortype": null,
        "auxiliary_storage_labeling_lineanchortextpoint": null,
        "auxiliary_storage_labeling_show": null,
        "auxiliary_storage_callouts_originx": null,
        "auxiliary_storage_callouts_originy": null,
        "auxiliary_storage_callouts_destinationx": null,
        "auxiliary_storage_callouts_destinationy": null,
        "city": "Пермь"
      },
      "geometry": {
        "type": "MultiPolygon",
        "coordinates": [
          [
            [
              [
                56.38467074630324,
                58.1164929722419
              ],
              [
                56.38804927046661,
                58.117846103004865
              ],
              [
                56.38900931772265,
                58.11875077829114
              ],
              [
                56.38984548063443,
                58.119588671644216
              ],
              [
                56.39133315725461,
                58.12036348918165
              ],
              [
                56.39310190053358,
                58.12079548244816
              ],
              [
                56.39570331461449,
                58.12080783722415
              ],
              [
                56.39827837874286,
                58.120899432549095
              ],
              [
                56.40109626684859,
                58.12142891523288
              ],
              [
                56.40360054897797,
                58.121268580342914
              ],
              [
                56.405506459822256,
                58.12098628116563
              ],
              [
                56.407010804271536,
                58.12078150468282
              ],
              [
                56.40851337731401,
                58.12068259281578
              ],
              [
                56.409715342298824,
                58.12060874468351
              ],
              [
                56.41104127808904,
                58.120601639462116
              ],
              [
                56.41254209039,
                58.12060856254441
              ],
              [
                56.41396960079275,
                58.12050924060675
              ],
              [
                56.41817639797181,
                58.12025054241436
              ],
              [
                56.41957929586838,
                58.12012457283449
              ],
              [
                56.417391212147336,
                58.114714177867164
              ],
              [
                56.41511752202597,
                58.1145714048741
              ],
              [
                56.41337165307567,
                58.114272184970915
              ],
              [
                56.408152869782,
                58.11375832225502
              ],
              [
                56.40636170288399,
                58.11318083273709
              ],
              [
                56.40434773049172,
                58.112469913719536
              ],
              [
                56.40310242840919,
                58.112159653849666
              ],
              [
                56.40197886039292,
                58.1120484979299
              ],
              [
                56.39992290855928,
                58.11235651006719
              ],
              [
                56.39861470723568,
                58.11281361816683
              ],
              [
                56.39725533884188,
                58.11333665274708
              ],
              [
                56.39584613711046,
                58.113846200435695
              ],
              [
                56.3944395885541,
                58.11419690908138
              ],
              [
                56.39254793097314,
                58.115127691216834
              ],
              [
                56.39081888119195,
                58.115317987045586
              ],
              [
                56.388668950743664,
                58.11525475155129
              ],
              [
                56.38711721484248,
                58.11531348378284
              ],
              [
                56.38553454258687,
                58.11571619321977
              ],
              [
                56.38440521409883,
                58.11593576372746
              ],
              [
                56.38412667833118,
                58.11613296392765
              ],
              [
                56.38467074630324,
                58.1164929722419
              ]
            ]
          ]
        ]
      }
    },
    {
      "type": "Feature",
      "properties": {
        "qc_id": 86,
        "fid": 87,
        "name": "Южный",
        "original_name": null,
        "explainer": "Название объясняется положением района: он действительно был самым южным районом города до новых застроек и включения Альгешево.",
        "Тип названия": "Визуальная ассоциация",
        "idlabel": null,
        "auxiliary_storage_labeling_labelrotation": null,
        "auxiliary_storage_labeling_positionx": null,
        "auxiliary_storage_labeling_positiony": null,
        "auxiliary_storage_labeling_lineanchorpercent": null,
        "auxiliary_storage_labeling_lineanchorclipping": null,
        "auxiliary_storage_labeling_lineanchortype": null,
        "auxiliary_storage_labeling_lineanchortextpoint": null,
        "auxiliary_storage_labeling_show": null,
        "auxiliary_storage_callouts_originx": null,
        "auxiliary_storage_callouts_originy": null,
        "auxiliary_storage_callouts_destinationx": null,
        "auxiliary_storage_callouts_destinationy": null,
        "city": "Пермь"
      },
      "geometry": {
        "type": "MultiPolygon",
        "coordinates": [
          [
            [
              [
                56.28437618973653,
                57.97816781300116
              ],
              [
                56.28842369291095,
                57.976345922655966
              ],
              [
                56.29169050082678,
                57.974934587164526
              ],
              [
                56.29429065133091,
                57.974472517252416
              ],
              [
                56.29949746628171,
                57.97320409900712
              ],
              [
                56.303822573750516,
                57.97113644077214
              ],
              [
                56.30651272687558,
                57.97115113752771
              ],
              [
                56.30830412416978,
                57.97126678658385
              ],
              [
                56.3119031858311,
                57.97065094578723
              ],
              [
                56.31500093293837,
                57.970191145232164
              ],
              [
                56.3178993379349,
                57.96973020049878
              ],
              [
                56.32064722181219,
                57.96932133289883
              ],
              [
                56.31981540328062,
                57.96852268307543
              ],
              [
                56.32809942476881,
                57.96777251470956
              ],
              [
                56.33130530890279,
                57.97485781579345
              ],
              [
                56.32507295300166,
                57.97506315850246
              ],
              [
                56.32271577924272,
                57.97587130506874
              ],
              [
                56.32220804031692,
                57.97637159556985
              ],
              [
                56.32105255225783,
                57.976868428186194
              ],
              [
                56.319259327425485,
                57.97683237035165
              ],
              [
                56.31691701728063,
                57.97684628655036
              ],
              [
                56.31690543291808,
                57.97745511333589
              ],
              [
                56.31690543291808,
                57.97745511333589
              ],
              [
                56.31629491136274,
                57.97811366903073
              ],
              [
                56.31578705120163,
                57.97861393346797
              ],
              [
                56.31578705120163,
                57.97861393346797
              ],
              [
                56.31648162098959,
                57.97877650822146
              ],
              [
                56.31521116938449,
                57.980066873142846
              ],
              [
                56.31521116938449,
                57.980066873142846
              ],
              [
                56.31499164310871,
                57.98112462816357
              ],
              [
                56.313831347926794,
                57.981859630558965
              ],
              [
                56.31217571262536,
                57.98243310455831
              ],
              [
                56.31227721887881,
                57.98363819404304
              ],
              [
                56.31211756705908,
                57.984166799214606
              ],
              [
                56.31155997991014,
                57.98465354116943
              ],
              [
                56.311677717466125,
                57.98501156937955
              ],
              [
                56.31122080248538,
                57.98544590768019
              ],
              [
                56.30974295795559,
                57.98583499893685
              ],
              [
                56.30963869896008,
                57.98607269394581
              ],
              [
                56.311354823309415,
                57.9862540723012
              ],
              [
                56.31170572488803,
                57.98615007764898
              ],
              [
                56.31226561613941,
                57.9855442172058
              ],
              [
                56.3131494281453,
                57.98494010360596
              ],
              [
                56.31432868670582,
                57.98452289055691
              ],
              [
                56.31475254812003,
                57.98451193771563
              ],
              [
                56.314363605078384,
                57.985304044315534
              ],
              [
                56.313707872991515,
                57.98571084634536
              ],
              [
                56.31352403609742,
                57.988807242396675
              ],
              [
                56.31452153077204,
                57.99008334349566
              ],
              [
                56.31462086018527,
                57.991407547830335
              ],
              [
                56.31460670202569,
                57.99214872619333
              ],
              [
                56.314891883549535,
                57.99287827998992
              ],
              [
                56.31532738113371,
                57.99356893194143
              ],
              [
                56.31640287352093,
                57.99468659620859
              ],
              [
                56.31681727691049,
                57.99517857916641
              ],
              [
                56.31730420254126,
                57.99579007994314
              ],
              [
                56.3179122536984,
                57.996587541577355
              ],
              [
                56.318770105611115,
                57.99735986440081
              ],
              [
                56.3184823291143,
                57.998073103714866
              ],
              [
                56.31787425133283,
                57.99858607562014
              ],
              [
                56.3175617703912,
                57.99928594370037
              ],
              [
                56.31677814890003,
                57.999850915487244
              ],
              [
                56.31595145948347,
                58.000058260855994
              ],
              [
                56.315124787620604,
                58.00043994429844
              ],
              [
                56.31179808641819,
                57.99776068693301
              ],
              [
                56.30780482592953,
                57.99577197053486
              ],
              [
                56.30509715356463,
                57.994932783375866
              ],
              [
                56.29247757982908,
                57.98753951586974
              ],
              [
                56.293316625161644,
                57.986697028923025
              ],
              [
                56.293978227305374,
                57.983470940441116
              ],
              [
                56.29402345066896,
                57.98243872621985
              ],
              [
                56.294117982418534,
                57.9814332589237
              ],
              [
                56.29583614189714,
                57.98149572845646
              ],
              [
                56.29606583954895,
                57.97867757482909
              ],
              [
                56.297861460527855,
                57.97859484200204
              ],
              [
                56.29797690483071,
                57.9777880381569
              ],
              [
                56.29616497415775,
                57.97743386976748
              ],
              [
                56.29454718093905,
                57.97734548717488
              ],
              [
                56.291902219770954,
                57.97754257843208
              ],
              [
                56.28893152180383,
                57.977830451514
              ],
              [
                56.287584098524775,
                57.97792880602755
              ],
              [
                56.28601113031295,
                57.97809206424282
              ],
              [
                56.28437618973653,
                57.97816781300116
              ]
            ]
          ]
        ]
      }
    },
    {
      "type": "Feature",
      "properties": {
        "qc_id": 87,
        "fid": 88,
        "name": "Липа",
        "original_name": "мкр. Липовая гора",
        "explainer": "Сокращение от названия микрорайона Липовая гора. Название местности дано по расположенному здесь в XIX веке лесному липовому массиву",
        "Тип названия": "Ассоциация с официальным названием",
        "idlabel": null,
        "auxiliary_storage_labeling_labelrotation": null,
        "auxiliary_storage_labeling_positionx": null,
        "auxiliary_storage_labeling_positiony": null,
        "auxiliary_storage_labeling_lineanchorpercent": null,
        "auxiliary_storage_labeling_lineanchorclipping": null,
        "auxiliary_storage_labeling_lineanchortype": null,
        "auxiliary_storage_labeling_lineanchortextpoint": null,
        "auxiliary_storage_labeling_show": null,
        "auxiliary_storage_callouts_originx": null,
        "auxiliary_storage_callouts_originy": null,
        "auxiliary_storage_callouts_destinationx": null,
        "auxiliary_storage_callouts_destinationy": null,
        "city": "Пермь"
      },
      "geometry": {
        "type": "MultiPolygon",
        "coordinates": [
          [
            [
              [
                56.26561344238296,
                57.95626840536269
              ],
              [
                56.265121715385696,
                57.95352554097748
              ],
              [
                56.26509493737363,
                57.95118246672331
              ],
              [
                56.26488389305497,
                57.9493280893653
              ],
              [
                56.26538338184246,
                57.948033766110754
              ],
              [
                56.268465157802666,
                57.94462319424254
              ],
              [
                56.2692368,
                57.941799300000014
              ],
              [
                56.2692129,
                57.941421
              ],
              [
                56.2704847,
                57.9414822
              ],
              [
                56.2767938,
                57.94281309999999
              ],
              [
                56.2822387,
                57.9429295
              ],
              [
                56.2878771,
                57.94149830000001
              ],
              [
                56.2894125,
                57.9408202
              ],
              [
                56.2897995,
                57.9409572
              ],
              [
                56.290664,
                57.940786
              ],
              [
                56.290566072524065,
                57.942312875084994
              ],
              [
                56.28835647319856,
                57.943280049630715
              ],
              [
                56.28783403692372,
                57.94452138518993
              ],
              [
                56.288991071815914,
                57.9464339632968
              ],
              [
                56.28939725395732,
                57.94855412428865
              ],
              [
                56.29017710310404,
                57.949405636461904
              ],
              [
                56.29390075585566,
                57.94995584359028
              ],
              [
                56.295637116257936,
                57.95028315825895
              ],
              [
                56.2972101642506,
                57.95132433341138
              ],
              [
                56.29748096089771,
                57.95275540361486
              ],
              [
                56.29716408755306,
                57.95368022774628
              ],
              [
                56.29574964078957,
                57.954704870837446
              ],
              [
                56.29433667289163,
                57.955650085772746
              ],
              [
                56.291974872958995,
                57.95672237318781
              ],
              [
                56.283109345727986,
                57.95675211915922
              ],
              [
                56.27156280065594,
                57.95636881173597
              ],
              [
                56.26561344238296,
                57.95626840536269
              ]
            ]
          ]
        ]
      }
    },
    {
      "type": "Feature",
      "properties": {
        "qc_id": 88,
        "fid": 89,
        "name": "Верхняя Курья",
        "original_name": null,
        "explainer": null,
        "Тип названия": "Реальное название",
        "idlabel": null,
        "auxiliary_storage_labeling_labelrotation": null,
        "auxiliary_storage_labeling_positionx": null,
        "auxiliary_storage_labeling_positiony": null,
        "auxiliary_storage_labeling_lineanchorpercent": null,
        "auxiliary_storage_labeling_lineanchorclipping": null,
        "auxiliary_storage_labeling_lineanchortype": null,
        "auxiliary_storage_labeling_lineanchortextpoint": null,
        "auxiliary_storage_labeling_show": null,
        "auxiliary_storage_callouts_originx": null,
        "auxiliary_storage_callouts_originy": null,
        "auxiliary_storage_callouts_destinationx": null,
        "auxiliary_storage_callouts_destinationy": null,
        "city": "Пермь"
      },
      "geometry": {
        "type": "MultiPolygon",
        "coordinates": [
          [
            [
              [
                56.255728270014785,
                58.03662218785716
              ],
              [
                56.254845919566826,
                58.03866742592468
              ],
              [
                56.26864517289798,
                58.04124915902147
              ],
              [
                56.27225661847672,
                58.04408925381234
              ],
              [
                56.274354095443094,
                58.05144754985951
              ],
              [
                56.277509605874755,
                58.05468198578161
              ],
              [
                56.28076772297385,
                58.056566786461936
              ],
              [
                56.28411062279802,
                58.05797546133393
              ],
              [
                56.285380876641845,
                58.058141433366174
              ],
              [
                56.289302101531106,
                58.05685295059335
              ],
              [
                56.297262381963996,
                58.059676798425755
              ],
              [
                56.304907282869344,
                58.063372035396256
              ],
              [
                56.30336097267522,
                58.065825587376665
              ],
              [
                56.30488269092642,
                58.06849444555524
              ],
              [
                56.30652421760497,
                58.06886077822246
              ],
              [
                56.30879668389661,
                58.06760242005579
              ],
              [
                56.30905827716427,
                58.065697777037535
              ],
              [
                56.30994140885058,
                58.0626449217229
              ],
              [
                56.31014176777632,
                58.060025169691166
              ],
              [
                56.3073550558955,
                58.05691269166555
              ],
              [
                56.305219795898815,
                58.054994996385105
              ],
              [
                56.30353028580304,
                58.053278250919966
              ],
              [
                56.3005661843151,
                58.051633908157136
              ],
              [
                56.298118806311855,
                58.050389441542755
              ],
              [
                56.29627227205716,
                58.049068829029764
              ],
              [
                56.295017144327765,
                58.04814856218007
              ],
              [
                56.2920601390219,
                58.046186378142835
              ],
              [
                56.28961106555884,
                58.04506086478677
              ],
              [
                56.28850442826973,
                58.04422078006789
              ],
              [
                56.28613364356646,
                58.042936796615464
              ],
              [
                56.282343621318134,
                58.04148593799281
              ],
              [
                56.27863837364369,
                58.03955892658219
              ],
              [
                56.274926290345945,
                58.03798915586644
              ],
              [
                56.27097863237255,
                58.03697386619873
              ],
              [
                56.267483613180815,
                58.03580221817617
              ],
              [
                56.26443715695224,
                58.034672775400544
              ],
              [
                56.262060506372535,
                58.03374569281094
              ],
              [
                56.25859983542216,
                58.03293267272027
              ],
              [
                56.255728270014785,
                58.03662218785716
              ]
            ]
          ]
        ]
      }
    },
    {
      "type": "Feature",
      "properties": {
        "qc_id": 90,
        "fid": 91,
        "name": "Дружба",
        "original_name": null,
        "explainer": "Микрорайон, который получил свое название из-за площади Дружбы.",
        "Тип названия": "Ассоциация с объектом",
        "idlabel": null,
        "auxiliary_storage_labeling_labelrotation": null,
        "auxiliary_storage_labeling_positionx": null,
        "auxiliary_storage_labeling_positiony": null,
        "auxiliary_storage_labeling_lineanchorpercent": null,
        "auxiliary_storage_labeling_lineanchorclipping": null,
        "auxiliary_storage_labeling_lineanchortype": null,
        "auxiliary_storage_labeling_lineanchortextpoint": null,
        "auxiliary_storage_labeling_show": null,
        "auxiliary_storage_callouts_originx": null,
        "auxiliary_storage_callouts_originy": null,
        "auxiliary_storage_callouts_destinationx": null,
        "auxiliary_storage_callouts_destinationy": null,
        "photos": [
          {
            "src": "/images/descriptions/image_31_1.jpeg",
            "alt": "Дружба"
          }
        ],
        "city": "Пермь"
      },
      "geometry": {
        "type": "MultiPolygon",
        "coordinates": [
          [
            [
              [
                56.2756688347445,
                58.01955119585087
              ],
              [
                56.27249305719122,
                58.01839638431513
              ],
              [
                56.273804289915795,
                58.01646800628507
              ],
              [
                56.27499693280055,
                58.014846692291854
              ],
              [
                56.27561873712469,
                58.01369864045831
              ],
              [
                56.27703252282574,
                58.01316066544605
              ],
              [
                56.2777850329517,
                58.01300348278951
              ],
              [
                56.27794397063542,
                58.011557581299094
              ],
              [
                56.278494011045424,
                58.01025026782922
              ],
              [
                56.27993273554564,
                58.008461534425436
              ],
              [
                56.281257524081376,
                58.00675156152469
              ],
              [
                56.28243446077414,
                58.005757015121056
              ],
              [
                56.28459155151164,
                58.00633069596605
              ],
              [
                56.28473607847418,
                58.00636913112199
              ],
              [
                56.29387997276482,
                58.00866320232619
              ],
              [
                56.29428040014478,
                58.01023950839348
              ],
              [
                56.29385037990191,
                58.01402943009512
              ],
              [
                56.29351433957358,
                58.015893935452404
              ],
              [
                56.29100392146806,
                58.01891779135906
              ],
              [
                56.29191143241487,
                58.019882190283944
              ],
              [
                56.28546133196329,
                58.02211693514609
              ],
              [
                56.284025416113565,
                58.02167495826798
              ],
              [
                56.28177272047554,
                58.02117914742019
              ],
              [
                56.2756688347445,
                58.01955119585087
              ]
            ]
          ]
        ]
      }
    },
    {
      "type": "Feature",
      "properties": {
        "qc_id": 93,
        "fid": 94,
        "name": "Городские горки",
        "original_name": null,
        "explainer": null,
        "Тип названия": "Реальное название",
        "idlabel": null,
        "auxiliary_storage_labeling_labelrotation": 29.38145674644008,
        "auxiliary_storage_labeling_positionx": 459701.42645636667,
        "auxiliary_storage_labeling_positiony": 6427140.504694079,
        "auxiliary_storage_labeling_lineanchorpercent": null,
        "auxiliary_storage_labeling_lineanchorclipping": null,
        "auxiliary_storage_labeling_lineanchortype": null,
        "auxiliary_storage_labeling_lineanchortextpoint": null,
        "auxiliary_storage_labeling_show": null,
        "auxiliary_storage_callouts_originx": null,
        "auxiliary_storage_callouts_originy": null,
        "auxiliary_storage_callouts_destinationx": null,
        "auxiliary_storage_callouts_destinationy": null,
        "city": "Пермь"
      },
      "geometry": {
        "type": "MultiPolygon",
        "coordinates": [
          [
            [
              [
                56.298472513124416,
                58.00218611251685
              ],
              [
                56.2994735357947,
                58.00115024455093
              ],
              [
                56.30509715356463,
                57.994932783375866
              ],
              [
                56.29713346375385,
                57.9902676987166
              ],
              [
                56.29247757982908,
                57.98753951586974
              ],
              [
                56.29133746257767,
                57.98832303040492
              ],
              [
                56.29099697330831,
                57.98947272839199
              ],
              [
                56.29104790045038,
                57.99008008429244
              ],
              [
                56.294240438735734,
                57.99123619197764
              ],
              [
                56.29455524530704,
                57.99145299955331
              ],
              [
                56.29487984610746,
                57.9916765488682
              ],
              [
                56.29455524530704,
                57.99145299955331
              ],
              [
                56.287875800605974,
                57.99452317361894
              ],
              [
                56.28733690498099,
                57.99782180663825
              ],
              [
                56.28687892192635,
                58.0006246745243
              ],
              [
                56.28686294784933,
                58.00148366594264
              ],
              [
                56.29219559870176,
                58.00144487578423
              ],
              [
                56.2943531723638,
                58.001496037730455
              ],
              [
                56.29661682752298,
                58.00178282461553
              ],
              [
                56.298472513124416,
                58.00218611251685
              ]
            ]
          ]
        ]
      }
    },
    {
      "type": "Feature",
      "properties": {
        "qc_id": 94,
        "fid": 95,
        "name": "Костарево",
        "original_name": null,
        "explainer": null,
        "Тип названия": "Реальное название",
        "idlabel": null,
        "auxiliary_storage_labeling_labelrotation": null,
        "auxiliary_storage_labeling_positionx": null,
        "auxiliary_storage_labeling_positiony": null,
        "auxiliary_storage_labeling_lineanchorpercent": null,
        "auxiliary_storage_labeling_lineanchorclipping": null,
        "auxiliary_storage_labeling_lineanchortype": null,
        "auxiliary_storage_labeling_lineanchortextpoint": null,
        "auxiliary_storage_labeling_show": null,
        "auxiliary_storage_callouts_originx": null,
        "auxiliary_storage_callouts_originy": null,
        "auxiliary_storage_callouts_destinationx": null,
        "auxiliary_storage_callouts_destinationy": null,
        "city": "Пермь"
      },
      "geometry": {
        "type": "MultiPolygon",
        "coordinates": [
          [
            [
              [
                56.31709166021447,
                58.004744993948464
              ],
              [
                56.317668849489515,
                58.00704902104842
              ],
              [
                56.31696703554765,
                58.0095619241164
              ],
              [
                56.3151895329378,
                58.011316932005144
              ],
              [
                56.31271002075162,
                58.012720999771965
              ],
              [
                56.310089077879994,
                58.01296716458103
              ],
              [
                56.30822226361633,
                58.01567193423332
              ],
              [
                56.30691603255144,
                58.01695540139773
              ],
              [
                56.30617105006362,
                58.016865503936984
              ],
              [
                56.3064505088933,
                58.0193258389785
              ],
              [
                56.306752944440845,
                58.0206002828661
              ],
              [
                56.30770061119659,
                58.02234107131003
              ],
              [
                56.30958294110464,
                58.02368194420476
              ],
              [
                56.31048409995685,
                58.0250174779235
              ],
              [
                56.31095083952523,
                58.026263872725615
              ],
              [
                56.31201845432597,
                58.02745565977484
              ],
              [
                56.313361525850006,
                58.0285042876947
              ],
              [
                56.313527307276,
                58.02935498620752
              ],
              [
                56.31437477118513,
                58.02945260297321
              ],
              [
                56.31385426135738,
                58.03060068049382
              ],
              [
                56.3142090303211,
                58.030876844608606
              ],
              [
                56.3149502118506,
                58.03122365061246
              ],
              [
                56.31487130356096,
                58.031487683856234
              ],
              [
                56.315312542264145,
                58.03158800487347
              ],
              [
                56.31540186270205,
                58.03174520093945
              ],
              [
                56.3152952617513,
                58.03200908550865
              ],
              [
                56.31811239350796,
                58.03203550653278
              ],
              [
                56.317545071139406,
                58.03168831511788
              ],
              [
                56.316580063085205,
                58.031259567373596
              ],
              [
                56.31657127161639,
                58.03041237734335
              ],
              [
                56.31646242995422,
                58.02957788668098
              ],
              [
                56.31655343700835,
                58.028731232201345
              ],
              [
                56.316520960398215,
                58.02781773161018
              ],
              [
                56.31653206901675,
                58.02723538024429
              ],
              [
                56.3186118035963,
                58.02677001056646
              ],
              [
                56.3199428161092,
                58.02631384624347
              ],
              [
                56.32061503327626,
                58.0250731938255
              ],
              [
                56.32157037426135,
                58.02337076540556
              ],
              [
                56.3218179245058,
                58.022154315681426
              ],
              [
                56.32207046477288,
                58.02067315945634
              ],
              [
                56.32420965189289,
                58.015707563687926
              ],
              [
                56.32554014408747,
                58.01392767588815
              ],
              [
                56.327842493725264,
                58.01085303160574
              ],
              [
                56.330482740938805,
                58.00769015575635
              ],
              [
                56.3305094289823,
                58.00626073909275
              ],
              [
                56.33142331574095,
                58.00539192523696
              ],
              [
                56.31709166021447,
                58.004744993948464
              ]
            ]
          ]
        ]
      }
    },
    {
      "type": "Feature",
      "properties": {
        "qc_id": 95,
        "fid": 96,
        "name": "Архиерейка",
        "original_name": null,
        "explainer": null,
        "Тип названия": "Реальное название",
        "idlabel": null,
        "auxiliary_storage_labeling_labelrotation": null,
        "auxiliary_storage_labeling_positionx": 459685.2062358633,
        "auxiliary_storage_labeling_positiony": 6428408.487528888,
        "auxiliary_storage_labeling_lineanchorpercent": null,
        "auxiliary_storage_labeling_lineanchorclipping": null,
        "auxiliary_storage_labeling_lineanchortype": null,
        "auxiliary_storage_labeling_lineanchortextpoint": null,
        "auxiliary_storage_labeling_show": null,
        "auxiliary_storage_callouts_originx": null,
        "auxiliary_storage_callouts_originy": null,
        "auxiliary_storage_callouts_destinationx": null,
        "auxiliary_storage_callouts_destinationy": null,
        "city": "Пермь"
      },
      "geometry": {
        "type": "MultiPolygon",
        "coordinates": [
          [
            [
              [
                56.31709166021447,
                58.004744993948464
              ],
              [
                56.315124787620604,
                58.00043994429844
              ],
              [
                56.31595145948347,
                58.000058260855994
              ],
              [
                56.31677814890003,
                57.999850915487244
              ],
              [
                56.3175617703912,
                57.99928594370037
              ],
              [
                56.31787425133283,
                57.99858607562014
              ],
              [
                56.3184823291143,
                57.998073103714866
              ],
              [
                56.318770105611115,
                57.99735986440081
              ],
              [
                56.32545521627804,
                57.994082796379736
              ],
              [
                56.328859440266115,
                57.99199616796556
              ],
              [
                56.33333225183413,
                57.990729108200604
              ],
              [
                56.339590342560726,
                57.98994769153317
              ],
              [
                56.34467448310022,
                57.9920190441432
              ],
              [
                56.346878570196104,
                57.994174714726825
              ],
              [
                56.34519837083172,
                57.99609201100482
              ],
              [
                56.34373725540866,
                57.99828838468683
              ],
              [
                56.34221209468949,
                57.999888761557024
              ],
              [
                56.337163615118165,
                57.99988241909113
              ],
              [
                56.33414490574066,
                58.00284490431415
              ],
              [
                56.33142331574095,
                58.00539192523696
              ],
              [
                56.31709166021447,
                58.004744993948464
              ]
            ]
          ]
        ]
      }
    },
    {
      "type": "Feature",
      "properties": {
        "qc_id": 96,
        "fid": 97,
        "name": "Ива",
        "original_name": null,
        "explainer": null,
        "Тип названия": "Реальное название",
        "idlabel": null,
        "auxiliary_storage_labeling_labelrotation": null,
        "auxiliary_storage_labeling_positionx": null,
        "auxiliary_storage_labeling_positiony": null,
        "auxiliary_storage_labeling_lineanchorpercent": null,
        "auxiliary_storage_labeling_lineanchorclipping": null,
        "auxiliary_storage_labeling_lineanchortype": null,
        "auxiliary_storage_labeling_lineanchortextpoint": null,
        "auxiliary_storage_labeling_show": null,
        "auxiliary_storage_callouts_originx": null,
        "auxiliary_storage_callouts_originy": null,
        "auxiliary_storage_callouts_destinationx": null,
        "auxiliary_storage_callouts_destinationy": null,
        "city": "Пермь"
      },
      "geometry": {
        "type": "MultiPolygon",
        "coordinates": [
          [
            [
              [
                56.35085066455683,
                58.02245128120812
              ],
              [
                56.35370258433055,
                58.02062652804182
              ],
              [
                56.354860883465975,
                58.0165621531635
              ],
              [
                56.3554153388209,
                58.01485744176767
              ],
              [
                56.35817535632786,
                58.0132432883885
              ],
              [
                56.35975427220296,
                58.01281443304943
              ],
              [
                56.36057558397079,
                58.01081321778922
              ],
              [
                56.35667762685868,
                58.00706085185688
              ],
              [
                56.35542954447819,
                58.005744112090554
              ],
              [
                56.34221209468949,
                57.999888761557024
              ],
              [
                56.337163615118165,
                57.99988241909113
              ],
              [
                56.33414490574066,
                58.00284490431415
              ],
              [
                56.33142331574095,
                58.00539192523696
              ],
              [
                56.3305094289823,
                58.00626073909275
              ],
              [
                56.330482740938805,
                58.00769015575635
              ],
              [
                56.327842493725264,
                58.01085303160574
              ],
              [
                56.32554014408747,
                58.01392767588815
              ],
              [
                56.35085066455683,
                58.02245128120812
              ]
            ]
          ]
        ]
      }
    },
    {
      "type": "Feature",
      "properties": {
        "qc_id": 97,
        "fid": 98,
        "name": "Гарцы",
        "original_name": null,
        "explainer": null,
        "Тип названия": "Реальное название",
        "idlabel": null,
        "auxiliary_storage_labeling_labelrotation": null,
        "auxiliary_storage_labeling_positionx": null,
        "auxiliary_storage_labeling_positiony": null,
        "auxiliary_storage_labeling_lineanchorpercent": null,
        "auxiliary_storage_labeling_lineanchorclipping": null,
        "auxiliary_storage_labeling_lineanchortype": null,
        "auxiliary_storage_labeling_lineanchortextpoint": null,
        "auxiliary_storage_labeling_show": null,
        "auxiliary_storage_callouts_originx": null,
        "auxiliary_storage_callouts_originy": null,
        "auxiliary_storage_callouts_destinationx": null,
        "auxiliary_storage_callouts_destinationy": null,
        "city": "Пермь"
      },
      "geometry": {
        "type": "MultiPolygon",
        "coordinates": [
          [
            [
              [
                56.36448974992711,
                58.04877560880249
              ],
              [
                56.36298065926467,
                58.04940342212737
              ],
              [
                56.360332159871206,
                58.04952251235181
              ],
              [
                56.357757789570684,
                58.04829179624461
              ],
              [
                56.355221125494765,
                58.047749517640234
              ],
              [
                56.35347901943272,
                58.04744948192999
              ],
              [
                56.35163421885099,
                58.04730773787154
              ],
              [
                56.35013649758469,
                58.04730010396115
              ],
              [
                56.34803679692171,
                58.04744821051738
              ],
              [
                56.344935200990086,
                58.04777644451832
              ],
              [
                56.34234057950788,
                58.04768365287791
              ],
              [
                56.34040132805525,
                58.0472500542384
              ],
              [
                56.33877043329924,
                58.04499138350882
              ],
              [
                56.33710360368329,
                58.04468489536422
              ],
              [
                56.33576128151785,
                58.04438007835643
              ],
              [
                56.33585600585815,
                58.04398347571941
              ],
              [
                56.336799223709974,
                58.04359791302569
              ],
              [
                56.338453266766884,
                58.0432425112259
              ],
              [
                56.34020918553653,
                58.04277510520115
              ],
              [
                56.341022173742296,
                58.042680040759436
              ],
              [
                56.343977725978306,
                58.04280781176659
              ],
              [
                56.346197614799266,
                58.04289864780952
              ],
              [
                56.348574612796746,
                58.04258653430971
              ],
              [
                56.3500129828601,
                58.042415190945015
              ],
              [
                56.352397694969866,
                58.04167285802666
              ],
              [
                56.35490375856769,
                58.041116407065275
              ],
              [
                56.35680791043436,
                58.04349537918366
              ],
              [
                56.35905378304705,
                58.04353317597737
              ],
              [
                56.362464291721466,
                58.04265021217029
              ],
              [
                56.36448974992711,
                58.04877560880249
              ]
            ]
          ]
        ]
      }
    },
    {
      "type": "Feature",
      "properties": {
        "qc_id": 98,
        "fid": 99,
        "name": "Язовая",
        "original_name": null,
        "explainer": null,
        "Тип названия": "Реальное название",
        "idlabel": null,
        "auxiliary_storage_labeling_labelrotation": null,
        "auxiliary_storage_labeling_positionx": null,
        "auxiliary_storage_labeling_positiony": null,
        "auxiliary_storage_labeling_lineanchorpercent": null,
        "auxiliary_storage_labeling_lineanchorclipping": null,
        "auxiliary_storage_labeling_lineanchortype": null,
        "auxiliary_storage_labeling_lineanchortextpoint": null,
        "auxiliary_storage_labeling_show": null,
        "auxiliary_storage_callouts_originx": null,
        "auxiliary_storage_callouts_originy": null,
        "auxiliary_storage_callouts_destinationx": null,
        "auxiliary_storage_callouts_destinationy": null,
        "city": "Пермь"
      },
      "geometry": {
        "type": "MultiPolygon",
        "coordinates": [
          [
            [
              [
                56.331775326366056,
                58.063320230668914
              ],
              [
                56.31266001959996,
                58.041788034728555
              ],
              [
                56.31427991433599,
                58.041594910193936
              ],
              [
                56.3151509082747,
                58.04173196338583
              ],
              [
                56.316186916368004,
                58.04172429439737
              ],
              [
                56.31651440115772,
                58.041567213560356
              ],
              [
                56.31735163448472,
                58.04085692906285
              ],
              [
                56.31683259904621,
                58.03993420269872
              ],
              [
                56.31873282359052,
                58.04197371711963
              ],
              [
                56.32700053237571,
                58.05096559683977
              ],
              [
                56.33326361160264,
                58.055181285436504
              ],
              [
                56.33650545321782,
                58.055409998730624
              ],
              [
                56.339056651185125,
                58.06124037533731
              ],
              [
                56.331775326366056,
                58.063320230668914
              ]
            ]
          ]
        ]
      }
    },
    {
      "type": "Feature",
      "properties": {
        "qc_id": 99,
        "fid": 100,
        "name": "КамГЭС",
        "original_name": null,
        "explainer": "Официальное название одного из микрорайонов, который располагается в непосредственной близости от Камской Гидроэлектростанции.",
        "Тип названия": "Ассоциация с объектом",
        "idlabel": null,
        "auxiliary_storage_labeling_labelrotation": null,
        "auxiliary_storage_labeling_positionx": null,
        "auxiliary_storage_labeling_positiony": null,
        "auxiliary_storage_labeling_lineanchorpercent": null,
        "auxiliary_storage_labeling_lineanchorclipping": null,
        "auxiliary_storage_labeling_lineanchortype": null,
        "auxiliary_storage_labeling_lineanchortextpoint": null,
        "auxiliary_storage_labeling_show": null,
        "auxiliary_storage_callouts_originx": null,
        "auxiliary_storage_callouts_originy": null,
        "auxiliary_storage_callouts_destinationx": null,
        "auxiliary_storage_callouts_destinationy": null,
        "city": "Пермь"
      },
      "geometry": {
        "type": "MultiPolygon",
        "coordinates": [
          [
            [
              [
                56.36591269918251,
                58.115092113769606
              ],
              [
                56.36972485228849,
                58.12442279544471
              ],
              [
                56.374239223957915,
                58.12378982857371
              ],
              [
                56.380175854608986,
                58.12336216845104
              ],
              [
                56.38354983970215,
                58.123557214025034
              ],
              [
                56.385688322084135,
                58.12358738831858
              ],
              [
                56.38824092568969,
                58.1235400960963
              ],
              [
                56.39066909229493,
                58.1241870655662
              ],
              [
                56.39276063875607,
                58.12477282253904
              ],
              [
                56.39472975832429,
                58.123729896104116
              ],
              [
                56.394437653500034,
                58.123252001561625
              ],
              [
                56.39175494412186,
                58.122127381954044
              ],
              [
                56.39563044423179,
                58.12151046507309
              ],
              [
                56.39310190053358,
                58.12079548244816
              ],
              [
                56.39133315725461,
                58.12036348918165
              ],
              [
                56.38984548063443,
                58.119588671644216
              ],
              [
                56.38900931772265,
                58.11875077829114
              ],
              [
                56.38804927046661,
                58.117846103004865
              ],
              [
                56.38467074630324,
                58.1164929722419
              ],
              [
                56.38412667833118,
                58.11613296392765
              ],
              [
                56.38154274839389,
                58.11594321367144
              ],
              [
                56.37911082032386,
                58.11555415812644
              ],
              [
                56.37791880350774,
                58.11506294568832
              ],
              [
                56.37687384870093,
                58.11510417032172
              ],
              [
                56.37609085585661,
                58.11518306853834
              ],
              [
                56.37517777490289,
                58.11519183361154
              ],
              [
                56.374332600245424,
                58.11525056176096
              ],
              [
                56.37366074924868,
                58.1154094086124
              ],
              [
                56.3733837743699,
                58.11542542043391
              ],
              [
                56.37190526558755,
                58.11522952739786
              ],
              [
                56.36995568599547,
                58.11515372667231
              ],
              [
                56.368153127142925,
                58.11525069761521
              ],
              [
                56.36727497755282,
                58.11540517930886
              ],
              [
                56.3666539609407,
                58.1151638412852
              ],
              [
                56.36591269918251,
                58.115092113769606
              ]
            ]
          ]
        ]
      }
    },
    {
      "type": "Feature",
      "properties": {
        "qc_id": 100,
        "fid": 101,
        "name": "Камкабель",
        "original_name": null,
        "explainer": "На территории района располагается крупный завод Камский кабель, который производит кабельно-проводниковую продукцию",
        "Тип названия": "Ассоциация с объектом",
        "idlabel": null,
        "auxiliary_storage_labeling_labelrotation": null,
        "auxiliary_storage_labeling_positionx": null,
        "auxiliary_storage_labeling_positiony": null,
        "auxiliary_storage_labeling_lineanchorpercent": null,
        "auxiliary_storage_labeling_lineanchorclipping": null,
        "auxiliary_storage_labeling_lineanchortype": null,
        "auxiliary_storage_labeling_lineanchortextpoint": null,
        "auxiliary_storage_labeling_show": null,
        "auxiliary_storage_callouts_originx": null,
        "auxiliary_storage_callouts_originy": null,
        "auxiliary_storage_callouts_destinationx": null,
        "auxiliary_storage_callouts_destinationy": null,
        "city": "Пермь"
      },
      "geometry": {
        "type": "MultiPolygon",
        "coordinates": [
          [
            [
              [
                56.27811857146167,
                58.11708725107663
              ],
              [
                56.27627015492399,
                58.11572665156984
              ],
              [
                56.27319076243432,
                58.11586797274941
              ],
              [
                56.2726275475005,
                58.11773110529303
              ],
              [
                56.26854081912967,
                58.11941523320459
              ],
              [
                56.26273721658616,
                58.11699923950545
              ],
              [
                56.26308450838996,
                58.11835136970005
              ],
              [
                56.252925337834476,
                58.12329564854208
              ],
              [
                56.25581562794812,
                58.12505976576645
              ],
              [
                56.25821880263207,
                58.124994348573324
              ],
              [
                56.26389977527528,
                58.12248586332548
              ],
              [
                56.263530473041456,
                58.12947259116332
              ],
              [
                56.26893133010969,
                58.1296625033356
              ],
              [
                56.27128324681884,
                58.128444972997556
              ],
              [
                56.28697375087655,
                58.12833511849092
              ],
              [
                56.289987801390986,
                58.12775629492676
              ],
              [
                56.290849737313344,
                58.12782065482427
              ],
              [
                56.29135532638,
                58.12693000564184
              ],
              [
                56.2947330664351,
                58.12692887589222
              ],
              [
                56.29281160546207,
                58.12540928089472
              ],
              [
                56.29327099142177,
                58.11737068493205
              ],
              [
                56.27811857146167,
                58.11708725107663
              ]
            ]
          ]
        ]
      }
    },
    {
      "type": "Feature",
      "properties": {
        "qc_id": 101,
        "fid": 102,
        "name": "Судозавод",
        "original_name": null,
        "explainer": null,
        "Тип названия": "Реальное название",
        "idlabel": null,
        "auxiliary_storage_labeling_labelrotation": null,
        "auxiliary_storage_labeling_positionx": null,
        "auxiliary_storage_labeling_positiony": null,
        "auxiliary_storage_labeling_lineanchorpercent": null,
        "auxiliary_storage_labeling_lineanchorclipping": null,
        "auxiliary_storage_labeling_lineanchortype": null,
        "auxiliary_storage_labeling_lineanchortextpoint": null,
        "auxiliary_storage_labeling_show": null,
        "auxiliary_storage_callouts_originx": null,
        "auxiliary_storage_callouts_originy": null,
        "auxiliary_storage_callouts_destinationx": null,
        "auxiliary_storage_callouts_destinationy": null,
        "city": "Пермь"
      },
      "geometry": {
        "type": "MultiPolygon",
        "coordinates": [
          [
            [
              [
                56.031253025946214,
                58.028700472589804
              ],
              [
                56.03734332527665,
                58.03032697369011
              ],
              [
                56.03781081980932,
                58.033825078557896
              ],
              [
                56.037720062817975,
                58.03580994335525
              ],
              [
                56.04284958104597,
                58.03577911443322
              ],
              [
                56.04566450244286,
                58.03691215194272
              ],
              [
                56.0474249457919,
                58.03828543497289
              ],
              [
                56.04570359417467,
                58.03895755911864
              ],
              [
                56.04403047371218,
                58.039222985060306
              ],
              [
                56.03714383993283,
                58.03914131108927
              ],
              [
                56.02440247296221,
                58.03889540610577
              ],
              [
                56.01848865159761,
                58.037855391355826
              ],
              [
                56.018628355795094,
                58.03640039459653
              ],
              [
                56.0196098737128,
                58.03519014908264
              ],
              [
                56.02057178372764,
                58.0346945451535
              ],
              [
                56.02108111584025,
                58.03432120686053
              ],
              [
                56.02265028240676,
                58.033519184790954
              ],
              [
                56.02449833201472,
                58.0325538178813
              ],
              [
                56.02746470059347,
                58.030835843086535
              ],
              [
                56.02898726265948,
                58.02990101752776
              ],
              [
                56.03110042676098,
                58.029268503471386
              ],
              [
                56.031253025946214,
                58.028700472589804
              ]
            ]
          ]
        ]
      }
    },
    {
      "type": "Feature",
      "properties": {
        "qc_id": 102,
        "fid": 103,
        "name": "Затон",
        "original_name": null,
        "explainer": "Часть Судозавода, где расположены заброшенные корабли, здесь снимались фрагменты фильма Географ глобус пропил.",
        "Тип названия": "Ассоциация с объектом",
        "idlabel": null,
        "auxiliary_storage_labeling_labelrotation": null,
        "auxiliary_storage_labeling_positionx": null,
        "auxiliary_storage_labeling_positiony": null,
        "auxiliary_storage_labeling_lineanchorpercent": null,
        "auxiliary_storage_labeling_lineanchorclipping": null,
        "auxiliary_storage_labeling_lineanchortype": null,
        "auxiliary_storage_labeling_lineanchortextpoint": null,
        "auxiliary_storage_labeling_show": null,
        "auxiliary_storage_callouts_originx": null,
        "auxiliary_storage_callouts_originy": null,
        "auxiliary_storage_callouts_destinationx": null,
        "auxiliary_storage_callouts_destinationy": null,
        "photos": [
          {
            "src": "/images/descriptions/image_25_1.jpeg",
            "alt": "Затон",
            "caption": "Затон"
          },
          {
            "src": "/images/descriptions/image_25_2.jpeg",
            "alt": "Затон"
          }
        ],
        "city": "Пермь"
      },
      "geometry": {
        "type": "MultiPolygon",
        "coordinates": [
          [
            [
              [
                56.03734332527665,
                58.03032697369011
              ],
              [
                56.031253025946214,
                58.028700472589804
              ],
              [
                56.0286281916346,
                58.02795905302454
              ],
              [
                56.026851451565946,
                58.02723068331386
              ],
              [
                56.024241915302085,
                58.025476655141496
              ],
              [
                56.022990630829746,
                58.02134219365771
              ],
              [
                56.03411401397871,
                58.022380152476515
              ],
              [
                56.041363569616344,
                58.02416238720882
              ],
              [
                56.048549565237664,
                58.02413687883177
              ],
              [
                56.05417455829528,
                58.02370226587039
              ],
              [
                56.05544250591428,
                58.029549194001916
              ],
              [
                56.05582826159737,
                58.03195456787705
              ],
              [
                56.05523115821513,
                58.034015106968496
              ],
              [
                56.053102037078574,
                58.03596498106718
              ],
              [
                56.0474249457919,
                58.03828543497289
              ],
              [
                56.04566450244286,
                58.03691215194272
              ],
              [
                56.04284958104597,
                58.03577911443322
              ],
              [
                56.037720062817975,
                58.03580994335525
              ],
              [
                56.03781081980932,
                58.033825078557896
              ],
              [
                56.03734332527665,
                58.03032697369011
              ]
            ]
          ]
        ]
      }
    },
    {
      "type": "Feature",
      "properties": {
        "qc_id": 103,
        "fid": 104,
        "name": "Железка",
        "original_name": null,
        "explainer": "Разговорное название микрорайона Железнодорожный. Не путать с поселком железнодорожников.",
        "Тип названия": "Ассоциация с официальным названием",
        "idlabel": null,
        "auxiliary_storage_labeling_labelrotation": null,
        "auxiliary_storage_labeling_positionx": null,
        "auxiliary_storage_labeling_positiony": null,
        "auxiliary_storage_labeling_lineanchorpercent": null,
        "auxiliary_storage_labeling_lineanchorclipping": null,
        "auxiliary_storage_labeling_lineanchortype": null,
        "auxiliary_storage_labeling_lineanchortextpoint": null,
        "auxiliary_storage_labeling_show": null,
        "auxiliary_storage_callouts_originx": null,
        "auxiliary_storage_callouts_originy": null,
        "auxiliary_storage_callouts_destinationx": null,
        "auxiliary_storage_callouts_destinationy": null,
        "city": "Пермь"
      },
      "geometry": {
        "type": "MultiPolygon",
        "coordinates": [
          [
            [
              [
                56.07643905847024,
                58.04193417742959
              ],
              [
                56.07980259554128,
                58.042176938001866
              ],
              [
                56.0796385933606,
                58.04491579457535
              ],
              [
                56.08208697368647,
                58.045082382004814
              ],
              [
                56.082015801303626,
                58.045667602203046
              ],
              [
                56.08166433925793,
                58.04623094596998
              ],
              [
                56.08131796006397,
                58.046595771814836
              ],
              [
                56.08171618588993,
                58.04785945936625
              ],
              [
                56.08211378771869,
                58.048418275748055
              ],
              [
                56.08226817209996,
                58.04970005863668
              ],
              [
                56.0890210059453,
                58.05365011430764
              ],
              [
                56.09244109425663,
                58.05540194350114
              ],
              [
                56.092925418335554,
                58.05550467025686
              ],
              [
                56.09455934426803,
                58.05458309707948
              ],
              [
                56.09706863707407,
                58.05459098364981
              ],
              [
                56.09708978230154,
                58.05226806308101
              ],
              [
                56.10297030119251,
                58.052250051719575
              ],
              [
                56.10338867190064,
                58.05199487898056
              ],
              [
                56.102771998274676,
                58.051196324215006
              ],
              [
                56.10237354511315,
                58.050657423408815
              ],
              [
                56.10310289397656,
                58.04994777122184
              ],
              [
                56.10251773202618,
                58.04938770035325
              ],
              [
                56.09971949237516,
                58.048970843406934
              ],
              [
                56.09665334020755,
                58.04730113929358
              ],
              [
                56.09634443345053,
                58.046187049432056
              ],
              [
                56.0978165844267,
                58.045720959754725
              ],
              [
                56.097905467753925,
                58.04516564031154
              ],
              [
                56.09795941091473,
                58.04451079662948
              ],
              [
                56.097615636756494,
                58.04180803563645
              ],
              [
                56.097640149028365,
                58.04083529773592
              ],
              [
                56.0893673223161,
                58.04224569892665
              ],
              [
                56.083114600635206,
                58.04224054012521
              ],
              [
                56.07643905847024,
                58.04193417742959
              ]
            ]
          ]
        ]
      }
    },
    {
      "type": "Feature",
      "properties": {
        "qc_id": 105,
        "fid": 106,
        "name": "Акуловский",
        "original_name": null,
        "explainer": null,
        "Тип названия": "Реальное название",
        "idlabel": null,
        "auxiliary_storage_labeling_labelrotation": null,
        "auxiliary_storage_labeling_positionx": null,
        "auxiliary_storage_labeling_positiony": null,
        "auxiliary_storage_labeling_lineanchorpercent": null,
        "auxiliary_storage_labeling_lineanchorclipping": null,
        "auxiliary_storage_labeling_lineanchortype": null,
        "auxiliary_storage_labeling_lineanchortextpoint": null,
        "auxiliary_storage_labeling_show": null,
        "auxiliary_storage_callouts_originx": null,
        "auxiliary_storage_callouts_originy": null,
        "auxiliary_storage_callouts_destinationx": null,
        "auxiliary_storage_callouts_destinationy": null,
        "city": "Пермь"
      },
      "geometry": {
        "type": "MultiPolygon",
        "coordinates": [
          [
            [
              [
                56.09795941091473,
                58.04451079662948
              ],
              [
                56.097905467753925,
                58.04516564031154
              ],
              [
                56.0978165844267,
                58.045720959754725
              ],
              [
                56.09634443345053,
                58.046187049432056
              ],
              [
                56.09665334020755,
                58.04730113929358
              ],
              [
                56.09971949237516,
                58.048970843406934
              ],
              [
                56.10251773202618,
                58.04938770035325
              ],
              [
                56.10310289397656,
                58.04994777122184
              ],
              [
                56.10237354511315,
                58.050657423408815
              ],
              [
                56.102771998274676,
                58.051196324215006
              ],
              [
                56.10338867190064,
                58.05199487898056
              ],
              [
                56.117395385793294,
                58.05505115057357
              ],
              [
                56.12328657245544,
                58.05461531316794
              ],
              [
                56.11921908471159,
                58.040607700461074
              ],
              [
                56.11354721284387,
                58.04104630794118
              ],
              [
                56.10827229188311,
                58.04237949298321
              ],
              [
                56.09795941091473,
                58.04451079662948
              ]
            ]
          ]
        ]
      }
    },
    {
      "type": "Feature",
      "properties": {
        "qc_id": 142,
        "fid": 123,
        "name": "Новые Ляды",
        "original_name": null,
        "explainer": null,
        "Тип названия": "Реальное название",
        "idlabel": null,
        "auxiliary_storage_labeling_labelrotation": null,
        "auxiliary_storage_labeling_positionx": null,
        "auxiliary_storage_labeling_positiony": null,
        "auxiliary_storage_labeling_lineanchorpercent": null,
        "auxiliary_storage_labeling_lineanchorclipping": null,
        "auxiliary_storage_labeling_lineanchortype": null,
        "auxiliary_storage_labeling_lineanchortextpoint": null,
        "auxiliary_storage_labeling_show": null,
        "auxiliary_storage_callouts_originx": null,
        "auxiliary_storage_callouts_originy": null,
        "auxiliary_storage_callouts_destinationx": null,
        "auxiliary_storage_callouts_destinationy": null,
        "city": "Пермь"
      },
      "geometry": {
        "type": "MultiPolygon",
        "coordinates": [
          [
            [
              [
                56.5469641,
                58.0594292
              ],
              [
                56.5347844,
                58.0017241
              ],
              [
                56.6323428,
                57.9954458
              ],
              [
                56.6399949,
                57.9949533
              ],
              [
                56.6409881,
                57.9989131
              ],
              [
                56.6410394,
                57.9991178
              ],
              [
                56.6412591,
                57.9999937
              ],
              [
                56.6414205,
                58.000637
              ],
              [
                56.6418377,
                58.0023001
              ],
              [
                56.6426049,
                58.005358399999984
              ],
              [
                56.6519304,
                58.042511
              ],
              [
                56.652405,
                58.043879699999984
              ],
              [
                56.6558546,
                58.0424674
              ],
              [
                56.6563354,
                58.0427922
              ],
              [
                56.6566443,
                58.04403759999999
              ],
              [
                56.6551427,
                58.0466645
              ],
              [
                56.655314,
                58.0467347
              ],
              [
                56.6549492,
                58.0471094
              ],
              [
                56.6558472,
                58.0474685
              ],
              [
                56.6553776,
                58.04783960000001
              ],
              [
                56.6549277,
                58.0477851
              ],
              [
                56.654067,
                58.0480483
              ],
              [
                56.6542823,
                58.0503176
              ],
              [
                56.6545346,
                58.05052109999998
              ],
              [
                56.6554507,
                58.05302
              ],
              [
                56.6555926,
                58.0545424
              ],
              [
                56.6547668,
                58.0556688
              ],
              [
                56.6542249,
                58.05583950000001
              ],
              [
                56.6534766,
                58.05631729999999
              ],
              [
                56.6505657,
                58.0573291
              ],
              [
                56.6502452,
                58.0573081
              ],
              [
                56.650133,
                58.0573174
              ],
              [
                56.6500489,
                58.0573478
              ],
              [
                56.6499599,
                58.05739160000002
              ],
              [
                56.6496983,
                58.05752359999999
              ],
              [
                56.6491215,
                58.0576243
              ],
              [
                56.6485402,
                58.057714099999984
              ],
              [
                56.6479448,
                58.057789
              ],
              [
                56.6466021,
                58.0584747
              ],
              [
                56.6463628,
                58.0585489
              ],
              [
                56.646016,
                58.0585589
              ],
              [
                56.6458548,
                58.058588
              ],
              [
                56.6454756,
                58.0585834
              ],
              [
                56.645045,
                58.0586944
              ],
              [
                56.6448329,
                58.0587178
              ],
              [
                56.6440402,
                58.05875249999998
              ],
              [
                56.6439225,
                58.0587293
              ],
              [
                56.6435186,
                58.058566
              ],
              [
                56.6433286,
                58.058553
              ],
              [
                56.6420031,
                58.0588514
              ],
              [
                56.6416686,
                58.0589216
              ],
              [
                56.6416588,
                58.0600704
              ],
              [
                56.6421837,
                58.060092
              ],
              [
                56.6423666,
                58.060093899999984
              ],
              [
                56.6423109,
                58.0601847
              ],
              [
                56.642073,
                58.0605611
              ],
              [
                56.6420332,
                58.0609872
              ],
              [
                56.6417229,
                58.06126
              ],
              [
                56.6415181,
                58.0613987
              ],
              [
                56.6409423,
                58.06168620000001
              ],
              [
                56.6408334,
                58.0619418
              ],
              [
                56.6401633,
                58.0622263
              ],
              [
                56.6398387,
                58.0621672
              ],
              [
                56.6366131,
                58.0632729
              ],
              [
                56.6355034,
                58.0643103
              ],
              [
                56.6339939,
                58.0650883
              ],
              [
                56.6336123,
                58.0650826
              ],
              [
                56.62762,
                58.0649928
              ],
              [
                56.6244473,
                58.0630298
              ],
              [
                56.6191618,
                58.061874
              ],
              [
                56.6189394,
                58.06198349999998
              ],
              [
                56.6175174,
                58.0627751
              ],
              [
                56.6085986,
                58.06661410000001
              ],
              [
                56.588503,
                58.07463210000002
              ],
              [
                56.5874154,
                58.074405
              ],
              [
                56.5707607,
                58.07092769999998
              ],
              [
                56.5496872,
                58.072318099999976
              ],
              [
                56.5469641,
                58.0594292
              ]
            ]
          ]
        ]
      }
    },
    {
      "type": "Feature",
      "properties": {
        "qc_id": 109,
        "fid": 122,
        "name": "За линией не предлагать",
        "original_name": null,
        "explainer": "По сути занимает территорию чуть больше, чем микрорайон Богдашка. Названо так иронично жителями Закамска. Под «линией» понимаю железную дорогу, что характерно и для некоторых других районов Перми (например, аналогично говорили и жители улица Самолетная, некоторые их топонимы не вошли в итоговую работу). Суть названия района в том, что любую деловую активность жители Закамска не хотят вести «за линией» и прозвали эту часть Кировкого района «За линией не предлагать».",
        "Тип названия": "Другое",
        "idlabel": null,
        "auxiliary_storage_labeling_labelrotation": 283.4347502247279,
        "auxiliary_storage_labeling_positionx": 436019.81850929966,
        "auxiliary_storage_labeling_positiony": 6427860.034140067,
        "auxiliary_storage_labeling_lineanchorpercent": null,
        "auxiliary_storage_labeling_lineanchorclipping": null,
        "auxiliary_storage_labeling_lineanchortype": null,
        "auxiliary_storage_labeling_lineanchortextpoint": null,
        "auxiliary_storage_labeling_show": null,
        "auxiliary_storage_callouts_originx": null,
        "auxiliary_storage_callouts_originy": null,
        "auxiliary_storage_callouts_destinationx": null,
        "auxiliary_storage_callouts_destinationy": null,
        "city": "Пермь"
      },
      "geometry": {
        "type": "MultiPolygon",
        "coordinates": [
          [
            [
              [
                55.92654594017358,
                57.99259700554088
              ],
              [
                55.91174724730652,
                57.99442198963504
              ],
              [
                55.91339047120369,
                58.00015503242962
              ],
              [
                55.91046918427539,
                58.002646321843216
              ],
              [
                55.9120667630643,
                58.00545183828103
              ],
              [
                55.914896759776084,
                58.00762838059538
              ],
              [
                55.92434529718476,
                58.01282736262312
              ],
              [
                55.93397788034459,
                58.011449339192666
              ],
              [
                55.92995580362707,
                58.00916525268059
              ],
              [
                55.9289964736176,
                58.00872035329901
              ],
              [
                55.928632354727654,
                58.007552409899844
              ],
              [
                55.92835134402504,
                58.00527323517158
              ],
              [
                55.92983801250802,
                58.004756256185786
              ],
              [
                55.92404277596307,
                58.00176871173839
              ],
              [
                55.93013510466188,
                57.99966021395185
              ],
              [
                55.92654594017358,
                57.99259700554088
              ]
            ]
          ]
        ]
      }
    },
    {
      "type": "Feature",
      "properties": {
        "qc_id": 11,
        "fid": 12,
        "name": "Компрос",
        "original_name": "ул. Комсомольский проспект",
        "explainer": "Сокращение",
        "Тип названия": "Ассоциация с официальным названием",
        "idlabel": 10,
        "auxiliary_storage_labeling_labelrotation": null,
        "auxiliary_storage_labeling_positionx": 455609.2004184675,
        "auxiliary_storage_labeling_positiony": 6428741.620613975,
        "auxiliary_storage_labeling_lineanchorpercent": null,
        "auxiliary_storage_labeling_lineanchorclipping": null,
        "auxiliary_storage_labeling_lineanchortype": null,
        "auxiliary_storage_labeling_lineanchortextpoint": null,
        "auxiliary_storage_labeling_show": null,
        "auxiliary_storage_callouts_originx": 455855.3664211495,
        "auxiliary_storage_callouts_originy": 6428935.32823979,
        "auxiliary_storage_callouts_destinationx": null,
        "auxiliary_storage_callouts_destinationy": null,
        "city": "Пермь"
      },
      "geometry": {
        "type": "MultiPolygon",
        "coordinates": [
          [
            [
              [
                56.23139440630667,
                58.01496065761563
              ],
              [
                56.232155548204865,
                58.01333541488666
              ],
              [
                56.23320379824429,
                58.01182206843618
              ],
              [
                56.23426354761159,
                58.010252431589485
              ],
              [
                56.23564697484405,
                58.00790030622959
              ],
              [
                56.24013660739624,
                58.0090324606897
              ],
              [
                56.23992185614627,
                58.0091635457961
              ],
              [
                56.24095245070051,
                58.009368247896106
              ],
              [
                56.24243967246334,
                58.0080269611314
              ],
              [
                56.236549392995016,
                58.006509245047646
              ],
              [
                56.244625599704605,
                58.00398250528907
              ],
              [
                56.247528109711226,
                58.00107104328529
              ],
              [
                56.250637753563716,
                57.99793545401597
              ],
              [
                56.25213502996991,
                57.99690600940338
              ],
              [
                56.24903322341056,
                57.996153126664694
              ],
              [
                56.25026445451635,
                57.99461280108508
              ],
              [
                56.25674282586988,
                57.99620819036069
              ],
              [
                56.25316251612064,
                57.999830907708684
              ],
              [
                56.24976464385104,
                58.00346255886568
              ],
              [
                56.247425939087954,
                58.00286289542228
              ],
              [
                56.245163542136275,
                58.00516107832926
              ],
              [
                56.24715139821781,
                58.00571863584233
              ],
              [
                56.24371656542798,
                58.008967746208896
              ],
              [
                56.242260881529525,
                58.010587207058066
              ],
              [
                56.240444731600995,
                58.012733970279
              ],
              [
                56.23888421491347,
                58.01457779157295
              ],
              [
                56.23725322340225,
                58.01620938367273
              ],
              [
                56.23139440630667,
                58.01496065761563
              ]
            ]
          ]
        ]
      }
    },
    {
      "type": "Feature",
      "properties": {
        "qc_id": 12,
        "fid": 13,
        "name": "Тихий компрос",
        "original_name": "ул. Комсомольский проспект",
        "explainer": "",
        "Тип названия": "Ассоциация с официальным названием",
        "idlabel": 11,
        "auxiliary_storage_labeling_labelrotation": null,
        "auxiliary_storage_labeling_positionx": null,
        "auxiliary_storage_labeling_positiony": null,
        "auxiliary_storage_labeling_lineanchorpercent": null,
        "auxiliary_storage_labeling_lineanchorclipping": null,
        "auxiliary_storage_labeling_lineanchortype": null,
        "auxiliary_storage_labeling_lineanchortextpoint": null,
        "auxiliary_storage_labeling_show": null,
        "auxiliary_storage_callouts_originx": null,
        "auxiliary_storage_callouts_originy": null,
        "auxiliary_storage_callouts_destinationx": null,
        "auxiliary_storage_callouts_destinationy": null,
        "city": "Пермь"
      },
      "geometry": {
        "type": "MultiPolygon",
        "coordinates": [
          [
            [
              [
                56.25026445451635,
                57.99461280108508
              ],
              [
                56.24813813695681,
                57.993532614754535
              ],
              [
                56.24876054771627,
                57.991391217674945
              ],
              [
                56.24912203404332,
                57.985575203392706
              ],
              [
                56.25749337488926,
                57.98562433908666
              ],
              [
                56.256992995596406,
                57.991978277949144
              ],
              [
                56.25549804625234,
                57.99380117564337
              ],
              [
                56.25403922012667,
                57.9955428479191
              ],
              [
                56.25026445451635,
                57.99461280108508
              ]
            ]
          ]
        ]
      }
    },
    {
      "type": "Feature",
      "properties": {
        "qc_id": 14,
        "fid": 15,
        "name": "Заива",
        "original_name": "",
        "explainer": "ЗаИва — небольшая местность в микрорайоне Рабочий Поселок около реки Ива. Интересно, что название происходит из явного «за рекой Ива», но по отношению к центру города эта местность находится перед рекой Ива, а не после. Связано это с тем, что по отношению к поселению Мотовилиха эта местность была за рекой. То есть название довольно старое. Однако, разные люди определяют это место по-разному (первый вариант, второй вариант, третий вариант). После анализа вариантов и диалога с одним из источников, было принято решение выбрать что-то близкое к третьему варианту.",
        "Тип названия": "Историческая ассоциация",
        "idlabel": 12,
        "auxiliary_storage_labeling_labelrotation": null,
        "auxiliary_storage_labeling_positionx": null,
        "auxiliary_storage_labeling_positiony": null,
        "auxiliary_storage_labeling_lineanchorpercent": null,
        "auxiliary_storage_labeling_lineanchorclipping": null,
        "auxiliary_storage_labeling_lineanchortype": null,
        "auxiliary_storage_labeling_lineanchortextpoint": null,
        "auxiliary_storage_labeling_show": null,
        "auxiliary_storage_callouts_originx": null,
        "auxiliary_storage_callouts_originy": null,
        "auxiliary_storage_callouts_destinationx": null,
        "auxiliary_storage_callouts_destinationy": null,
        "city": "Пермь"
      },
      "geometry": {
        "type": "MultiPolygon",
        "coordinates": [
          [
            [
              [
                56.30686211798422,
                58.033160860440944
              ],
              [
                56.31129740222677,
                58.03489900760959
              ],
              [
                56.311758737021144,
                58.03491619425744
              ],
              [
                56.31219905122325,
                58.03458555268128
              ],
              [
                56.31277617422864,
                58.034823742559254
              ],
              [
                56.31292520641707,
                58.03475598374331
              ],
              [
                56.31310012104967,
                58.03430147247666
              ],
              [
                56.31365120057511,
                58.03397142344092
              ],
              [
                56.31378307669392,
                58.033835008018954
              ],
              [
                56.31393543819343,
                58.03311101887254
              ],
              [
                56.31398577071341,
                58.03289335725954
              ],
              [
                56.313349807103265,
                58.032836057982045
              ],
              [
                56.31337268215975,
                58.032606005088354
              ],
              [
                56.31381599396133,
                58.03259860034768
              ],
              [
                56.31394805192168,
                58.03245239098998
              ],
              [
                56.31345113477349,
                58.03236645715529
              ],
              [
                56.31352911714443,
                58.03215139347093
              ],
              [
                56.31382612406259,
                58.03206973927289
              ],
              [
                56.31429356218409,
                58.03224856287153
              ],
              [
                56.31468930591134,
                58.03231435940991
              ],
              [
                56.31486573805164,
                58.03226143792449
              ],
              [
                56.31488832202991,
                58.03204607530587
              ],
              [
                56.3152952617513,
                58.03200908550865
              ],
              [
                56.31540186270205,
                58.03174520093945
              ],
              [
                56.315312542264145,
                58.03158800487347
              ],
              [
                56.31487130356096,
                58.031487683856234
              ],
              [
                56.3149502118506,
                58.03122365061246
              ],
              [
                56.3142090303211,
                58.030876844608606
              ],
              [
                56.31385426135738,
                58.03060068049382
              ],
              [
                56.31437477118513,
                58.02945260297321
              ],
              [
                56.313527307276,
                58.02935498620752
              ],
              [
                56.312767844733564,
                58.031407783980704
              ],
              [
                56.312233773891265,
                58.032296221087314
              ],
              [
                56.31212302735948,
                58.03325550687145
              ],
              [
                56.310030023582804,
                58.033107055433504
              ],
              [
                56.30780020962659,
                58.0323946282795
              ],
              [
                56.30686211798422,
                58.033160860440944
              ]
            ]
          ]
        ]
      }
    },
    {
      "type": "Feature",
      "properties": {
        "qc_id": 16,
        "fid": 17,
        "name": "Поселок железнодорожников",
        "original_name": null,
        "explainer": "Название редко используется, но под этим понимают несколько кварталов внутри микрорайона ДКЖ, в котором ранее существовали двухэтажные дома и бараки, в которых проживали работники железной дороги.",
        "Тип названия": "Историческая ассоциация",
        "idlabel": 13,
        "auxiliary_storage_labeling_labelrotation": null,
        "auxiliary_storage_labeling_positionx": null,
        "auxiliary_storage_labeling_positiony": null,
        "auxiliary_storage_labeling_lineanchorpercent": null,
        "auxiliary_storage_labeling_lineanchorclipping": null,
        "auxiliary_storage_labeling_lineanchortype": null,
        "auxiliary_storage_labeling_lineanchortextpoint": null,
        "auxiliary_storage_labeling_show": null,
        "auxiliary_storage_callouts_originx": null,
        "auxiliary_storage_callouts_originy": null,
        "auxiliary_storage_callouts_destinationx": null,
        "auxiliary_storage_callouts_destinationy": null,
        "city": "Пермь"
      },
      "geometry": {
        "type": "MultiPolygon",
        "coordinates": [
          [
            [
              [
                56.18328097813384,
                57.99988702481216
              ],
              [
                56.18464395515272,
                58.00079689748324
              ],
              [
                56.184579931910605,
                58.00117848869202
              ],
              [
                56.18500329361444,
                58.00203335793146
              ],
              [
                56.187829934402025,
                58.00186532713154
              ],
              [
                56.19013826199257,
                58.001772295171264
              ],
              [
                56.19227856926511,
                58.00176630907341
              ],
              [
                56.19289040980192,
                58.00163306269714
              ],
              [
                56.18957087120902,
                57.997488308857214
              ],
              [
                56.188587531489766,
                57.997736709540156
              ],
              [
                56.1863168006428,
                57.99862334070925
              ],
              [
                56.18328097813384,
                57.99988702481216
              ]
            ]
          ]
        ]
      }
    },
    {
      "type": "Feature",
      "properties": {
        "qc_id": 17,
        "fid": 18,
        "name": "Шанхай",
        "original_name": null,
        "explainer": "Шанхай — довольно типичный топоним для многих городов в России. Под этим понимали район самостроев. В Перми под этим понимают окраинный район «на отшибе» по аналогии с шанхайскими трущобами конца прошлого века. Шанхай упоминается несколько раз, но точно существует один — между улицами Энергетиков и Эскаваторной. Ранее существовал и в районе Пролетарка (также известный как Пролет), но был снесен.",
        "Тип названия": "Визуальная ассоциация",
        "idlabel": 14,
        "auxiliary_storage_labeling_labelrotation": null,
        "auxiliary_storage_labeling_positionx": null,
        "auxiliary_storage_labeling_positiony": null,
        "auxiliary_storage_labeling_lineanchorpercent": null,
        "auxiliary_storage_labeling_lineanchorclipping": null,
        "auxiliary_storage_labeling_lineanchortype": null,
        "auxiliary_storage_labeling_lineanchortextpoint": null,
        "auxiliary_storage_labeling_show": null,
        "auxiliary_storage_callouts_originx": null,
        "auxiliary_storage_callouts_originy": null,
        "auxiliary_storage_callouts_destinationx": null,
        "auxiliary_storage_callouts_destinationy": null,
        "city": "Пермь"
      },
      "geometry": {
        "type": "MultiPolygon",
        "coordinates": [
          [
            [
              [
                56.15622558504469,
                57.96342013137476
              ],
              [
                56.15245845918078,
                57.96217070441299
              ],
              [
                56.151796951818675,
                57.962087933691194
              ],
              [
                56.149942937938576,
                57.96099810268616
              ],
              [
                56.147160151719895,
                57.9594465500605
              ],
              [
                56.14617799448743,
                57.95890123311466
              ],
              [
                56.13830962159353,
                57.953702092264635
              ],
              [
                56.14065049270278,
                57.95289515299237
              ],
              [
                56.14227535064793,
                57.95274940452438
              ],
              [
                56.142682965040976,
                57.95265420343985
              ],
              [
                56.14196620941438,
                57.951806995756066
              ],
              [
                56.1429031551966,
                57.95114725347924
              ],
              [
                56.14390814953314,
                57.95072304332641
              ],
              [
                56.14617928545528,
                57.951286837467876
              ],
              [
                56.146761316077374,
                57.95160418568268
              ],
              [
                56.148613641366595,
                57.95118562219551
              ],
              [
                56.151337466401934,
                57.95286898654304
              ],
              [
                56.15297603933416,
                57.95370269465672
              ],
              [
                56.15308232909182,
                57.9554469151932
              ],
              [
                56.15231407744771,
                57.957355496109386
              ],
              [
                56.15294345154007,
                57.95801595604056
              ],
              [
                56.1561435605503,
                57.95828210903254
              ],
              [
                56.15841077871594,
                57.95904155533236
              ],
              [
                56.16044176680791,
                57.959662271264925
              ],
              [
                56.16138525335809,
                57.96029537694515
              ],
              [
                56.163056458271456,
                57.96133486193864
              ],
              [
                56.159417879741376,
                57.962466671083284
              ],
              [
                56.15622558504469,
                57.96342013137476
              ]
            ]
          ]
        ]
      }
    },
    {
      "type": "Feature",
      "properties": {
        "qc_id": 18,
        "fid": 19,
        "name": "Новоплоский",
        "original_name": null,
        "explainer": null,
        "Тип названия": "Историческая ассоциация",
        "idlabel": 15,
        "auxiliary_storage_labeling_labelrotation": null,
        "auxiliary_storage_labeling_positionx": null,
        "auxiliary_storage_labeling_positiony": null,
        "auxiliary_storage_labeling_lineanchorpercent": null,
        "auxiliary_storage_labeling_lineanchorclipping": null,
        "auxiliary_storage_labeling_lineanchortype": null,
        "auxiliary_storage_labeling_lineanchortextpoint": null,
        "auxiliary_storage_labeling_show": null,
        "auxiliary_storage_callouts_originx": null,
        "auxiliary_storage_callouts_originy": null,
        "auxiliary_storage_callouts_destinationx": null,
        "auxiliary_storage_callouts_destinationy": null,
        "city": "Пермь"
      },
      "geometry": {
        "type": "MultiPolygon",
        "coordinates": [
          [
            [
              [
                56.218208492810376,
                57.9923917358787
              ],
              [
                56.2206274708744,
                57.99234039280949
              ],
              [
                56.22297926895355,
                57.991937818108646
              ],
              [
                56.22548797788111,
                57.99119199846822
              ],
              [
                56.22702534586778,
                57.99040713984347
              ],
              [
                56.2281259558276,
                57.98964608731506
              ],
              [
                56.2291585804038,
                57.98856693009736
              ],
              [
                56.22969388409817,
                57.98743180702827
              ],
              [
                56.229780613048085,
                57.986293966570244
              ],
              [
                56.22952753182417,
                57.98531291001404
              ],
              [
                56.228459035436416,
                57.98516744763664
              ],
              [
                56.22745099098579,
                57.985108382681716
              ],
              [
                56.226478472788635,
                57.985135565059004
              ],
              [
                56.223217353325786,
                57.985545890755176
              ],
              [
                56.217568496932195,
                57.98630548261424
              ],
              [
                56.21808811210043,
                57.989909093088436
              ],
              [
                56.2182306981568,
                57.99137263761137
              ],
              [
                56.218208492810376,
                57.9923917358787
              ]
            ]
          ]
        ]
      }
    },
    {
      "type": "Feature",
      "properties": {
        "qc_id": 19,
        "fid": 20,
        "name": "Староплоский",
        "original_name": null,
        "explainer": null,
        "Тип названия": "Историческая ассоциация",
        "idlabel": 16,
        "auxiliary_storage_labeling_labelrotation": null,
        "auxiliary_storage_labeling_positionx": null,
        "auxiliary_storage_labeling_positiony": null,
        "auxiliary_storage_labeling_lineanchorpercent": null,
        "auxiliary_storage_labeling_lineanchorclipping": null,
        "auxiliary_storage_labeling_lineanchortype": null,
        "auxiliary_storage_labeling_lineanchortextpoint": null,
        "auxiliary_storage_labeling_show": null,
        "auxiliary_storage_callouts_originx": null,
        "auxiliary_storage_callouts_originy": null,
        "auxiliary_storage_callouts_destinationx": null,
        "auxiliary_storage_callouts_destinationy": null,
        "city": "Пермь"
      },
      "geometry": {
        "type": "MultiPolygon",
        "coordinates": [
          [
            [
              [
                56.227658511685995,
                57.99891466295934
              ],
              [
                56.2302124420252,
                57.99853834448298
              ],
              [
                56.2312512743943,
                57.99827036868756
              ],
              [
                56.232148398380346,
                57.9977272731685
              ],
              [
                56.23208426172604,
                57.99727632230002
              ],
              [
                56.23209726000448,
                57.996669119036106
              ],
              [
                56.23225026710064,
                57.996415375823354
              ],
              [
                56.232781376343944,
                57.99573293870885
              ],
              [
                56.233164495824184,
                57.99506919728246
              ],
              [
                56.233880420943386,
                57.994368279581764
              ],
              [
                56.23466424080407,
                57.993942022619784
              ],
              [
                56.23491045813433,
                57.991162970982536
              ],
              [
                56.23582739361285,
                57.99024190623592
              ],
              [
                56.2355644245136,
                57.988546016574716
              ],
              [
                56.23441003066411,
                57.98658002834544
              ],
              [
                56.233454298215136,
                57.98581977527346
              ],
              [
                56.22952753182417,
                57.98531291001404
              ],
              [
                56.229780613048085,
                57.986293966570244
              ],
              [
                56.22969388409817,
                57.98743180702827
              ],
              [
                56.2291585804038,
                57.98856693009736
              ],
              [
                56.2281259558276,
                57.98964608731506
              ],
              [
                56.22702534586778,
                57.99040713984347
              ],
              [
                56.22548797788111,
                57.99119199846822
              ],
              [
                56.22297926895355,
                57.991937818108646
              ],
              [
                56.2206274708744,
                57.99234039280949
              ],
              [
                56.218208492810376,
                57.9923917358787
              ],
              [
                56.2182389728354,
                57.99556875759254
              ],
              [
                56.22159510120633,
                57.99656885720478
              ],
              [
                56.22327789119692,
                57.997141704723695
              ],
              [
                56.22488152174531,
                57.997919217835396
              ],
              [
                56.225538833697804,
                57.99865124380445
              ],
              [
                56.22597267728544,
                57.99934219667362
              ],
              [
                56.227658511685995,
                57.99891466295934
              ]
            ]
          ]
        ]
      }
    },
    {
      "type": "Feature",
      "properties": {
        "qc_id": 22,
        "fid": 23,
        "name": "Зеленка",
        "original_name": "мкр. Зеленое хозяйство",
        "explainer": "Под Зеленкой в Перми понимают микрорайон Зеленое Хозяйство. Микрорайон Зелёное хозяйство в Перми получил своё название от питомника декоративных растений, созданного здесь в начале XX века для озеленения города. В советское время на базе этого питомника функционировало одно из крупнейших зелёных хозяйств, снабжавшее деревьями и цветами весь Пермский край. Со временем на месте питомника вырос жилой микрорайон, но название сохранилось как напоминание о «зелёном» прошлом территории.",
        "Тип названия": "Ассоциация с официальным названием",
        "idlabel": 17,
        "auxiliary_storage_labeling_labelrotation": null,
        "auxiliary_storage_labeling_positionx": null,
        "auxiliary_storage_labeling_positiony": null,
        "auxiliary_storage_labeling_lineanchorpercent": null,
        "auxiliary_storage_labeling_lineanchorclipping": null,
        "auxiliary_storage_labeling_lineanchortype": null,
        "auxiliary_storage_labeling_lineanchortextpoint": null,
        "auxiliary_storage_labeling_show": null,
        "auxiliary_storage_callouts_originx": null,
        "auxiliary_storage_callouts_originy": null,
        "auxiliary_storage_callouts_destinationx": null,
        "auxiliary_storage_callouts_destinationy": null,
        "city": "Пермь"
      },
      "geometry": {
        "type": "MultiPolygon",
        "coordinates": [
          [
            [
              [
                56.256992995596406,
                57.991978277949144
              ],
              [
                56.257634453856454,
                57.99110069677679
              ],
              [
                56.271166286763616,
                57.99123188155753
              ],
              [
                56.274797184292105,
                57.99040547812103
              ],
              [
                56.27643569770453,
                57.98825721825822
              ],
              [
                56.276738633435095,
                57.986829372290664
              ],
              [
                56.269357744923504,
                57.985794439556706
              ],
              [
                56.26153352626382,
                57.98573602517808
              ],
              [
                56.25749337488926,
                57.98562433908666
              ],
              [
                56.256992995596406,
                57.991978277949144
              ]
            ]
          ]
        ]
      }
    },
    {
      "type": "Feature",
      "properties": {
        "qc_id": 24,
        "fid": 25,
        "name": "Богдашка",
        "original_name": "часть мкр. Октябрьский, ул. Богдана Хмельницкого",
        "explainer": "Часть Кировского района за железной дорогой от Закамска. Одна из центральных улиц называется Богдана Хмельницкого. Именно от этой улицы называется небольшой район. Официальное название микрорайона – Октябрьский.",
        "Тип названия": "Ассоциация с объектом",
        "idlabel": 18,
        "auxiliary_storage_labeling_labelrotation": null,
        "auxiliary_storage_labeling_positionx": null,
        "auxiliary_storage_labeling_positiony": null,
        "auxiliary_storage_labeling_lineanchorpercent": null,
        "auxiliary_storage_labeling_lineanchorclipping": null,
        "auxiliary_storage_labeling_lineanchortype": null,
        "auxiliary_storage_labeling_lineanchortextpoint": null,
        "auxiliary_storage_labeling_show": null,
        "auxiliary_storage_callouts_originx": null,
        "auxiliary_storage_callouts_originy": null,
        "auxiliary_storage_callouts_destinationx": null,
        "auxiliary_storage_callouts_destinationy": null,
        "city": "Пермь"
      },
      "geometry": {
        "type": "MultiPolygon",
        "coordinates": [
          [
            [
              [
                55.93013510466188,
                57.99966021395188
              ],
              [
                55.92404277596307,
                58.00176871173839
              ],
              [
                55.92983801250802,
                58.004756256185786
              ],
              [
                55.928351344025046,
                58.00527323517158
              ],
              [
                55.92863235472766,
                58.00755240989986
              ],
              [
                55.9289964736176,
                58.008720353299026
              ],
              [
                55.92995580362707,
                58.00916525268059
              ],
              [
                55.93397788034459,
                58.01144933919268
              ],
              [
                55.93767718547875,
                58.01117581611523
              ],
              [
                55.94161302310191,
                58.00964661661004
              ],
              [
                55.94267509080492,
                58.00830524791207
              ],
              [
                55.942439090315006,
                58.0070060383159
              ],
              [
                55.94181977734909,
                58.00602133466781
              ],
              [
                55.9319469098479,
                58.00077250013649
              ],
              [
                55.93013510466188,
                57.99966021395188
              ]
            ]
          ]
        ]
      }
    },
    {
      "type": "Feature",
      "properties": {
        "qc_id": 27,
        "fid": 28,
        "name": "Красные Аллеи",
        "original_name": "мкр. Октябрьский",
        "explainer": "Часть микрорайона Крохаля, которые выделяет один из жителей города. Название связано с двухэтажными домами сталинских времен постройки.",
        "Тип названия": "Визуальная ассоциация",
        "idlabel": 19,
        "auxiliary_storage_labeling_labelrotation": null,
        "auxiliary_storage_labeling_positionx": null,
        "auxiliary_storage_labeling_positiony": null,
        "auxiliary_storage_labeling_lineanchorpercent": null,
        "auxiliary_storage_labeling_lineanchorclipping": null,
        "auxiliary_storage_labeling_lineanchortype": null,
        "auxiliary_storage_labeling_lineanchortextpoint": null,
        "auxiliary_storage_labeling_show": 1,
        "auxiliary_storage_callouts_originx": null,
        "auxiliary_storage_callouts_originy": null,
        "auxiliary_storage_callouts_destinationx": null,
        "auxiliary_storage_callouts_destinationy": null,
        "city": "Пермь"
      },
      "geometry": {
        "type": "MultiPolygon",
        "coordinates": [
          [
            [
              [
                56.2436466461244,
                57.96298767873034
              ],
              [
                56.23164181180542,
                57.96299513120337
              ],
              [
                56.226806456973804,
                57.96084792489324
              ],
              [
                56.225046687592354,
                57.95930173558146
              ],
              [
                56.22466827974465,
                57.95837284768691
              ],
              [
                56.22788784706579,
                57.956883434865546
              ],
              [
                56.2339766354197,
                57.95628489265793
              ],
              [
                56.23955774427852,
                57.956133077531504
              ],
              [
                56.241847807931975,
                57.9561732266174
              ],
              [
                56.2436466461244,
                57.96298767873034
              ]
            ]
          ]
        ]
      }
    },
    {
      "type": "Feature",
      "properties": {
        "qc_id": 31,
        "fid": 32,
        "name": "Ироничная компания",
        "original_name": null,
        "explainer": "Небольшой участок Индустриального района в начале проспекта Декабристов. Ранее здесь существовал одноименный театр, сейчас существует лишь автобусная остановка с таким названием.",
        "Тип названия": "Историческая ассоциация",
        "idlabel": 20,
        "auxiliary_storage_labeling_labelrotation": null,
        "auxiliary_storage_labeling_positionx": null,
        "auxiliary_storage_labeling_positiony": null,
        "auxiliary_storage_labeling_lineanchorpercent": null,
        "auxiliary_storage_labeling_lineanchorclipping": null,
        "auxiliary_storage_labeling_lineanchortype": null,
        "auxiliary_storage_labeling_lineanchortextpoint": null,
        "auxiliary_storage_labeling_show": null,
        "auxiliary_storage_callouts_originx": null,
        "auxiliary_storage_callouts_originy": null,
        "auxiliary_storage_callouts_destinationx": null,
        "auxiliary_storage_callouts_destinationy": null,
        "city": "Пермь"
      },
      "geometry": {
        "type": "MultiPolygon",
        "coordinates": [
          [
            [
              [
                56.19358979944632,
                57.97326796228613
              ],
              [
                56.19589161261125,
                57.977280073416935
              ],
              [
                56.196533708632444,
                57.97753563161413
              ],
              [
                56.19795672384364,
                57.97796819234304
              ],
              [
                56.20171232090693,
                57.97435167857554
              ],
              [
                56.19848174648251,
                57.9734246351227
              ],
              [
                56.19628982099537,
                57.972848235492194
              ],
              [
                56.19358979944632,
                57.97326796228613
              ]
            ]
          ]
        ]
      }
    },
    {
      "type": "Feature",
      "properties": {
        "qc_id": 32,
        "fid": 33,
        "name": "Сад камней",
        "original_name": "Парк камней",
        "explainer": null,
        "Тип названия": "Визуальная ассоциация",
        "idlabel": 21,
        "auxiliary_storage_labeling_labelrotation": null,
        "auxiliary_storage_labeling_positionx": 450924.3190922675,
        "auxiliary_storage_labeling_positiony": 6430706.705035954,
        "auxiliary_storage_labeling_lineanchorpercent": null,
        "auxiliary_storage_labeling_lineanchorclipping": null,
        "auxiliary_storage_labeling_lineanchortype": null,
        "auxiliary_storage_labeling_lineanchortextpoint": null,
        "auxiliary_storage_labeling_show": null,
        "auxiliary_storage_callouts_originx": null,
        "auxiliary_storage_callouts_originy": null,
        "auxiliary_storage_callouts_destinationx": null,
        "auxiliary_storage_callouts_destinationy": null,
        "photos": [
          {
            "src": "/images/descriptions/image_10_1.jpeg",
            "alt": "Сад камней"
          },
          {
            "src": "/images/descriptions/image_10_2.jpeg",
            "alt": "Сад камней"
          }
        ],
        "city": "Пермь"
      },
      "geometry": {
        "type": "MultiPolygon",
        "coordinates": [
          [
            [
              [
                56.184929,
                58.0051503
              ],
              [
                56.1850729,
                58.0051593
              ],
              [
                56.1852266,
                58.0051721
              ],
              [
                56.1854048,
                58.0051892
              ],
              [
                56.1856578,
                58.0052184
              ],
              [
                56.1859068,
                58.0052487
              ],
              [
                56.186124,
                58.0052789
              ],
              [
                56.1863258,
                58.0053098
              ],
              [
                56.1865506,
                58.0053464
              ],
              [
                56.1867816,
                58.0053854
              ],
              [
                56.1869698,
                58.0054227
              ],
              [
                56.1872059,
                58.0054704
              ],
              [
                56.1874276,
                58.0055178
              ],
              [
                56.1876525,
                58.0055709
              ],
              [
                56.1878552,
                58.0056202
              ],
              [
                56.1880605,
                58.0056738
              ],
              [
                56.188237,
                58.0057242
              ],
              [
                56.1884282,
                58.0057819
              ],
              [
                56.1886104,
                58.005837700000015
              ],
              [
                56.1888026,
                58.00589710000001
              ],
              [
                56.1889798,
                58.00595329999999
              ],
              [
                56.1891586,
                58.0060139
              ],
              [
                56.1893125,
                58.00606620000002
              ],
              [
                56.1894954,
                58.00613229999997
              ],
              [
                56.1898263,
                58.00626169999999
              ],
              [
                56.1905556,
                58.006565
              ],
              [
                56.1907499,
                58.0066488
              ],
              [
                56.1909434,
                58.006733699999984
              ],
              [
                56.1911097,
                58.0068096
              ],
              [
                56.1912788,
                58.0068903
              ],
              [
                56.1914433,
                58.0069759
              ],
              [
                56.1916058,
                58.007061
              ],
              [
                56.191728,
                58.0071307
              ],
              [
                56.191857,
                58.00720540000001
              ],
              [
                56.1919826,
                58.00728130000001
              ],
              [
                56.1921005,
                58.007361
              ],
              [
                56.1922148,
                58.0074423
              ],
              [
                56.1923671,
                58.00755190000001
              ],
              [
                56.1924871,
                58.0076438
              ],
              [
                56.1926106,
                58.0077433
              ],
              [
                56.1927383,
                58.0078587
              ],
              [
                56.1928657,
                58.0079841
              ],
              [
                56.19394422866342,
                58.00768933170232
              ],
              [
                56.19305544933109,
                58.006737266731086
              ],
              [
                56.19351115879187,
                58.00532381578225
              ],
              [
                56.19387597401014,
                58.004624575717834
              ],
              [
                56.19398239279325,
                58.0043274212954
              ],
              [
                56.19381129572729,
                58.00417411400498
              ],
              [
                56.19295146986246,
                58.004155427071815
              ],
              [
                56.18748181796379,
                58.00455081801178
              ],
              [
                56.186339784492496,
                58.004881060307596
              ],
              [
                56.185094258853866,
                58.004826761544535
              ],
              [
                56.184929,
                58.0051503
              ]
            ]
          ]
        ]
      }
    },
    {
      "type": "Feature",
      "properties": {
        "qc_id": 33,
        "fid": 34,
        "name": "Красные казармы",
        "original_name": null,
        "explainer": "Район, который назван так из-за квартала Красные казармы. Квартал Красные казармы в Перми получил название от кирпичных зданий, построенных в конце XIX — начале XX века для размещения военного гарнизона. Эти здания имели красный цвет и находились рядом с территорией Камского военного округа. Позднее вокруг казарм был сформирован жилой квартал, сохранивший историческое название.",
        "Тип названия": "Ассоциация с объектом",
        "idlabel": 22,
        "auxiliary_storage_labeling_labelrotation": null,
        "auxiliary_storage_labeling_positionx": null,
        "auxiliary_storage_labeling_positiony": null,
        "auxiliary_storage_labeling_lineanchorpercent": null,
        "auxiliary_storage_labeling_lineanchorclipping": null,
        "auxiliary_storage_labeling_lineanchortype": null,
        "auxiliary_storage_labeling_lineanchortextpoint": null,
        "auxiliary_storage_labeling_show": null,
        "auxiliary_storage_callouts_originx": null,
        "auxiliary_storage_callouts_originy": null,
        "auxiliary_storage_callouts_destinationx": null,
        "auxiliary_storage_callouts_destinationy": null,
        "photos": [
          {
            "src": "/images/descriptions/image_11_1.jpeg",
            "alt": "Красные казармы"
          }
        ],
        "city": "Пермь"
      },
      "geometry": {
        "type": "MultiPolygon",
        "coordinates": [
          [
            [
              [
                56.256992995596406,
                57.991978277949144
              ],
              [
                56.260905333105825,
                57.99594450706513
              ],
              [
                56.26546702372073,
                57.99717546650416
              ],
              [
                56.27340657864791,
                57.999047720519236
              ],
              [
                56.274818870746685,
                57.99824833689784
              ],
              [
                56.27481454617631,
                57.99722908426335
              ],
              [
                56.27336611888718,
                57.99612217230673
              ],
              [
                56.27323238272841,
                57.995340441233
              ],
              [
                56.27392037070738,
                57.99460311200434
              ],
              [
                56.27368451879287,
                57.993939929090665
              ],
              [
                56.273174779449896,
                57.99326194459445
              ],
              [
                56.27251176102139,
                57.99276839594907
              ],
              [
                56.27155129335092,
                57.992193720612256
              ],
              [
                56.271166286763616,
                57.99123188155753
              ],
              [
                56.257634453856454,
                57.99110069677679
              ],
              [
                56.256992995596406,
                57.991978277949144
              ]
            ]
          ]
        ]
      }
    },
    {
      "type": "Feature",
      "properties": {
        "qc_id": 34,
        "fid": 35,
        "name": "Политех",
        "original_name": null,
        "explainer": "Под политехом обычно понимается квартал центра, где расположен главный корпус ПНИПУ (Пермский политех) и Октябрьская площадь — по сути чуть более широкая часть Комсомольского проспекта. Чуть раньше эта площадь называлась ещё Мажоркой. Дело в том, что раньше площадь была полностью отведена под парковку машин, а по вечерам ее использовали в качестве возможности исполнять различные трюки на спортивных автомобилях (дрифт, быстрая езда и прочее). Ниже приведено сравнение как площадь выглядит сейчас и как она выглядела раньше.",
        "Тип названия": "Ассоциация с объектом",
        "idlabel": 23,
        "auxiliary_storage_labeling_labelrotation": null,
        "auxiliary_storage_labeling_positionx": 455022.88936031173,
        "auxiliary_storage_labeling_positiony": 6429904.934945949,
        "auxiliary_storage_labeling_lineanchorpercent": null,
        "auxiliary_storage_labeling_lineanchorclipping": null,
        "auxiliary_storage_labeling_lineanchortype": null,
        "auxiliary_storage_labeling_lineanchortextpoint": null,
        "auxiliary_storage_labeling_show": null,
        "auxiliary_storage_callouts_originx": null,
        "auxiliary_storage_callouts_originy": null,
        "auxiliary_storage_callouts_destinationx": null,
        "auxiliary_storage_callouts_destinationy": null,
        "photos": [
          {
            "src": "/images/descriptions/image_11_2.jpeg",
            "alt": "Парковка перед зданием университета до реконструкции Комсомольского проспекта",
            "caption": "Парковка перед зданием университета до реконструкции Комсомольского проспекта"
          },
          {
            "src": "/images/descriptions/image_12_1.jpeg",
            "alt": "Парковка перед зданием университета до реконструкции Комсомольского проспекта",
            "caption": "Парковка перед зданием университета до реконструкции Комсомольского проспекта"
          }
        ],
        "city": "Пермь"
      },
      "geometry": {
        "type": "MultiPolygon",
        "coordinates": [
          [
            [
              [
                56.23992185614627,
                58.0091635457961
              ],
              [
                56.24095245070051,
                58.009368247896106
              ],
              [
                56.24243967246334,
                58.0080269611314
              ],
              [
                56.236549392995016,
                58.006509245047646
              ],
              [
                56.23564697484405,
                58.00790030622959
              ],
              [
                56.238363189353855,
                58.00857842865266
              ],
              [
                56.24013660739624,
                58.0090324606897
              ],
              [
                56.23992185614627,
                58.0091635457961
              ]
            ]
          ]
        ]
      }
    },
    {
      "type": "Feature",
      "properties": {
        "qc_id": 35,
        "fid": 36,
        "name": "Фонтанка",
        "original_name": null,
        "explainer": "Фонтанкой называют местность между Средней и Южной дамбами, содержит лог реки Егошиха и прилежащие к логу дома по обе стороны лога. Включает часть улицы Фонтанная, из-за чего и получило такое название. Еще в этом логе находится небольшой водопад Егошихинский, что тоже может ассоциироваться с фонтанами.",
        "Тип названия": "Ассоциация с объектом",
        "idlabel": 24,
        "auxiliary_storage_labeling_labelrotation": null,
        "auxiliary_storage_labeling_positionx": null,
        "auxiliary_storage_labeling_positiony": null,
        "auxiliary_storage_labeling_lineanchorpercent": null,
        "auxiliary_storage_labeling_lineanchorclipping": null,
        "auxiliary_storage_labeling_lineanchortype": null,
        "auxiliary_storage_labeling_lineanchortextpoint": null,
        "auxiliary_storage_labeling_show": null,
        "auxiliary_storage_callouts_originx": null,
        "auxiliary_storage_callouts_originy": null,
        "auxiliary_storage_callouts_destinationx": null,
        "auxiliary_storage_callouts_destinationy": null,
        "city": "Пермь"
      },
      "geometry": {
        "type": "MultiPolygon",
        "coordinates": [
          [
            [
              [
                56.28473607847418,
                58.00636913112199
              ],
              [
                56.28243446077414,
                58.005757015121056
              ],
              [
                56.28109830420664,
                58.00586198604316
              ],
              [
                56.27877227859439,
                58.00559070912741
              ],
              [
                56.27799662793115,
                58.00510317103563
              ],
              [
                56.27893881459569,
                58.00412899669978
              ],
              [
                56.278959662618135,
                58.00371215849153
              ],
              [
                56.277268405895455,
                58.00288188825827
              ],
              [
                56.27756977222414,
                58.00215558024511
              ],
              [
                56.27771487582059,
                58.00052166951533
              ],
              [
                56.27557902532917,
                57.99825928523806
              ],
              [
                56.279223733968735,
                57.99615548908573
              ],
              [
                56.28125003719564,
                57.99518081557258
              ],
              [
                56.283252438154165,
                57.99789240185466
              ],
              [
                56.28693118744484,
                57.99781379541763
              ],
              [
                56.28686294784933,
                58.00148366594264
              ],
              [
                56.28661794986217,
                58.00359797057899
              ],
              [
                56.28473607847418,
                58.00636913112199
              ]
            ]
          ]
        ]
      }
    },
    {
      "type": "Feature",
      "properties": {
        "qc_id": 36,
        "fid": 37,
        "name": "Авторадио",
        "original_name": null,
        "explainer": "Под Авторадио понимают вышку высотой 133 метра, на которой начало вещать «Авторадио». Вышку до сих пор называют «вышкой Авторадио», а прилегающую территорию иногда выделяют в микрорайон Авторадио. Одноименно называется и автобусная остановка рядом с этим объектом.",
        "Тип названия": "Ассоциация с объектом",
        "idlabel": 25,
        "auxiliary_storage_labeling_labelrotation": null,
        "auxiliary_storage_labeling_positionx": null,
        "auxiliary_storage_labeling_positiony": null,
        "auxiliary_storage_labeling_lineanchorpercent": null,
        "auxiliary_storage_labeling_lineanchorclipping": null,
        "auxiliary_storage_labeling_lineanchortype": null,
        "auxiliary_storage_labeling_lineanchortextpoint": null,
        "auxiliary_storage_labeling_show": null,
        "auxiliary_storage_callouts_originx": null,
        "auxiliary_storage_callouts_originy": null,
        "auxiliary_storage_callouts_destinationx": null,
        "auxiliary_storage_callouts_destinationy": null,
        "city": "Пермь"
      },
      "geometry": {
        "type": "MultiPolygon",
        "coordinates": [
          [
            [
              [
                56.28125003719564,
                57.99518081557258
              ],
              [
                56.284323015328454,
                57.993589875742714
              ],
              [
                56.28647527332812,
                57.99190766331538
              ],
              [
                56.29104790045038,
                57.99008008429244
              ],
              [
                56.294240438735734,
                57.99123619197764
              ],
              [
                56.29487984610746,
                57.9916765488682
              ],
              [
                56.28944589136124,
                57.994201003865356
              ],
              [
                56.29016163866148,
                57.994562390301176
              ],
              [
                56.29185340434508,
                57.99473065783674
              ],
              [
                56.291383012581555,
                57.9970907916681
              ],
              [
                56.291142717957705,
                57.99789689234341
              ],
              [
                56.28693118744484,
                57.99781379541763
              ],
              [
                56.283252438154165,
                57.99789240185466
              ],
              [
                56.28125003719564,
                57.99518081557258
              ]
            ]
          ]
        ]
      }
    },
    {
      "type": "Feature",
      "properties": {
        "qc_id": 37,
        "fid": 38,
        "name": "Светлый",
        "original_name": null,
        "explainer": "Официальное название микрорайона, который находится между железной дорогой, ул. Малкова и ул. Шоссе Космонавтов. В 1920-х годах, когда деревня Светлушка была переименована в посёлок Светлый. Название связано с близлежащим ручьём Светлый.. Впоследствии посёлок был включён в состав Перми. Используется жителями ближайших микрорайонов, чаще среди старшего поколения.",
        "Тип названия": "Реальное название",
        "idlabel": 26,
        "auxiliary_storage_labeling_labelrotation": null,
        "auxiliary_storage_labeling_positionx": null,
        "auxiliary_storage_labeling_positiony": null,
        "auxiliary_storage_labeling_lineanchorpercent": null,
        "auxiliary_storage_labeling_lineanchorclipping": null,
        "auxiliary_storage_labeling_lineanchortype": null,
        "auxiliary_storage_labeling_lineanchortextpoint": null,
        "auxiliary_storage_labeling_show": null,
        "auxiliary_storage_callouts_originx": null,
        "auxiliary_storage_callouts_originy": null,
        "auxiliary_storage_callouts_destinationx": null,
        "auxiliary_storage_callouts_destinationy": null,
        "city": "Пермь"
      },
      "geometry": {
        "type": "MultiPolygon",
        "coordinates": [
          [
            [
              [
                56.19536576674128,
                57.99073532811104
              ],
              [
                56.19334282808278,
                57.9925756769647
              ],
              [
                56.192380008398935,
                57.99437639854277
              ],
              [
                56.192674836674485,
                57.99567548033292
              ],
              [
                56.19347906941706,
                57.99649464641394
              ],
              [
                56.195341818724955,
                57.997360216084836
              ],
              [
                56.19709989251623,
                57.99789417677648
              ],
              [
                56.198276667692035,
                57.998225899196115
              ],
              [
                56.1986389513823,
                57.99763252403078
              ],
              [
                56.19900757682336,
                57.996754595881676
              ],
              [
                56.199334069661205,
                57.996088190810376
              ],
              [
                56.20017726844493,
                57.995166915783244
              ],
              [
                56.20110721663466,
                57.994266035178214
              ],
              [
                56.20205777343375,
                57.99355721116795
              ],
              [
                56.20254118077878,
                57.99311680805615
              ],
              [
                56.202846291088065,
                57.99284736497663
              ],
              [
                56.203314131841246,
                57.99254584817635
              ],
              [
                56.198977265536314,
                57.99141334141313
              ],
              [
                56.19536576674128,
                57.99073532811104
              ]
            ]
          ]
        ]
      }
    },
    {
      "type": "Feature",
      "properties": {
        "qc_id": 38,
        "fid": 39,
        "name": "Самолетка",
        "original_name": null,
        "explainer": "Район улицы Самолетная, ограниченный логом реки, поворотом самой улицы Самолетная, ул Карпинского и ул. Стахановская. Информированные источники упоминают название «13-ый район», однако точную причину этого установить не удалось. Формально является частью микрорайона Новоплоский, однако название микрорайона редко используется для описания данной территории.",
        "Тип названия": "Ассоциация с объектом",
        "idlabel": 27,
        "auxiliary_storage_labeling_labelrotation": 290.5273666517488,
        "auxiliary_storage_labeling_positionx": 453712.0579898127,
        "auxiliary_storage_labeling_positiony": 6426610.291601238,
        "auxiliary_storage_labeling_lineanchorpercent": null,
        "auxiliary_storage_labeling_lineanchorclipping": null,
        "auxiliary_storage_labeling_lineanchortype": null,
        "auxiliary_storage_labeling_lineanchortextpoint": null,
        "auxiliary_storage_labeling_show": null,
        "auxiliary_storage_callouts_originx": null,
        "auxiliary_storage_callouts_originy": null,
        "auxiliary_storage_callouts_destinationx": null,
        "auxiliary_storage_callouts_destinationy": null,
        "city": "Пермь"
      },
      "geometry": {
        "type": "MultiPolygon",
        "coordinates": [
          [
            [
              [
                56.22952753182417,
                57.98531291001404
              ],
              [
                56.22730412708722,
                57.98250146223391
              ],
              [
                56.221843329964784,
                57.976135496191546
              ],
              [
                56.21826623661804,
                57.97756184903816
              ],
              [
                56.215683449406335,
                57.97831368651605
              ],
              [
                56.216355728702844,
                57.981759408819876
              ],
              [
                56.21688922939389,
                57.98357614071692
              ],
              [
                56.21709451561821,
                57.98558940261466
              ],
              [
                56.217568496932195,
                57.98630548261424
              ],
              [
                56.223217353325786,
                57.985545890755176
              ],
              [
                56.226478472788635,
                57.985135565059004
              ],
              [
                56.22745099098579,
                57.985108382681716
              ],
              [
                56.228459035436416,
                57.98516744763664
              ],
              [
                56.22952753182417,
                57.98531291001404
              ]
            ]
          ]
        ]
      }
    },
    {
      "type": "Feature",
      "properties": {
        "qc_id": 39,
        "fid": 40,
        "name": "Первомайка",
        "original_name": "мкр. Первомайский",
        "explainer": "Разговорное название микрорайона Первомайский, который находится вдоль улицы Промышленная. Микрорайон Первомайский в Перми возник в начале 1950-х годов как жилой поселок для работников Пермского нефтеперерабатывающего завода, строительство которого началось в 1951 году. Изначально он назывался «Аварийный посёлок» и предназначался для размещения рабочих, занятых на аварийных и спасательных работах.",
        "Тип названия": "Ассоциация с официальным названием",
        "idlabel": 28,
        "auxiliary_storage_labeling_labelrotation": null,
        "auxiliary_storage_labeling_positionx": null,
        "auxiliary_storage_labeling_positiony": null,
        "auxiliary_storage_labeling_lineanchorpercent": null,
        "auxiliary_storage_labeling_lineanchorclipping": null,
        "auxiliary_storage_labeling_lineanchortype": null,
        "auxiliary_storage_labeling_lineanchortextpoint": null,
        "auxiliary_storage_labeling_show": null,
        "auxiliary_storage_callouts_originx": null,
        "auxiliary_storage_callouts_originy": null,
        "auxiliary_storage_callouts_destinationx": null,
        "auxiliary_storage_callouts_destinationy": null,
        "city": "Пермь"
      },
      "geometry": {
        "type": "MultiPolygon",
        "coordinates": [
          [
            [
              [
                56.1321330423013,
                57.95479164406934
              ],
              [
                56.13446786217221,
                57.95400010174705
              ],
              [
                56.13673266263071,
                57.953009486296885
              ],
              [
                56.13665247876084,
                57.952201484027
              ],
              [
                56.1357549297981,
                57.95121584682208
              ],
              [
                56.13603505259772,
                57.94992052289071
              ],
              [
                56.13571201255135,
                57.948859365511645
              ],
              [
                56.13328820617998,
                57.94612927372315
              ],
              [
                56.13174541046327,
                57.94404053138705
              ],
              [
                56.12926953739148,
                57.94451336745622
              ],
              [
                56.126889621813106,
                57.94513242210632
              ],
              [
                56.1251273684569,
                57.94594100331535
              ],
              [
                56.128319163758576,
                57.94982814329087
              ],
              [
                56.129192100038274,
                57.95181967969418
              ],
              [
                56.130537191019556,
                57.9538541498185
              ],
              [
                56.1321330423013,
                57.95479164406934
              ]
            ]
          ]
        ]
      }
    },
    {
      "type": "Feature",
      "properties": {
        "qc_id": 40,
        "fid": 41,
        "name": "Поселок",
        "original_name": null,
        "explainer": "Один из моих информированных источников (мама) выделяет это как отдельный квартал между улицами Снайперов, Чайковская, Мира и Кавалерийская. Связано это с тем, что на данной территории существовал поселок, который был построен силами пленных немцев в 50-ые годы.",
        "Тип названия": "Ассоциация с официальным названием",
        "idlabel": 29,
        "auxiliary_storage_labeling_labelrotation": null,
        "auxiliary_storage_labeling_positionx": 451802.2874495389,
        "auxiliary_storage_labeling_positiony": 6427206.583774857,
        "auxiliary_storage_labeling_lineanchorpercent": null,
        "auxiliary_storage_labeling_lineanchorclipping": null,
        "auxiliary_storage_labeling_lineanchortype": null,
        "auxiliary_storage_labeling_lineanchortextpoint": null,
        "auxiliary_storage_labeling_show": null,
        "auxiliary_storage_callouts_originx": null,
        "auxiliary_storage_callouts_originy": null,
        "auxiliary_storage_callouts_destinationx": null,
        "auxiliary_storage_callouts_destinationy": null,
        "city": "Пермь"
      },
      "geometry": {
        "type": "MultiPolygon",
        "coordinates": [
          [
            [
              [
                56.20165398997442,
                57.98537761870909
              ],
              [
                56.205950346188665,
                57.98662229805747
              ],
              [
                56.20778512659225,
                57.98479381600775
              ],
              [
                56.20358873881528,
                57.98354320516035
              ],
              [
                56.20165398997442,
                57.98537761870909
              ]
            ]
          ]
        ]
      }
    },
    {
      "type": "Feature",
      "properties": {
        "qc_id": 42,
        "fid": 43,
        "name": "Ипподром",
        "original_name": null,
        "explainer": "Территория бывшего ипподрома и несколько жилых кварталов вокруг в Индустриальном районе. В прошлом десятилетии ипподром был окончательно закрыт, а на его месте были построены несколько торговых центров.",
        "Тип названия": "Историческая ассоциация",
        "idlabel": 30,
        "auxiliary_storage_labeling_labelrotation": 1.318894919232207,
        "auxiliary_storage_labeling_positionx": 449599.14502128924,
        "auxiliary_storage_labeling_positiony": 6425784.508863973,
        "auxiliary_storage_labeling_lineanchorpercent": null,
        "auxiliary_storage_labeling_lineanchorclipping": null,
        "auxiliary_storage_labeling_lineanchortype": null,
        "auxiliary_storage_labeling_lineanchortextpoint": null,
        "auxiliary_storage_labeling_show": null,
        "auxiliary_storage_callouts_originx": null,
        "auxiliary_storage_callouts_originy": null,
        "auxiliary_storage_callouts_destinationx": null,
        "auxiliary_storage_callouts_destinationy": null,
        "photos": [
          {
            "src": "/images/descriptions/image_13_1.jpeg",
            "alt": "Ипподром",
            "caption": "Ипподром"
          },
          {
            "src": "/images/descriptions/image_14_1.jpeg",
            "alt": "ТРК Планета на месте бывшего Ипподрома",
            "caption": "ТРК Планета на месте бывшего Ипподрома"
          }
        ],
        "city": "Пермь"
      },
      "geometry": {
        "type": "MultiPolygon",
        "coordinates": [
          [
            [
              [
                56.14244447468615,
                57.968374917341755
              ],
              [
                56.14537008977902,
                57.96633626252367
              ],
              [
                56.150284924117024,
                57.968109857329786
              ],
              [
                56.153285468384354,
                57.96498609198994
              ],
              [
                56.15987834466859,
                57.966909464859604
              ],
              [
                56.15799402159645,
                57.96759856120824
              ],
              [
                56.15594386961283,
                57.96951094732767
              ],
              [
                56.16454450515842,
                57.97191067444189
              ],
              [
                56.16130862978751,
                57.974993438120926
              ],
              [
                56.15962926569747,
                57.97436021745415
              ],
              [
                56.152544930070206,
                57.97684146804634
              ],
              [
                56.151341924945946,
                57.97608555987345
              ],
              [
                56.14964326188709,
                57.975220431608456
              ],
              [
                56.14943090994824,
                57.974193148185094
              ],
              [
                56.14907780479361,
                57.97332376600874
              ],
              [
                56.14410385508953,
                57.96982230690422
              ],
              [
                56.14244447468615,
                57.968374917341755
              ]
            ]
          ]
        ]
      }
    },
    {
      "type": "Feature",
      "properties": {
        "qc_id": 43,
        "fid": 44,
        "name": "Морион",
        "original_name": null,
        "explainer": "Так именуется территория бывшего завода Морион, который производил телекоммуникационное оборудование (завод в некотором сильно урезанном формате существует и по сегодняшний день). Многие бывшие корпуса завода были переоборудованы, теперь на этом месте находится пермская «силиконовая долина» (более редкое, но тоже употребляемое название) — здесь находится завод пермских роботов PERMBOT, до 2022 года находилась компания Miro, известная по интерактивным онлайн-доскам. Здесь же находится штаб-квартира Эр-Телеком (Dom.ru).",
        "Тип названия": "Историческая ассоциация",
        "idlabel": 31,
        "auxiliary_storage_labeling_labelrotation": null,
        "auxiliary_storage_labeling_positionx": null,
        "auxiliary_storage_labeling_positiony": null,
        "auxiliary_storage_labeling_lineanchorpercent": null,
        "auxiliary_storage_labeling_lineanchorclipping": null,
        "auxiliary_storage_labeling_lineanchortype": null,
        "auxiliary_storage_labeling_lineanchortextpoint": null,
        "auxiliary_storage_labeling_show": null,
        "auxiliary_storage_callouts_originx": null,
        "auxiliary_storage_callouts_originy": null,
        "auxiliary_storage_callouts_destinationx": null,
        "auxiliary_storage_callouts_destinationy": null,
        "photos": [
          {
            "src": "/images/descriptions/image_15_1.jpeg",
            "alt": "Морион"
          }
        ],
        "city": "Пермь"
      },
      "geometry": {
        "type": "MultiPolygon",
        "coordinates": [
          [
            [
              [
                56.202401907171016,
                57.99209338953434
              ],
              [
                56.20406489304899,
                57.99044589032247
              ],
              [
                56.204859239202385,
                57.98974930502548
              ],
              [
                56.20471323849312,
                57.98902698475252
              ],
              [
                56.204363853057764,
                57.988204116093456
              ],
              [
                56.20803300178154,
                57.98767768135867
              ],
              [
                56.20878120506251,
                57.98935017803575
              ],
              [
                56.20885717937095,
                57.990426143072774
              ],
              [
                56.209793017897965,
                57.99178873394097
              ],
              [
                56.20444850559203,
                57.992255117609474
              ],
              [
                56.20396740906412,
                57.99259295689822
              ],
              [
                56.202401907171016,
                57.99209338953434
              ]
            ]
          ]
        ]
      }
    },
    {
      "type": "Feature",
      "properties": {
        "qc_id": 44,
        "fid": 45,
        "name": "Парк Миндовского",
        "original_name": "Сад Миндовского",
        "explainer": "Официальное название – сад Миндовского, однако чаще именуется парком. Парк Миндовского в Перми, расположенный вдоль улицы Мира в Индустриальном районе, был заложен в 1962 году на месте заболоченного оврага реки Гарюшки. Изначально он носил название «Сквер имени XXII съезда КПСС» и был спроектирован архитектором Г. Денисовой. Позднее парк был переименован в честь Валентина Леонидовича Миндовского — лесовода, который более трёх десятилетий руководил озеленением Березников и Перми.",
        "Тип названия": "Ассоциация с объектом",
        "idlabel": 32,
        "auxiliary_storage_labeling_labelrotation": null,
        "auxiliary_storage_labeling_positionx": null,
        "auxiliary_storage_labeling_positiony": null,
        "auxiliary_storage_labeling_lineanchorpercent": null,
        "auxiliary_storage_labeling_lineanchorclipping": null,
        "auxiliary_storage_labeling_lineanchortype": null,
        "auxiliary_storage_labeling_lineanchortextpoint": null,
        "auxiliary_storage_labeling_show": null,
        "auxiliary_storage_callouts_originx": null,
        "auxiliary_storage_callouts_originy": null,
        "auxiliary_storage_callouts_destinationx": null,
        "auxiliary_storage_callouts_destinationy": null,
        "city": "Пермь"
      },
      "geometry": {
        "type": "MultiPolygon",
        "coordinates": [
          [
            [
              [
                56.20778512659225,
                57.98479381600775
              ],
              [
                56.20969259668402,
                57.98283384035061
              ],
              [
                56.20816134771102,
                57.98250611389592
              ],
              [
                56.20781384425635,
                57.9828293862706
              ],
              [
                56.20525684175232,
                57.98209747755361
              ],
              [
                56.205622294474516,
                57.98157906249634
              ],
              [
                56.201101954501475,
                57.980371950830495
              ],
              [
                56.19926935700431,
                57.981965913986905
              ],
              [
                56.20358873881528,
                57.98354320516035
              ],
              [
                56.20778512659225,
                57.98479381600775
              ]
            ]
          ]
        ]
      }
    },
    {
      "type": "Feature",
      "properties": {
        "qc_id": 45,
        "fid": 46,
        "name": "Гознак",
        "original_name": null,
        "explainer": "Так называется территория фабрики Гознак, а также окружающие жилые кварталы. Кроме того, ДК Губерния долгое время имело название ДК Гознак, которое чаще употребляется и сейчас.",
        "Тип названия": "Ассоциация с объектом",
        "idlabel": 33,
        "auxiliary_storage_labeling_labelrotation": null,
        "auxiliary_storage_labeling_positionx": null,
        "auxiliary_storage_labeling_positiony": null,
        "auxiliary_storage_labeling_lineanchorpercent": null,
        "auxiliary_storage_labeling_lineanchorclipping": null,
        "auxiliary_storage_labeling_lineanchortype": null,
        "auxiliary_storage_labeling_lineanchortextpoint": null,
        "auxiliary_storage_labeling_show": null,
        "auxiliary_storage_callouts_originx": null,
        "auxiliary_storage_callouts_originy": null,
        "auxiliary_storage_callouts_destinationx": null,
        "auxiliary_storage_callouts_destinationy": null,
        "photos": [
          {
            "src": "/images/descriptions/image_16_1.jpeg",
            "alt": "Здание печатной фабрики Гознак",
            "caption": "Здание печатной фабрики Гознак"
          }
        ],
        "city": "Пермь"
      },
      "geometry": {
        "type": "MultiPolygon",
        "coordinates": [
          [
            [
              [
                56.202401907171016,
                57.99209338953434
              ],
              [
                56.20406489304899,
                57.99044589032247
              ],
              [
                56.204859239202385,
                57.98974930502548
              ],
              [
                56.20471323849312,
                57.98902698475252
              ],
              [
                56.204363853057764,
                57.988204116093456
              ],
              [
                56.205950346188665,
                57.98662229805747
              ],
              [
                56.20165398997442,
                57.98537761870909
              ],
              [
                56.19716953746683,
                57.9840101596387
              ],
              [
                56.19432522492481,
                57.98637871030317
              ],
              [
                56.19164588452016,
                57.98563852153571
              ],
              [
                56.18890645135766,
                57.98876697018309
              ],
              [
                56.19148870435812,
                57.98959338162785
              ],
              [
                56.19148278950124,
                57.99166890343422
              ],
              [
                56.19376243845372,
                57.992185987767265
              ],
              [
                56.19536576674128,
                57.99073532811104
              ],
              [
                56.198977265536314,
                57.99141334141313
              ],
              [
                56.20224156125171,
                57.992264748389594
              ],
              [
                56.202401907171016,
                57.99209338953434
              ]
            ]
          ]
        ]
      }
    },
    {
      "type": "Feature",
      "properties": {
        "qc_id": 48,
        "fid": 49,
        "name": "Авторынок",
        "original_name": null,
        "explainer": "Часть территории Индустриального района, где расположен авторынок. Именовался таким образом чаще среди жителей самого района.",
        "Тип названия": "Ассоциация с объектом",
        "idlabel": 34,
        "auxiliary_storage_labeling_labelrotation": null,
        "auxiliary_storage_labeling_positionx": null,
        "auxiliary_storage_labeling_positiony": null,
        "auxiliary_storage_labeling_lineanchorpercent": null,
        "auxiliary_storage_labeling_lineanchorclipping": null,
        "auxiliary_storage_labeling_lineanchortype": null,
        "auxiliary_storage_labeling_lineanchortextpoint": null,
        "auxiliary_storage_labeling_show": null,
        "auxiliary_storage_callouts_originx": null,
        "auxiliary_storage_callouts_originy": null,
        "auxiliary_storage_callouts_destinationx": null,
        "auxiliary_storage_callouts_destinationy": null,
        "city": "Пермь"
      },
      "geometry": {
        "type": "MultiPolygon",
        "coordinates": [
          [
            [
              [
                56.181345978176076,
                57.96083941518166
              ],
              [
                56.17960271456572,
                57.96031471116526
              ],
              [
                56.177979457555445,
                57.95989923824575
              ],
              [
                56.1764673911939,
                57.95938321714874
              ],
              [
                56.17732240466003,
                57.95828949369505
              ],
              [
                56.17790153227489,
                57.95795333709109
              ],
              [
                56.18064588594655,
                57.95872317451731
              ],
              [
                56.182070988931606,
                57.95887698863856
              ],
              [
                56.183500450202345,
                57.95898923097442
              ],
              [
                56.18157249555317,
                57.960900536926275
              ],
              [
                56.181345978176076,
                57.96083941518166
              ]
            ]
          ]
        ]
      }
    },
    {
      "type": "Feature",
      "properties": {
        "qc_id": 50,
        "fid": 51,
        "name": "Аэлита",
        "original_name": null,
        "explainer": "Название «Аэлита» в Перми связано с торговым центром, построенным в начале 1970-х годов на улице Космонавта Беляева. Это здание стало одним из первых крупных торговых объектов в Индустриальном районе города. Название, вероятно, было вдохновлено романом Алексея Толстого «Аэлита» (1923), в котором описывается путешествие на Марс и встреча с марсианкой по имени Аэлита. Сейчас на этом месте расположен одноименный жилой комплекс. Так иногда выделяют часть улицы Космонавта Беляева и ближайшие к нему дома (от ул. Власова до ул. Леонова).",
        "Тип названия": "Историческая ассоциация",
        "idlabel": 35,
        "auxiliary_storage_labeling_labelrotation": null,
        "auxiliary_storage_labeling_positionx": null,
        "auxiliary_storage_labeling_positiony": null,
        "auxiliary_storage_labeling_lineanchorpercent": null,
        "auxiliary_storage_labeling_lineanchorclipping": null,
        "auxiliary_storage_labeling_lineanchortype": null,
        "auxiliary_storage_labeling_lineanchortextpoint": null,
        "auxiliary_storage_labeling_show": null,
        "auxiliary_storage_callouts_originx": null,
        "auxiliary_storage_callouts_originy": null,
        "auxiliary_storage_callouts_destinationx": null,
        "auxiliary_storage_callouts_destinationy": null,
        "city": "Пермь"
      },
      "geometry": {
        "type": "MultiPolygon",
        "coordinates": [
          [
            [
              [
                56.15799402159645,
                57.96759856120824
              ],
              [
                56.15987834466859,
                57.966909464859604
              ],
              [
                56.16170823215729,
                57.96623488690046
              ],
              [
                56.17246542258414,
                57.96950186536535
              ],
              [
                56.17065904004627,
                57.97140295030907
              ],
              [
                56.16308190345919,
                57.96918915120406
              ],
              [
                56.15799402159645,
                57.96759856120824
              ]
            ]
          ]
        ]
      }
    },
    {
      "type": "Feature",
      "properties": {
        "qc_id": 52,
        "fid": 53,
        "name": "Авиагородок",
        "original_name": null,
        "explainer": "Авиагородок – официальное название микрорайона. Авиагородок в Перми начал формироваться в 1930-е годы рядом с аэродромом Бахаревка и школой гражданской авиации. Он строился как жилой посёлок для лётчиков, техников и сотрудников авиационной отрасли, обслуживавших пермский аэропорт.",
        "Тип названия": "Реальное название",
        "idlabel": 36,
        "auxiliary_storage_labeling_labelrotation": 18.736136515954783,
        "auxiliary_storage_labeling_positionx": 451923.9994574673,
        "auxiliary_storage_labeling_positiony": 6425503.27405258,
        "auxiliary_storage_labeling_lineanchorpercent": null,
        "auxiliary_storage_labeling_lineanchorclipping": null,
        "auxiliary_storage_labeling_lineanchortype": null,
        "auxiliary_storage_labeling_lineanchortextpoint": null,
        "auxiliary_storage_labeling_show": null,
        "auxiliary_storage_callouts_originx": null,
        "auxiliary_storage_callouts_originy": null,
        "auxiliary_storage_callouts_destinationx": null,
        "auxiliary_storage_callouts_destinationy": null,
        "city": "Пермь"
      },
      "geometry": {
        "type": "MultiPolygon",
        "coordinates": [
          [
            [
              [
                56.19240435023169,
                57.9647755892362
              ],
              [
                56.19405275107749,
                57.96457425637846
              ],
              [
                56.19367253018452,
                57.964823425294185
              ],
              [
                56.19360836496693,
                57.96525693491291
              ],
              [
                56.19294372730201,
                57.96576618650635
              ],
              [
                56.19291066464419,
                57.966026326552274
              ],
              [
                56.194224337636555,
                57.966309470641875
              ],
              [
                56.19592208958387,
                57.96585014043304
              ],
              [
                56.19791994527645,
                57.96535652115205
              ],
              [
                56.19952010590283,
                57.96499777474566
              ],
              [
                56.20273849240582,
                57.96836637715652
              ],
              [
                56.19846407037926,
                57.96963402534258
              ],
              [
                56.193977293529606,
                57.97064706742608
              ],
              [
                56.1914811102237,
                57.970891572904556
              ],
              [
                56.18790751941801,
                57.96822191444617
              ],
              [
                56.18692320390441,
                57.96841811962478
              ],
              [
                56.186410379857946,
                57.968226809434874
              ],
              [
                56.18710316610316,
                57.96708136052338
              ],
              [
                56.182420008848474,
                57.96566099733757
              ],
              [
                56.18539373740903,
                57.96654791425428
              ],
              [
                56.18936768298156,
                57.967744881978376
              ],
              [
                56.19240435023169,
                57.9647755892362
              ]
            ]
          ]
        ]
      }
    },
    {
      "type": "Feature",
      "properties": {
        "qc_id": 53,
        "fid": 54,
        "name": "Роща",
        "original_name": null,
        "explainer": "Небольшой микрорайон рядом с Парком Победы, который и считался рощей. включает дома на углу ул. Свиязева и ул. Карпинского, имеет одноименную автобусную остановку.",
        "Тип названия": "Ассоциация с объектом",
        "idlabel": 37,
        "auxiliary_storage_labeling_labelrotation": 0.9347196305657377,
        "auxiliary_storage_labeling_positionx": 452270.1769263498,
        "auxiliary_storage_labeling_positiony": 6424174.497637862,
        "auxiliary_storage_labeling_lineanchorpercent": null,
        "auxiliary_storage_labeling_lineanchorclipping": null,
        "auxiliary_storage_labeling_lineanchortype": null,
        "auxiliary_storage_labeling_lineanchortextpoint": null,
        "auxiliary_storage_labeling_show": 1,
        "auxiliary_storage_callouts_originx": null,
        "auxiliary_storage_callouts_originy": null,
        "auxiliary_storage_callouts_destinationx": null,
        "auxiliary_storage_callouts_destinationy": null,
        "photos": [
          {
            "src": "/images/descriptions/image_18_1.jpeg",
            "alt": "Роща",
            "caption": "Роща"
          }
        ],
        "city": "Пермь"
      },
      "geometry": {
        "type": "MultiPolygon",
        "coordinates": [
          [
            [
              [
                56.19405275107749,
                57.96457425637846
              ],
              [
                56.19367253018452,
                57.964823425294185
              ],
              [
                56.19360836496693,
                57.96525693491291
              ],
              [
                56.19294372730201,
                57.96576618650635
              ],
              [
                56.19291066464419,
                57.966026326552274
              ],
              [
                56.194224337636555,
                57.966309470641875
              ],
              [
                56.19592208958387,
                57.96585014043304
              ],
              [
                56.19791994527645,
                57.96535652115205
              ],
              [
                56.19952010590283,
                57.96499777474566
              ],
              [
                56.20273849240582,
                57.96836637715652
              ],
              [
                56.203835588171806,
                57.96798995774067
              ],
              [
                56.20303622103033,
                57.965988937725136
              ],
              [
                56.203649265679864,
                57.96289027829105
              ],
              [
                56.203119858232725,
                57.96228846685113
              ],
              [
                56.20052208708977,
                57.962629557488
              ],
              [
                56.19941694548638,
                57.96304618551227
              ],
              [
                56.19768654541089,
                57.96357799278769
              ],
              [
                56.19405275107749,
                57.96457425637846
              ]
            ]
          ]
        ]
      }
    },
    {
      "type": "Feature",
      "properties": {
        "qc_id": 59,
        "fid": 60,
        "name": "Рынок",
        "original_name": "Автовокзал, Центральный колхозный рынок, Металлорынок, Рынок СНГ",
        "explainer": "Под Рынком понимают Центральный Колхозный рынок и ближайшие торговые точки, а также часто автовокзал Перми.",
        "Тип названия": "Ассоциация с объектом",
        "idlabel": 39,
        "auxiliary_storage_labeling_labelrotation": null,
        "auxiliary_storage_labeling_positionx": null,
        "auxiliary_storage_labeling_positiony": null,
        "auxiliary_storage_labeling_lineanchorpercent": null,
        "auxiliary_storage_labeling_lineanchorclipping": null,
        "auxiliary_storage_labeling_lineanchortype": null,
        "auxiliary_storage_labeling_lineanchortextpoint": null,
        "auxiliary_storage_labeling_show": null,
        "auxiliary_storage_callouts_originx": null,
        "auxiliary_storage_callouts_originy": null,
        "auxiliary_storage_callouts_destinationx": null,
        "auxiliary_storage_callouts_destinationy": null,
        "city": "Пермь"
      },
      "geometry": {
        "type": "MultiPolygon",
        "coordinates": [
          [
            [
              [
                56.22597267728544,
                57.99934219667362
              ],
              [
                56.22573263744324,
                57.99955497404534
              ],
              [
                56.22660402191687,
                58.00020391036067
              ],
              [
                56.228251149507315,
                58.00088647520545
              ],
              [
                56.2295713004231,
                58.00157427104927
              ],
              [
                56.23040287303607,
                58.00217954843499
              ],
              [
                56.23088622972764,
                58.00250790499386
              ],
              [
                56.23092385977162,
                58.002023597055384
              ],
              [
                56.232483388590815,
                58.00171481065507
              ],
              [
                56.23299461745048,
                58.002014399810705
              ],
              [
                56.23302542732254,
                58.00248465704156
              ],
              [
                56.23311535940042,
                58.00273831447174
              ],
              [
                56.232970338149485,
                58.003149656948445
              ],
              [
                56.23296121360591,
                58.003576282187844
              ],
              [
                56.23277609729627,
                58.00395122338682
              ],
              [
                56.23233573384755,
                58.00415829183646
              ],
              [
                56.22122006750293,
                58.0022466226059
              ],
              [
                56.22176400266854,
                58.00103499471514
              ],
              [
                56.22172034940382,
                58.00053572802806
              ],
              [
                56.22149556238415,
                58.000223382114456
              ],
              [
                56.22140618959746,
                57.99994802382493
              ],
              [
                56.22228458141507,
                57.99964242464534
              ],
              [
                56.223723697158704,
                57.999231763264
              ],
              [
                56.22496805026821,
                57.999007928429876
              ],
              [
                56.225538833697804,
                57.99865124380445
              ],
              [
                56.22597267728544,
                57.99934219667362
              ]
            ]
          ]
        ]
      }
    },
    {
      "type": "Feature",
      "properties": {
        "qc_id": 61,
        "fid": 62,
        "name": "Пермь-2",
        "original_name": null,
        "explainer": null,
        "Тип названия": "Ассоциация с объектом",
        "idlabel": 40,
        "auxiliary_storage_labeling_labelrotation": null,
        "auxiliary_storage_labeling_positionx": null,
        "auxiliary_storage_labeling_positiony": null,
        "auxiliary_storage_labeling_lineanchorpercent": null,
        "auxiliary_storage_labeling_lineanchorclipping": null,
        "auxiliary_storage_labeling_lineanchortype": null,
        "auxiliary_storage_labeling_lineanchortextpoint": null,
        "auxiliary_storage_labeling_show": null,
        "auxiliary_storage_callouts_originx": null,
        "auxiliary_storage_callouts_originy": null,
        "auxiliary_storage_callouts_destinationx": null,
        "auxiliary_storage_callouts_destinationy": null,
        "city": "Пермь"
      },
      "geometry": {
        "type": "MultiPolygon",
        "coordinates": [
          [
            [
              [
                56.19381129572729,
                58.00417411400498
              ],
              [
                56.19227856926511,
                58.00176630907341
              ],
              [
                56.19013826199257,
                58.001772295171264
              ],
              [
                56.187829934402025,
                58.00186532713154
              ],
              [
                56.18500329361444,
                58.00203335793146
              ],
              [
                56.18141625742375,
                58.002460678712
              ],
              [
                56.16421735375546,
                58.00355816039735
              ],
              [
                56.15936463974587,
                58.00356537544535
              ],
              [
                56.15619114349458,
                58.003563961501406
              ],
              [
                56.1564911,
                58.0063843
              ],
              [
                56.1566636,
                58.00631179999997
              ],
              [
                56.1568167,
                58.0062526
              ],
              [
                56.1569423,
                58.006207
              ],
              [
                56.1571242,
                58.0061399
              ],
              [
                56.1573088,
                58.0060722
              ],
              [
                56.15749430000001,
                58.00600750000001
              ],
              [
                56.1577306,
                58.00593089999999
              ],
              [
                56.157934,
                58.0058687
              ],
              [
                56.1581359,
                58.0058085
              ],
              [
                56.1583553,
                58.0057483
              ],
              [
                56.1585823,
                58.005691100000014
              ],
              [
                56.1587958,
                58.00564139999999
              ],
              [
                56.1590199,
                58.0055923
              ],
              [
                56.1592154,
                58.0055519
              ],
              [
                56.1594187,
                58.00551
              ],
              [
                56.1599975,
                58.00540270000001
              ],
              [
                56.1601952,
                58.0053645
              ],
              [
                56.1604053,
                58.0053322
              ],
              [
                56.1606324,
                58.005300599999984
              ],
              [
                56.1608734,
                58.005274
              ],
              [
                56.16113390000001,
                58.005246800000016
              ],
              [
                56.1618686,
                58.0051825
              ],
              [
                56.162015,
                58.005171200000014
              ],
              [
                56.1630984,
                58.00540720000002
              ],
              [
                56.1631402,
                58.0055257
              ],
              [
                56.1631428,
                58.0055524
              ],
              [
                56.1631453,
                58.00557869999999
              ],
              [
                56.1631711,
                58.0057554
              ],
              [
                56.1632558,
                58.00640529999998
              ],
              [
                56.1632982,
                58.0064819
              ],
              [
                56.16337,
                58.0065458
              ],
              [
                56.1634633,
                58.0065954
              ],
              [
                56.1636023,
                58.0066408
              ],
              [
                56.1647006,
                58.0067642
              ],
              [
                56.1655553,
                58.0068603
              ],
              [
                56.1665727,
                58.0069721
              ],
              [
                56.1667682,
                58.00699359999999
              ],
              [
                56.1670472,
                58.0070234
              ],
              [
                56.1685317,
                58.0071823
              ],
              [
                56.1708389,
                58.0074348
              ],
              [
                56.1710684,
                58.0074591
              ],
              [
                56.1720016,
                58.0075579
              ],
              [
                56.1728925,
                58.00765220000002
              ],
              [
                56.1730354,
                58.0076673
              ],
              [
                56.1751774,
                58.0078973
              ],
              [
                56.1764111,
                58.0080298
              ],
              [
                56.1781613,
                58.0082216
              ],
              [
                56.1789604,
                58.0083105
              ],
              [
                56.1798498,
                58.0084009
              ],
              [
                56.1798765,
                58.0083432
              ],
              [
                56.1800363,
                58.0079456
              ],
              [
                56.1801198,
                58.0077379
              ],
              [
                56.1802256,
                58.0074797
              ],
              [
                56.1802686,
                58.0073763
              ],
              [
                56.1805433,
                58.0066707
              ],
              [
                56.1806028,
                58.00650069999999
              ],
              [
                56.1806071,
                58.0064604
              ],
              [
                56.1806049,
                58.006412199999986
              ],
              [
                56.1805967,
                58.0063754
              ],
              [
                56.1805758,
                58.0063338
              ],
              [
                56.1805402,
                58.006296
              ],
              [
                56.1804895,
                58.00625579999998
              ],
              [
                56.1804242,
                58.006217
              ],
              [
                56.1803632,
                58.006187
              ],
              [
                56.1802987,
                58.006165
              ],
              [
                56.1802591,
                58.0061537
              ],
              [
                56.1801944,
                58.006134300000014
              ],
              [
                56.1803165,
                58.0060546
              ],
              [
                56.1803901,
                58.0060014
              ],
              [
                56.1806227,
                58.005836
              ],
              [
                56.1807516,
                58.005752
              ],
              [
                56.1808451,
                58.0056937
              ],
              [
                56.1809611,
                58.0056347
              ],
              [
                56.1810924,
                58.0055741
              ],
              [
                56.1812298,
                58.0055197
              ],
              [
                56.1813918,
                58.00546279999998
              ],
              [
                56.1815312,
                58.0054207
              ],
              [
                56.1816707,
                58.0053819
              ],
              [
                56.1818177,
                58.0053474
              ],
              [
                56.1819907,
                58.0053181
              ],
              [
                56.182193,
                58.0052875
              ],
              [
                56.1824785,
                58.0052504
              ],
              [
                56.1827204,
                58.005222
              ],
              [
                56.1829233,
                58.0051992
              ],
              [
                56.1831125,
                58.0051816
              ],
              [
                56.1832745,
                58.0051667
              ],
              [
                56.1834436,
                58.0051529
              ],
              [
                56.1836033,
                58.0051413
              ],
              [
                56.1837504,
                58.0051337
              ],
              [
                56.1838961,
                58.0051256
              ],
              [
                56.1839956,
                58.00512530000001
              ],
              [
                56.1844365,
                58.0051316
              ],
              [
                56.18464,
                58.0051354
              ],
              [
                56.1847944,
                58.0051413
              ],
              [
                56.184929,
                58.0051503
              ],
              [
                56.185094258853866,
                58.004826761544535
              ],
              [
                56.186339784492496,
                58.004881060307596
              ],
              [
                56.18748181796379,
                58.00455081801178
              ],
              [
                56.19295146986246,
                58.004155427071815
              ],
              [
                56.19381129572729,
                58.00417411400498
              ]
            ]
          ]
        ]
      }
    },
    {
      "type": "Feature",
      "properties": {
        "qc_id": 62,
        "fid": 63,
        "name": "Набережная",
        "original_name": null,
        "explainer": "Под Набережной имеют в виду ту часть набережной, которая начинается от района Заимка и заканчивается на Перми I.",
        "Тип названия": "Ассоциация с объектом",
        "idlabel": 41,
        "auxiliary_storage_labeling_labelrotation": null,
        "auxiliary_storage_labeling_positionx": null,
        "auxiliary_storage_labeling_positiony": null,
        "auxiliary_storage_labeling_lineanchorpercent": null,
        "auxiliary_storage_labeling_lineanchorclipping": null,
        "auxiliary_storage_labeling_lineanchortype": null,
        "auxiliary_storage_labeling_lineanchortextpoint": null,
        "auxiliary_storage_labeling_show": null,
        "auxiliary_storage_callouts_originx": null,
        "auxiliary_storage_callouts_originy": null,
        "auxiliary_storage_callouts_destinationx": null,
        "auxiliary_storage_callouts_destinationy": null,
        "city": "Пермь"
      },
      "geometry": {
        "type": "MultiPolygon",
        "coordinates": [
          [
            [
              [
                56.21267855359973,
                58.015914740714614
              ],
              [
                56.21335971555699,
                58.014682302637624
              ],
              [
                56.21767240614934,
                58.01500539064423
              ],
              [
                56.222171537657225,
                58.01553196387982
              ],
              [
                56.225133447415324,
                58.01594055057264
              ],
              [
                56.22799879889884,
                58.016406337303756
              ],
              [
                56.23113209200306,
                58.017090633667344
              ],
              [
                56.23346634494773,
                58.017545855517774
              ],
              [
                56.23827590594978,
                58.018240058808765
              ],
              [
                56.241945131945116,
                58.01873203371998
              ],
              [
                56.24476114357183,
                58.01897296031958
              ],
              [
                56.24677411645235,
                58.019165684005536
              ],
              [
                56.248387076095995,
                58.019587433259865
              ],
              [
                56.246416719816324,
                58.019959071058366
              ],
              [
                56.245155024282035,
                58.019684017196894
              ],
              [
                56.241879459833456,
                58.01925956723009
              ],
              [
                56.24173399999746,
                58.0190489773167
              ],
              [
                56.23754893145219,
                58.018459893565
              ],
              [
                56.234112216312454,
                58.017933031572184
              ],
              [
                56.23253372166825,
                58.0178222779098
              ],
              [
                56.23053809919189,
                58.0174631006543
              ],
              [
                56.228353308633196,
                58.01703042670094
              ],
              [
                56.22672192807872,
                58.01684696152633
              ],
              [
                56.22200502228159,
                58.016297523595796
              ],
              [
                56.21879707103017,
                58.015923513548124
              ],
              [
                56.21625572721783,
                58.015604151918964
              ],
              [
                56.21536833142816,
                58.01567823511036
              ],
              [
                56.21426625234728,
                58.01559911777298
              ],
              [
                56.21267855359973,
                58.015914740714614
              ]
            ]
          ]
        ]
      }
    },
    {
      "type": "Feature",
      "properties": {
        "qc_id": 66,
        "fid": 67,
        "name": "Гача",
        "original_name": null,
        "explainer": "Бывший рынок Гача, который недавно был снесен под застройку, часто ассоциируется с дорогой через него, например «проедем через Гачу».",
        "Тип названия": "Историческая ассоциация",
        "idlabel": 38,
        "auxiliary_storage_labeling_labelrotation": null,
        "auxiliary_storage_labeling_positionx": 454766.2625334543,
        "auxiliary_storage_labeling_positiony": 6429089.125101531,
        "auxiliary_storage_labeling_lineanchorpercent": null,
        "auxiliary_storage_labeling_lineanchorclipping": null,
        "auxiliary_storage_labeling_lineanchortype": null,
        "auxiliary_storage_labeling_lineanchortextpoint": null,
        "auxiliary_storage_labeling_show": null,
        "auxiliary_storage_callouts_originx": null,
        "auxiliary_storage_callouts_originy": null,
        "auxiliary_storage_callouts_destinationx": null,
        "auxiliary_storage_callouts_destinationy": null,
        "photos": [
          {
            "src": "/images/descriptions/image_21_1.jpeg",
            "alt": "Разрушенный рынок Гача",
            "caption": "Разрушенный рынок Гача"
          }
        ],
        "city": "Пермь"
      },
      "geometry": {
        "type": "MultiPolygon",
        "coordinates": [
          [
            [
              [
                56.232483388590815,
                58.00171481065507
              ],
              [
                56.23092385977162,
                58.002023597055384
              ],
              [
                56.23088622972764,
                58.00250790499386
              ],
              [
                56.23040287303607,
                58.00217954843499
              ],
              [
                56.2295713004231,
                58.00157427104927
              ],
              [
                56.228251149507315,
                58.00088647520545
              ],
              [
                56.22660402191687,
                58.00020391036067
              ],
              [
                56.22573263744324,
                57.99955497404534
              ],
              [
                56.22597267728544,
                57.99934219667362
              ],
              [
                56.227658511685995,
                57.99891466295934
              ],
              [
                56.227053472902845,
                57.99959662982463
              ],
              [
                56.23201339089062,
                58.00058655838973
              ],
              [
                56.232483388590815,
                58.00171481065507
              ]
            ]
          ]
        ]
      }
    },
    {
      "type": "Feature",
      "properties": {
        "qc_id": 67,
        "fid": 68,
        "name": "ПГНИУ",
        "original_name": null,
        "explainer": "Кампус одноименного университета, можно услышать и просто «Университет».",
        "Тип названия": "Ассоциация с объектом",
        "idlabel": 42,
        "auxiliary_storage_labeling_labelrotation": null,
        "auxiliary_storage_labeling_positionx": null,
        "auxiliary_storage_labeling_positiony": null,
        "auxiliary_storage_labeling_lineanchorpercent": null,
        "auxiliary_storage_labeling_lineanchorclipping": null,
        "auxiliary_storage_labeling_lineanchortype": null,
        "auxiliary_storage_labeling_lineanchortextpoint": null,
        "auxiliary_storage_labeling_show": null,
        "auxiliary_storage_callouts_originx": null,
        "auxiliary_storage_callouts_originy": null,
        "auxiliary_storage_callouts_destinationx": null,
        "auxiliary_storage_callouts_destinationy": null,
        "city": "Пермь"
      },
      "geometry": {
        "type": "MultiPolygon",
        "coordinates": [
          [
            [
              [
                56.1798765,
                58.0083432
              ],
              [
                56.1800363,
                58.0079456
              ],
              [
                56.1801198,
                58.0077379
              ],
              [
                56.1802256,
                58.0074797
              ],
              [
                56.1802686,
                58.0073763
              ],
              [
                56.1805433,
                58.0066707
              ],
              [
                56.1806028,
                58.00650069999999
              ],
              [
                56.1806071,
                58.0064604
              ],
              [
                56.1806049,
                58.006412199999986
              ],
              [
                56.1805967,
                58.0063754
              ],
              [
                56.1805758,
                58.0063338
              ],
              [
                56.1805402,
                58.006296
              ],
              [
                56.1804895,
                58.00625579999998
              ],
              [
                56.1804242,
                58.006217
              ],
              [
                56.1803632,
                58.006187
              ],
              [
                56.1802987,
                58.006165
              ],
              [
                56.1802591,
                58.0061537
              ],
              [
                56.1801944,
                58.006134300000014
              ],
              [
                56.1803165,
                58.0060546
              ],
              [
                56.1803901,
                58.0060014
              ],
              [
                56.1806227,
                58.005836
              ],
              [
                56.1807516,
                58.005752
              ],
              [
                56.1808451,
                58.0056937
              ],
              [
                56.1809611,
                58.0056347
              ],
              [
                56.1810924,
                58.0055741
              ],
              [
                56.1812298,
                58.0055197
              ],
              [
                56.1813918,
                58.00546279999998
              ],
              [
                56.1815312,
                58.0054207
              ],
              [
                56.1816707,
                58.0053819
              ],
              [
                56.1818177,
                58.0053474
              ],
              [
                56.1819907,
                58.0053181
              ],
              [
                56.182193,
                58.0052875
              ],
              [
                56.1824785,
                58.0052504
              ],
              [
                56.1827204,
                58.005222
              ],
              [
                56.1829233,
                58.0051992
              ],
              [
                56.1831125,
                58.0051816
              ],
              [
                56.1832745,
                58.0051667
              ],
              [
                56.1834436,
                58.0051529
              ],
              [
                56.1836033,
                58.0051413
              ],
              [
                56.1837504,
                58.0051337
              ],
              [
                56.1838961,
                58.0051256
              ],
              [
                56.1839956,
                58.00512530000001
              ],
              [
                56.1844365,
                58.0051316
              ],
              [
                56.18464,
                58.0051354
              ],
              [
                56.1847944,
                58.0051413
              ],
              [
                56.184929,
                58.0051503
              ],
              [
                56.1850729,
                58.0051593
              ],
              [
                56.1852266,
                58.0051721
              ],
              [
                56.1854048,
                58.0051892
              ],
              [
                56.1856578,
                58.0052184
              ],
              [
                56.1859068,
                58.0052487
              ],
              [
                56.186124,
                58.0052789
              ],
              [
                56.1863258,
                58.0053098
              ],
              [
                56.1865506,
                58.0053464
              ],
              [
                56.1867816,
                58.0053854
              ],
              [
                56.1869698,
                58.0054227
              ],
              [
                56.1872059,
                58.0054704
              ],
              [
                56.1874276,
                58.0055178
              ],
              [
                56.1876525,
                58.0055709
              ],
              [
                56.1878552,
                58.0056202
              ],
              [
                56.1880605,
                58.0056738
              ],
              [
                56.188237,
                58.0057242
              ],
              [
                56.1884282,
                58.0057819
              ],
              [
                56.1886104,
                58.005837700000015
              ],
              [
                56.1888026,
                58.00589710000001
              ],
              [
                56.1889798,
                58.00595329999999
              ],
              [
                56.1891586,
                58.0060139
              ],
              [
                56.1893125,
                58.00606620000002
              ],
              [
                56.1894954,
                58.00613229999997
              ],
              [
                56.1898263,
                58.00626169999999
              ],
              [
                56.1905556,
                58.006565
              ],
              [
                56.1907499,
                58.0066488
              ],
              [
                56.1909434,
                58.006733699999984
              ],
              [
                56.1911097,
                58.0068096
              ],
              [
                56.1912788,
                58.0068903
              ],
              [
                56.1914433,
                58.0069759
              ],
              [
                56.1916058,
                58.007061
              ],
              [
                56.191728,
                58.0071307
              ],
              [
                56.191857,
                58.00720540000001
              ],
              [
                56.1919826,
                58.00728130000001
              ],
              [
                56.1921005,
                58.007361
              ],
              [
                56.1922148,
                58.0074423
              ],
              [
                56.1923671,
                58.00755190000001
              ],
              [
                56.1924871,
                58.0076438
              ],
              [
                56.1926106,
                58.0077433
              ],
              [
                56.1927383,
                58.0078587
              ],
              [
                56.1928657,
                58.0079841
              ],
              [
                56.1950301,
                58.0099788
              ],
              [
                56.1798765,
                58.0083432
              ]
            ]
          ]
        ]
      }
    },
    {
      "type": "Feature",
      "properties": {
        "qc_id": 73,
        "fid": 74,
        "name": "Юбик",
        "original_name": "мкр. Юбилейный",
        "explainer": "Сокращение от названия Юбилейный. Микрорайон получил свое название в честь 50-летия Октябрьской революции.",
        "Тип названия": "Ассоциация с официальным названием",
        "idlabel": 43,
        "auxiliary_storage_labeling_labelrotation": null,
        "auxiliary_storage_labeling_positionx": null,
        "auxiliary_storage_labeling_positiony": null,
        "auxiliary_storage_labeling_lineanchorpercent": null,
        "auxiliary_storage_labeling_lineanchorclipping": null,
        "auxiliary_storage_labeling_lineanchortype": null,
        "auxiliary_storage_labeling_lineanchortextpoint": null,
        "auxiliary_storage_labeling_show": null,
        "auxiliary_storage_callouts_originx": null,
        "auxiliary_storage_callouts_originy": null,
        "auxiliary_storage_callouts_destinationx": null,
        "auxiliary_storage_callouts_destinationy": null,
        "city": "Пермь"
      },
      "geometry": {
        "type": "MultiPolygon",
        "coordinates": [
          [
            [
              [
                56.280134943155865,
                57.98279643237928
              ],
              [
                56.27870598665292,
                57.983248695642615
              ],
              [
                56.2773209831624,
                57.9864748018395
              ],
              [
                56.28060343657684,
                57.98683756125058
              ],
              [
                56.288125486186246,
                57.987065188827565
              ],
              [
                56.29247757982908,
                57.98753951586974
              ],
              [
                56.293316625161644,
                57.986697028923025
              ],
              [
                56.293978227305374,
                57.983470940441116
              ],
              [
                56.29402345066896,
                57.98243872621985
              ],
              [
                56.294117982418534,
                57.9814332589237
              ],
              [
                56.29583614189714,
                57.98149572845646
              ],
              [
                56.29606583954895,
                57.97867757482909
              ],
              [
                56.297861460527855,
                57.97859484200204
              ],
              [
                56.29797690483071,
                57.9777880381569
              ],
              [
                56.29616497415775,
                57.97743386976748
              ],
              [
                56.29454718093905,
                57.97734548717488
              ],
              [
                56.291902219770954,
                57.97754257843208
              ],
              [
                56.28893152180383,
                57.977830451514
              ],
              [
                56.287584098524775,
                57.97792880602755
              ],
              [
                56.28601113031295,
                57.97809206424282
              ],
              [
                56.28437618973653,
                57.97816781300116
              ],
              [
                56.28387733266692,
                57.97914448986773
              ],
              [
                56.28493100708192,
                57.97993400482826
              ],
              [
                56.28318274109081,
                57.98068816271225
              ],
              [
                56.28054353399513,
                57.98173110614775
              ],
              [
                56.280134943155865,
                57.98279643237928
              ]
            ]
          ]
        ]
      }
    },
    {
      "type": "Feature",
      "properties": {
        "qc_id": 89,
        "fid": 90,
        "name": "Цирк",
        "original_name": null,
        "explainer": "Микрорайон Цирк выделяется на некоторых картах. В действительности так называют небольшой район жилых домов, расположенных за Цирком.",
        "Тип названия": "Ассоциация с объектом",
        "idlabel": 45,
        "auxiliary_storage_labeling_labelrotation": null,
        "auxiliary_storage_labeling_positionx": null,
        "auxiliary_storage_labeling_positiony": null,
        "auxiliary_storage_labeling_lineanchorpercent": null,
        "auxiliary_storage_labeling_lineanchorclipping": null,
        "auxiliary_storage_labeling_lineanchortype": null,
        "auxiliary_storage_labeling_lineanchortextpoint": null,
        "auxiliary_storage_labeling_show": null,
        "auxiliary_storage_callouts_originx": null,
        "auxiliary_storage_callouts_originy": null,
        "auxiliary_storage_callouts_destinationx": null,
        "auxiliary_storage_callouts_destinationy": null,
        "city": "Пермь"
      },
      "geometry": {
        "type": "MultiPolygon",
        "coordinates": [
          [
            [
              [
                56.28142901782942,
                58.021524670272306
              ],
              [
                56.28177272047554,
                58.02117914742019
              ],
              [
                56.2756688347445,
                58.01955119585087
              ],
              [
                56.27529682805268,
                58.01990646882853
              ],
              [
                56.272683515952856,
                58.01915196386448
              ],
              [
                56.27153730302796,
                58.01893693152613
              ],
              [
                56.27100867882661,
                58.01917216553405
              ],
              [
                56.27072622491493,
                58.01972152471226
              ],
              [
                56.2702743880545,
                58.02031954990852
              ],
              [
                56.270034989487996,
                58.02059118393689
              ],
              [
                56.268260507124836,
                58.01999030842062
              ],
              [
                56.267412182900564,
                58.019846443685296
              ],
              [
                56.26632484945159,
                58.01995434763454
              ],
              [
                56.26509029645893,
                58.01994226218951
              ],
              [
                56.2644009104278,
                58.01934759262973
              ],
              [
                56.262401664763,
                58.01938194915621
              ],
              [
                56.260810190831265,
                58.019893408899755
              ],
              [
                56.25930402270987,
                58.02023178135458
              ],
              [
                56.26128159339983,
                58.020917931810516
              ],
              [
                56.26535155129583,
                58.02225688205452
              ],
              [
                56.26881100585416,
                58.0232695514961
              ],
              [
                56.26971463254051,
                58.02345839759795
              ],
              [
                56.27148490032905,
                58.02381600376681
              ],
              [
                56.272074959099086,
                58.023323003822505
              ],
              [
                56.272564724694256,
                58.02270037046379
              ],
              [
                56.27281971644537,
                58.02212106807274
              ],
              [
                56.27283722765532,
                58.02171910395595
              ],
              [
                56.27302260375481,
                58.02134291738103
              ],
              [
                56.28142901782942,
                58.021524670272306
              ]
            ]
          ]
        ]
      }
    },
    {
      "type": "Feature",
      "properties": {
        "qc_id": 91,
        "fid": 92,
        "name": "Агат",
        "original_name": null,
        "explainer": null,
        "Тип названия": "Историческая ассоциация",
        "idlabel": 46,
        "auxiliary_storage_labeling_labelrotation": null,
        "auxiliary_storage_labeling_positionx": null,
        "auxiliary_storage_labeling_positiony": null,
        "auxiliary_storage_labeling_lineanchorpercent": null,
        "auxiliary_storage_labeling_lineanchorclipping": null,
        "auxiliary_storage_labeling_lineanchortype": null,
        "auxiliary_storage_labeling_lineanchortextpoint": null,
        "auxiliary_storage_labeling_show": null,
        "auxiliary_storage_callouts_originx": null,
        "auxiliary_storage_callouts_originy": null,
        "auxiliary_storage_callouts_destinationx": null,
        "auxiliary_storage_callouts_destinationy": null,
        "city": "Пермь"
      },
      "geometry": {
        "type": "MultiPolygon",
        "coordinates": [
          [
            [
              [
                56.30459097066359,
                58.016827953891756
              ],
              [
                56.30473148264814,
                58.0180147370127
              ],
              [
                56.30218701495812,
                58.01991000886976
              ],
              [
                56.30065680020696,
                58.02010410144549
              ],
              [
                56.298817051178126,
                58.01939972739385
              ],
              [
                56.29839740181748,
                58.01855852572272
              ],
              [
                56.29617112114475,
                58.01811232675075
              ],
              [
                56.294852719501925,
                58.01862572001684
              ],
              [
                56.294067398474404,
                58.019749529016764
              ],
              [
                56.2923965910205,
                58.020159696861235
              ],
              [
                56.29191143241487,
                58.019882190283944
              ],
              [
                56.29100392146806,
                58.01891779135906
              ],
              [
                56.29351433957358,
                58.015893935452404
              ],
              [
                56.29385037990191,
                58.01402943009512
              ],
              [
                56.29428040014478,
                58.01023950839348
              ],
              [
                56.29387997276482,
                58.00866320232619
              ],
              [
                56.29724748066528,
                58.00820189739529
              ],
              [
                56.30108398918964,
                58.01077741713977
              ],
              [
                56.30536000026123,
                58.01230504332728
              ],
              [
                56.310089077879994,
                58.01296716458103
              ],
              [
                56.30822226361633,
                58.01567193423332
              ],
              [
                56.30691603255144,
                58.01695540139773
              ],
              [
                56.30617105006362,
                58.016865503936984
              ],
              [
                56.30459097066359,
                58.016827953891756
              ]
            ]
          ]
        ]
      }
    },
    {
      "type": "Feature",
      "properties": {
        "qc_id": 92,
        "fid": 93,
        "name": "Садовик Верхний",
        "original_name": null,
        "explainer": "Сокращение от названия \"Садовый\". Выделяется как северная часть микрорайона, отделяется на юге улицей Уинская.",
        "Тип названия": "Ассоциация с официальным названием",
        "idlabel": 47,
        "auxiliary_storage_labeling_labelrotation": null,
        "auxiliary_storage_labeling_positionx": null,
        "auxiliary_storage_labeling_positiony": null,
        "auxiliary_storage_labeling_lineanchorpercent": null,
        "auxiliary_storage_labeling_lineanchorclipping": null,
        "auxiliary_storage_labeling_lineanchortype": null,
        "auxiliary_storage_labeling_lineanchortextpoint": null,
        "auxiliary_storage_labeling_show": null,
        "auxiliary_storage_callouts_originx": null,
        "auxiliary_storage_callouts_originy": null,
        "auxiliary_storage_callouts_destinationx": null,
        "auxiliary_storage_callouts_destinationy": null,
        "photos": [
          {
            "src": "/images/descriptions/image_23_1.jpeg",
            "alt": "Микрорайон Садовый",
            "caption": "Микрорайон Садовый"
          }
        ],
        "city": "Пермь"
      },
      "geometry": {
        "type": "MultiPolygon",
        "coordinates": [
          [
            [
              [
                56.31709166021447,
                58.004744993948464
              ],
              [
                56.30896724414779,
                58.00516772896899
              ],
              [
                56.29724748066528,
                58.00820189739529
              ],
              [
                56.30108398918964,
                58.01077741713977
              ],
              [
                56.30536000026123,
                58.01230504332728
              ],
              [
                56.310089077879994,
                58.01296716458103
              ],
              [
                56.31271002075162,
                58.012720999771965
              ],
              [
                56.3151895329378,
                58.011316932005144
              ],
              [
                56.31696703554765,
                58.0095619241164
              ],
              [
                56.317668849489515,
                58.00704902104842
              ],
              [
                56.31709166021447,
                58.004744993948464
              ]
            ]
          ]
        ]
      }
    },
    {
      "type": "Feature",
      "properties": {
        "qc_id": 106,
        "fid": 107,
        "name": "Телта",
        "original_name": null,
        "explainer": "Часть корпусов завода Телта, а также несколько зданий, которые находятся у завода в Собственности (например, здание нынешнего музея PERMM), бывшее здание культуры Телта и несколько других производств (например, ПермАлко)",
        "Тип названия": "Ассоциация с объектом",
        "idlabel": 48,
        "auxiliary_storage_labeling_labelrotation": null,
        "auxiliary_storage_labeling_positionx": null,
        "auxiliary_storage_labeling_positiony": null,
        "auxiliary_storage_labeling_lineanchorpercent": null,
        "auxiliary_storage_labeling_lineanchorclipping": null,
        "auxiliary_storage_labeling_lineanchortype": null,
        "auxiliary_storage_labeling_lineanchortextpoint": null,
        "auxiliary_storage_labeling_show": null,
        "auxiliary_storage_callouts_originx": null,
        "auxiliary_storage_callouts_originy": null,
        "auxiliary_storage_callouts_destinationx": null,
        "auxiliary_storage_callouts_destinationy": null,
        "city": "Пермь"
      },
      "geometry": {
        "type": "MultiPolygon",
        "coordinates": [
          [
            [
              [
                56.2039438,
                58.0122754
              ],
              [
                56.2039358,
                58.0125009
              ],
              [
                56.2039657,
                58.0125686
              ],
              [
                56.2040646,
                58.0126992
              ],
              [
                56.2041727,
                58.012822499999984
              ],
              [
                56.2044486,
                58.0130031
              ],
              [
                56.2048206,
                58.013179
              ],
              [
                56.2052331,
                58.0133439
              ],
              [
                56.205632,
                58.013488
              ],
              [
                56.2063825,
                58.0137433
              ],
              [
                56.2071408,
                58.0139759
              ],
              [
                56.2076641904836,
                58.01404130449639
              ],
              [
                56.21335971555699,
                58.014682302637596
              ],
              [
                56.216489855790954,
                58.01475064900204
              ],
              [
                56.218840499794034,
                58.015043069680964
              ],
              [
                56.21909987112704,
                58.014300093170135
              ],
              [
                56.21058517390327,
                58.01275346539988
              ],
              [
                56.211105879071276,
                58.012041907771646
              ],
              [
                56.20977346223896,
                58.011815234883144
              ],
              [
                56.20918639846501,
                58.01256608522323
              ],
              [
                56.204023692492584,
                58.0117248030239
              ],
              [
                56.2039438,
                58.0122754
              ]
            ]
          ]
        ]
      }
    },
    {
      "type": "Feature",
      "properties": {
        "qc_id": 147,
        "fid": 128,
        "name": "Заовражка",
        "original_name": null,
        "explainer": "Название связано с положением района «за оврагом»: в пояснительной записке указано, что район отделён от города оврагом и по характеру застройки близок к сельскому населённому пункту.",
        "Тип названия": "Визуальная ассоциация",
        "idlabel": 49,
        "auxiliary_storage_labeling_labelrotation": null,
        "auxiliary_storage_labeling_positionx": null,
        "auxiliary_storage_labeling_positiony": null,
        "auxiliary_storage_labeling_lineanchorpercent": null,
        "auxiliary_storage_labeling_lineanchorclipping": null,
        "auxiliary_storage_labeling_lineanchortype": null,
        "auxiliary_storage_labeling_lineanchortextpoint": null,
        "auxiliary_storage_labeling_show": null,
        "auxiliary_storage_callouts_originx": null,
        "auxiliary_storage_callouts_originy": null,
        "auxiliary_storage_callouts_destinationx": null,
        "auxiliary_storage_callouts_destinationy": null,
        "city": "Чебоксары"
      },
      "geometry": {
        "type": "MultiPolygon",
        "coordinates": [
          [
            [
              [
                47.14272172809618,
                56.15139844201153
              ],
              [
                47.15545139272051,
                56.150716664130414
              ],
              [
                47.15275857904997,
                56.14267077159321
              ],
              [
                47.146393746737814,
                56.13871539340351
              ],
              [
                47.1366016970268,
                56.139260987005095
              ],
              [
                47.138560106969,
                56.14567113185124
              ],
              [
                47.14272172809618,
                56.15139844201153
              ]
            ]
          ]
        ]
      }
    },
    {
      "type": "Feature",
      "properties": {
        "qc_id": 148,
        "fid": 129,
        "name": "Вертолет",
        "original_name": null,
        "explainer": "Название связано с существовавшей в советское время вертолётной площадкой, откуда совершались рейсы в близлежащие города",
        "Тип названия": "Историческая ассоциация",
        "idlabel": 50,
        "auxiliary_storage_labeling_labelrotation": null,
        "auxiliary_storage_labeling_positionx": null,
        "auxiliary_storage_labeling_positiony": null,
        "auxiliary_storage_labeling_lineanchorpercent": null,
        "auxiliary_storage_labeling_lineanchorclipping": null,
        "auxiliary_storage_labeling_lineanchortype": null,
        "auxiliary_storage_labeling_lineanchortextpoint": null,
        "auxiliary_storage_labeling_show": null,
        "auxiliary_storage_callouts_originx": null,
        "auxiliary_storage_callouts_originy": null,
        "auxiliary_storage_callouts_destinationx": null,
        "auxiliary_storage_callouts_destinationy": null,
        "city": "Чебоксары"
      },
      "geometry": {
        "type": "MultiPolygon",
        "coordinates": [
          [
            [
              [
                47.171302273190214,
                56.15317100789289
              ],
              [
                47.170996271636746,
                56.14856898474031
              ],
              [
                47.169772265422864,
                56.14628481305208
              ],
              [
                47.16542704336361,
                56.14195474191766
              ],
              [
                47.16108182130435,
                56.14342088361451
              ],
              [
                47.162305827518225,
                56.149830334801074
              ],
              [
                47.162917830625155,
                56.15225064735277
              ],
              [
                47.16432543777112,
                56.15323918187076
              ],
              [
                47.171302273190214,
                56.15317100789289
              ]
            ]
          ]
        ]
      }
    },
    {
      "type": "Feature",
      "properties": {
        "qc_id": 149,
        "fid": 130,
        "name": "Майами",
        "original_name": null,
        "explainer": "В пояснительной записке название объясняется локальной легендой о девушке Наталье Майями, от фамилии которой якобы возникло название района",
        "Тип названия": "Другое",
        "idlabel": 51,
        "auxiliary_storage_labeling_labelrotation": null,
        "auxiliary_storage_labeling_positionx": null,
        "auxiliary_storage_labeling_positiony": null,
        "auxiliary_storage_labeling_lineanchorpercent": null,
        "auxiliary_storage_labeling_lineanchorclipping": null,
        "auxiliary_storage_labeling_lineanchortype": null,
        "auxiliary_storage_labeling_lineanchortextpoint": null,
        "auxiliary_storage_labeling_show": null,
        "auxiliary_storage_callouts_originx": null,
        "auxiliary_storage_callouts_originy": null,
        "auxiliary_storage_callouts_destinationx": null,
        "auxiliary_storage_callouts_destinationy": null,
        "city": "Чебоксары"
      },
      "geometry": {
        "type": "MultiPolygon",
        "coordinates": [
          [
            [
              [
                47.17289348126827,
                56.1382379926505
              ],
              [
                47.16928266293733,
                56.13711266741972
              ],
              [
                47.169649864801485,
                56.135987309250524
              ],
              [
                47.164787921940345,
                56.13454435140013
              ],
              [
                47.163681743969235,
                56.13657786059025
              ],
              [
                47.163529833732106,
                56.13813569171787
              ],
              [
                47.16377463497488,
                56.13990886935034
              ],
              [
                47.16542704336361,
                56.14195474191766
              ],
              [
                47.168690856181726,
                56.14520722006278
              ],
              [
                47.170445468840505,
                56.144614213480345
              ],
              [
                47.170384268529816,
                56.14168196519958
              ],
              [
                47.172220277850634,
                56.139431483417695
              ],
              [
                47.17289348126827,
                56.1382379926505
              ]
            ]
          ]
        ]
      }
    },
    {
      "type": "Feature",
      "properties": {
        "qc_id": 150,
        "fid": 131,
        "name": "Питер",
        "original_name": null,
        "explainer": "Название происходит от торгового дома «Питер», у которого, по описанию, собиралась молодёжь и откуда жители шли проводить досуг.",
        "Тип названия": "Ассоциация с объектом",
        "idlabel": 52,
        "auxiliary_storage_labeling_labelrotation": null,
        "auxiliary_storage_labeling_positionx": null,
        "auxiliary_storage_labeling_positiony": null,
        "auxiliary_storage_labeling_lineanchorpercent": null,
        "auxiliary_storage_labeling_lineanchorclipping": null,
        "auxiliary_storage_labeling_lineanchortype": null,
        "auxiliary_storage_labeling_lineanchortextpoint": null,
        "auxiliary_storage_labeling_show": null,
        "auxiliary_storage_callouts_originx": null,
        "auxiliary_storage_callouts_originy": null,
        "auxiliary_storage_callouts_destinationx": null,
        "auxiliary_storage_callouts_destinationy": null,
        "city": "Чебоксары"
      },
      "geometry": {
        "type": "MultiPolygon",
        "coordinates": [
          [
            [
              [
                47.15820540670173,
                56.13486191814238
              ],
              [
                47.1575322032841,
                56.13465729803831
              ],
              [
                47.155940995206066,
                56.13619192227673
              ],
              [
                47.154655788681495,
                56.13776058596928
              ],
              [
                47.1545945883708,
                56.13871539340351
              ],
              [
                47.15355418308901,
                56.14086362343144
              ],
              [
                47.154716988992185,
                56.14185245087521
              ],
              [
                47.15545139272051,
                56.14236390336544
              ],
              [
                47.15887861011937,
                56.14100001493592
              ],
              [
                47.15930701229423,
                56.14096591710516
              ],
              [
                47.15900101074076,
                56.14154557611468
              ],
              [
                47.159184611672835,
                56.14171606239519
              ],
              [
                47.16010261633325,
                56.14154557611468
              ],
              [
                47.159184611672835,
                56.143216309060406
              ],
              [
                47.16108182130435,
                56.14342088361451
              ],
              [
                47.16542704336361,
                56.14195474191766
              ],
              [
                47.16377463497488,
                56.13990886935034
              ],
              [
                47.163529833732106,
                56.13813569171787
              ],
              [
                47.163681743969235,
                56.13657786059025
              ],
              [
                47.15820540670173,
                56.13486191814238
              ]
            ]
          ]
        ]
      }
    },
    {
      "type": "Feature",
      "properties": {
        "qc_id": 151,
        "fid": 132,
        "name": "Университет",
        "original_name": null,
        "explainer": "Название связано с новыми зданиями ЧГУ имени И. Н. Ульянова, расположенными в этом районе.",
        "Тип названия": "Ассоциация с объектом",
        "idlabel": 53,
        "auxiliary_storage_labeling_labelrotation": null,
        "auxiliary_storage_labeling_positionx": null,
        "auxiliary_storage_labeling_positiony": null,
        "auxiliary_storage_labeling_lineanchorpercent": null,
        "auxiliary_storage_labeling_lineanchorclipping": null,
        "auxiliary_storage_labeling_lineanchortype": null,
        "auxiliary_storage_labeling_lineanchortextpoint": null,
        "auxiliary_storage_labeling_show": null,
        "auxiliary_storage_callouts_originx": null,
        "auxiliary_storage_callouts_originy": null,
        "auxiliary_storage_callouts_destinationx": null,
        "auxiliary_storage_callouts_destinationy": null,
        "city": "Чебоксары"
      },
      "geometry": {
        "type": "MultiPolygon",
        "coordinates": [
          [
            [
              [
                47.163681743969235,
                56.13657786059025
              ],
              [
                47.16555962370033,
                56.133125652863484
              ],
              [
                47.16654773552399,
                56.13209801110023
              ],
              [
                47.16567184460639,
                56.13087162969751
              ],
              [
                47.16009914283698,
                56.130079182333304
              ],
              [
                47.152081902136075,
                56.13086364687377
              ],
              [
                47.1549512957613,
                56.134038313052514
              ],
              [
                47.15887861011937,
                56.13353186800163
              ],
              [
                47.158633808876594,
                56.13479371156201
              ],
              [
                47.163681743969235,
                56.13657786059025
              ]
            ]
          ]
        ]
      }
    },
    {
      "type": "Feature",
      "properties": {
        "qc_id": 152,
        "fid": 133,
        "name": "Миначева",
        "original_name": null,
        "explainer": "Название образовано от улицы Миначева",
        "Тип названия": "Ассоциация с официальным названием",
        "idlabel": 54,
        "auxiliary_storage_labeling_labelrotation": null,
        "auxiliary_storage_labeling_positionx": null,
        "auxiliary_storage_labeling_positiony": null,
        "auxiliary_storage_labeling_lineanchorpercent": null,
        "auxiliary_storage_labeling_lineanchorclipping": null,
        "auxiliary_storage_labeling_lineanchortype": null,
        "auxiliary_storage_labeling_lineanchortextpoint": null,
        "auxiliary_storage_labeling_show": null,
        "auxiliary_storage_callouts_originx": null,
        "auxiliary_storage_callouts_originy": null,
        "auxiliary_storage_callouts_destinationx": null,
        "auxiliary_storage_callouts_destinationy": null,
        "city": "Чебоксары"
      },
      "geometry": {
        "type": "MultiPolygon",
        "coordinates": [
          [
            [
              [
                47.150738968797086,
                56.139977066856794
              ],
              [
                47.15196297501097,
                56.13820389236987
              ],
              [
                47.15190177470028,
                56.13748777948979
              ],
              [
                47.15428858681734,
                56.13660114506249
              ],
              [
                47.15490058992427,
                56.13571449018842
              ],
              [
                47.155757394273984,
                56.134930124601745
              ],
              [
                47.152081902136075,
                56.13086364687377
              ],
              [
                47.14712815046616,
                56.13162197195495
              ],
              [
                47.14651614735921,
                56.13274745789031
              ],
              [
                47.14682214891268,
                56.13499833094013
              ],
              [
                47.146760948601994,
                56.13656704333003
              ],
              [
                47.148658158233495,
                56.13810159134651
              ],
              [
                47.14792375450517,
                56.13881769279359
              ],
              [
                47.148535757612116,
                56.139567880003355
              ],
              [
                47.150738968797086,
                56.139977066856794
              ]
            ]
          ]
        ]
      }
    },
    {
      "type": "Feature",
      "properties": {
        "qc_id": 153,
        "fid": 134,
        "name": "Контур",
        "original_name": null,
        "explainer": "Название связано с некогда работавшим заводом «Контур»",
        "Тип названия": "Историческая ассоциация",
        "idlabel": 55,
        "auxiliary_storage_labeling_labelrotation": null,
        "auxiliary_storage_labeling_positionx": null,
        "auxiliary_storage_labeling_positiony": null,
        "auxiliary_storage_labeling_lineanchorpercent": null,
        "auxiliary_storage_labeling_lineanchorclipping": null,
        "auxiliary_storage_labeling_lineanchortype": null,
        "auxiliary_storage_labeling_lineanchortextpoint": null,
        "auxiliary_storage_labeling_show": null,
        "auxiliary_storage_callouts_originx": null,
        "auxiliary_storage_callouts_originy": null,
        "auxiliary_storage_callouts_destinationx": null,
        "auxiliary_storage_callouts_destinationy": null,
        "city": "Чебоксары"
      },
      "geometry": {
        "type": "MultiPolygon",
        "coordinates": [
          [
            [
              [
                47.16830345796621,
                56.131008056651474
              ],
              [
                47.17583109618157,
                56.12787011426018
              ],
              [
                47.174729490589066,
                56.127085588656556
              ],
              [
                47.17191427629715,
                56.12735846894242
              ],
              [
                47.1704454688405,
                56.12694914778759
              ],
              [
                47.16958866449078,
                56.126437490218265
              ],
              [
                47.16683465050956,
                56.12640337947163
              ],
              [
                47.164998641188745,
                56.12718791899063
              ],
              [
                47.163407433110706,
                56.12766545694985
              ],
              [
                47.16163262410059,
                56.12926857673466
              ],
              [
                47.16622264740262,
                56.13005305781004
              ],
              [
                47.16830345796621,
                56.131008056651474
              ]
            ]
          ]
        ]
      }
    },
    {
      "type": "Feature",
      "properties": {
        "qc_id": 154,
        "fid": 135,
        "name": "Новейший",
        "original_name": null,
        "explainer": "Вместе со «Старым» и «Новым» район назван по этапам застройки города: сначала Старый, затем Новый, затем Новейший.",
        "Тип названия": "Историческая ассоциация",
        "idlabel": 56,
        "auxiliary_storage_labeling_labelrotation": null,
        "auxiliary_storage_labeling_positionx": null,
        "auxiliary_storage_labeling_positiony": null,
        "auxiliary_storage_labeling_lineanchorpercent": null,
        "auxiliary_storage_labeling_lineanchorclipping": null,
        "auxiliary_storage_labeling_lineanchortype": null,
        "auxiliary_storage_labeling_lineanchortextpoint": null,
        "auxiliary_storage_labeling_show": null,
        "auxiliary_storage_callouts_originx": null,
        "auxiliary_storage_callouts_originy": null,
        "auxiliary_storage_callouts_destinationx": null,
        "auxiliary_storage_callouts_destinationy": null,
        "city": "Чебоксары"
      },
      "geometry": {
        "type": "MultiPolygon",
        "coordinates": [
          [
            [
              [
                47.179686715755274,
                56.13973837505492
              ],
              [
                47.17289348126827,
                56.1382379926505
              ],
              [
                47.172220277850634,
                56.139431483417695
              ],
              [
                47.170384268529816,
                56.14168196519958
              ],
              [
                47.170445468840505,
                56.144614213480345
              ],
              [
                47.168690856181726,
                56.14520722006278
              ],
              [
                47.169772265422864,
                56.14628481305208
              ],
              [
                47.170996271636746,
                56.14856898474031
              ],
              [
                47.171302273190214,
                56.15317100789289
              ],
              [
                47.1754026940067,
                56.153273268814324
              ],
              [
                47.178095507677234,
                56.152591524197256
              ],
              [
                47.17815670798793,
                56.14887580343035
              ],
              [
                47.17827910860932,
                56.1404544460145
              ],
              [
                47.17931951389111,
                56.140556740777036
              ],
              [
                47.179686715755274,
                56.13973837505492
              ]
            ]
          ]
        ]
      }
    },
    {
      "type": "Feature",
      "properties": {
        "qc_id": 155,
        "fid": 136,
        "name": "Новый",
        "original_name": null,
        "explainer": "Название отражает этап расширения городской застройки после Старого района",
        "Тип названия": "Историческая ассоциация",
        "idlabel": 57,
        "auxiliary_storage_labeling_labelrotation": null,
        "auxiliary_storage_labeling_positionx": null,
        "auxiliary_storage_labeling_positiony": null,
        "auxiliary_storage_labeling_lineanchorpercent": null,
        "auxiliary_storage_labeling_lineanchorclipping": null,
        "auxiliary_storage_labeling_lineanchortype": null,
        "auxiliary_storage_labeling_lineanchortextpoint": null,
        "auxiliary_storage_labeling_show": null,
        "auxiliary_storage_callouts_originx": null,
        "auxiliary_storage_callouts_originy": null,
        "auxiliary_storage_callouts_destinationx": null,
        "auxiliary_storage_callouts_destinationy": null,
        "city": "Чебоксары"
      },
      "geometry": {
        "type": "MultiPolygon",
        "coordinates": [
          [
            [
              [
                47.17931951389111,
                56.140556740777036
              ],
              [
                47.17827910860932,
                56.1404544460145
              ],
              [
                47.17815670798793,
                56.14887580343035
              ],
              [
                47.18517944364007,
                56.14905477986833
              ],
              [
                47.18588514685028,
                56.14868422975201
              ],
              [
                47.18596067132088,
                56.1409144948187
              ],
              [
                47.17931951389111,
                56.140556740777036
              ]
            ]
          ]
        ]
      }
    },
    {
      "type": "Feature",
      "properties": {
        "qc_id": 156,
        "fid": 137,
        "name": "Волжский",
        "original_name": null,
        "explainer": "Название связано с одноимённым микрорайоном и ТРЦ",
        "Тип названия": "Реальное название",
        "idlabel": 58,
        "auxiliary_storage_labeling_labelrotation": null,
        "auxiliary_storage_labeling_positionx": null,
        "auxiliary_storage_labeling_positiony": null,
        "auxiliary_storage_labeling_lineanchorpercent": null,
        "auxiliary_storage_labeling_lineanchorclipping": null,
        "auxiliary_storage_labeling_lineanchortype": null,
        "auxiliary_storage_labeling_lineanchortextpoint": null,
        "auxiliary_storage_labeling_show": null,
        "auxiliary_storage_callouts_originx": null,
        "auxiliary_storage_callouts_originy": null,
        "auxiliary_storage_callouts_destinationx": null,
        "auxiliary_storage_callouts_destinationy": null,
        "city": "Чебоксары"
      },
      "geometry": {
        "type": "MultiPolygon",
        "coordinates": [
          [
            [
              [
                47.18588514685028,
                56.14868422975201
              ],
              [
                47.18517944364007,
                56.14905477986833
              ],
              [
                47.17815670798793,
                56.14887580343035
              ],
              [
                47.178095507677234,
                56.152591524197256
              ],
              [
                47.179732615988314,
                56.15416804026793
              ],
              [
                47.18542424488283,
                56.154645243189975
              ],
              [
                47.18456744053312,
                56.15345222477199
              ],
              [
                47.1846898411545,
                56.1526341335902
              ],
              [
                47.18487344208659,
                56.152190993594076
              ],
              [
                47.186036247989776,
                56.152872745317474
              ],
              [
                47.187872257310595,
                56.15358857160888
              ],
              [
                47.18885146228168,
                56.154304384564725
              ],
              [
                47.19032026973834,
                56.15423621247681
              ],
              [
                47.19521629459385,
                56.1544066424698
              ],
              [
                47.199377915721016,
                56.153963522915575
              ],
              [
                47.202805133119874,
                56.153690831419034
              ],
              [
                47.20470234275138,
                56.15467932888618
              ],
              [
                47.20812956015023,
                56.154645243189975
              ],
              [
                47.20800715952885,
                56.15389535022288
              ],
              [
                47.20525314554763,
                56.1514751412662
              ],
              [
                47.201642327216696,
                56.150316113984445
              ],
              [
                47.20133632566322,
                56.148441142896495
              ],
              [
                47.199561516653105,
                56.14888432613677
              ],
              [
                47.19533869521523,
                56.14891841694357
              ],
              [
                47.18588514685028,
                56.14868422975201
              ]
            ]
          ]
        ]
      }
    },
    {
      "type": "Feature",
      "properties": {
        "qc_id": 157,
        "fid": 138,
        "name": "Старый",
        "original_name": null,
        "explainer": "Название отражает ранний этап застройки по отношению к Новому и Новейшему районам",
        "Тип названия": "Историческая ассоциация",
        "idlabel": 59,
        "auxiliary_storage_labeling_labelrotation": null,
        "auxiliary_storage_labeling_positionx": null,
        "auxiliary_storage_labeling_positiony": null,
        "auxiliary_storage_labeling_lineanchorpercent": null,
        "auxiliary_storage_labeling_lineanchorclipping": null,
        "auxiliary_storage_labeling_lineanchortype": null,
        "auxiliary_storage_labeling_lineanchortextpoint": null,
        "auxiliary_storage_labeling_show": null,
        "auxiliary_storage_callouts_originx": null,
        "auxiliary_storage_callouts_originy": null,
        "auxiliary_storage_callouts_destinationx": null,
        "auxiliary_storage_callouts_destinationy": null,
        "city": "Чебоксары"
      },
      "geometry": {
        "type": "MultiPolygon",
        "coordinates": [
          [
            [
              [
                47.190860321350954,
                56.13803024722277
              ],
              [
                47.18596067132088,
                56.1409144948187
              ],
              [
                47.18588514685028,
                56.14868422975201
              ],
              [
                47.19533869521523,
                56.14891841694357
              ],
              [
                47.199561516653105,
                56.14888432613677
              ],
              [
                47.20133632566322,
                56.148441142896495
              ],
              [
                47.20172647764388,
                56.14818545793305
              ],
              [
                47.20306493443505,
                56.1467795117268
              ],
              [
                47.194757292263645,
                56.14394083903913
              ],
              [
                47.19821136982254,
                56.14087767600019
              ],
              [
                47.190860321350954,
                56.13803024722277
              ]
            ]
          ]
        ]
      }
    },
    {
      "type": "Feature",
      "properties": {
        "qc_id": 158,
        "fid": 139,
        "name": "Элара",
        "original_name": null,
        "explainer": "Название происходит от завода «Элара», выпускающего высокотехнологичную электронику, приборную продукцию и спецтехнику.",
        "Тип названия": "Ассоциация с объектом",
        "idlabel": 60,
        "auxiliary_storage_labeling_labelrotation": null,
        "auxiliary_storage_labeling_positionx": null,
        "auxiliary_storage_labeling_positiony": null,
        "auxiliary_storage_labeling_lineanchorpercent": null,
        "auxiliary_storage_labeling_lineanchorclipping": null,
        "auxiliary_storage_labeling_lineanchortype": null,
        "auxiliary_storage_labeling_lineanchortextpoint": null,
        "auxiliary_storage_labeling_show": null,
        "auxiliary_storage_callouts_originx": null,
        "auxiliary_storage_callouts_originy": null,
        "auxiliary_storage_callouts_destinationx": null,
        "auxiliary_storage_callouts_destinationy": null,
        "city": "Чебоксары"
      },
      "geometry": {
        "type": "MultiPolygon",
        "coordinates": [
          [
            [
              [
                47.19821136982254,
                56.14087767600019
              ],
              [
                47.194757292263645,
                56.14394083903913
              ],
              [
                47.20252973172177,
                56.146600173191
              ],
              [
                47.20306493443505,
                56.1467795117268
              ],
              [
                47.206154026647134,
                56.143307642380265
              ],
              [
                47.19821136982254,
                56.14087767600019
              ]
            ]
          ]
        ]
      }
    },
    {
      "type": "Feature",
      "properties": {
        "qc_id": 159,
        "fid": 140,
        "name": "Амазония",
        "original_name": null,
        "explainer": "Название происходит от парка «Амазония»",
        "Тип названия": "Ассоциация с объектом",
        "idlabel": 61,
        "auxiliary_storage_labeling_labelrotation": null,
        "auxiliary_storage_labeling_positionx": null,
        "auxiliary_storage_labeling_positiony": null,
        "auxiliary_storage_labeling_lineanchorpercent": null,
        "auxiliary_storage_labeling_lineanchorclipping": null,
        "auxiliary_storage_labeling_lineanchortype": null,
        "auxiliary_storage_labeling_lineanchortextpoint": null,
        "auxiliary_storage_labeling_show": null,
        "auxiliary_storage_callouts_originx": null,
        "auxiliary_storage_callouts_originy": null,
        "auxiliary_storage_callouts_destinationx": null,
        "auxiliary_storage_callouts_destinationy": null,
        "city": "Чебоксары"
      },
      "geometry": {
        "type": "MultiPolygon",
        "coordinates": [
          [
            [
              [
                47.21588669953067,
                56.155173568083164
              ],
              [
                47.21600910015206,
                56.15302613778829
              ],
              [
                47.21509109549165,
                56.15207168579887
              ],
              [
                47.21509109549165,
                56.15145809700062
              ],
              [
                47.21515229580234,
                56.150333158756574
              ],
              [
                47.21380588896708,
                56.14965136197503
              ],
              [
                47.213622288035005,
                56.14845818850024
              ],
              [
                47.2146626933168,
                56.146651312429164
              ],
              [
                47.21600910015206,
                56.14596945032554
              ],
              [
                47.21609178823666,
                56.14542015066187
              ],
              [
                47.209237942529846,
                56.144217525326766
              ],
              [
                47.206154026647134,
                56.143307642380265
              ],
              [
                47.20172647764388,
                56.14818545793305
              ],
              [
                47.20133632566322,
                56.148441142896495
              ],
              [
                47.201642327216696,
                56.150316113984445
              ],
              [
                47.20525314554763,
                56.1514751412662
              ],
              [
                47.20800715952885,
                56.15389535022288
              ],
              [
                47.20812956015023,
                56.154645243189975
              ],
              [
                47.212099930306465,
                56.155326951368814
              ],
              [
                47.21381353900589,
                56.15544624905654
              ],
              [
                47.21588669953067,
                56.155173568083164
              ]
            ]
          ]
        ]
      }
    },
    {
      "type": "Feature",
      "properties": {
        "qc_id": 160,
        "fid": 141,
        "name": "Мед комплекс",
        "original_name": null,
        "explainer": "Тут все просто, район так называется, так как тут находится больница скорой медицинской помощи и медицинский факультет.",
        "Тип названия": "Ассоциация с объектом",
        "idlabel": 62,
        "auxiliary_storage_labeling_labelrotation": null,
        "auxiliary_storage_labeling_positionx": null,
        "auxiliary_storage_labeling_positiony": null,
        "auxiliary_storage_labeling_lineanchorpercent": null,
        "auxiliary_storage_labeling_lineanchorclipping": null,
        "auxiliary_storage_labeling_lineanchortype": null,
        "auxiliary_storage_labeling_lineanchortextpoint": null,
        "auxiliary_storage_labeling_show": null,
        "auxiliary_storage_callouts_originx": null,
        "auxiliary_storage_callouts_originy": null,
        "auxiliary_storage_callouts_destinationx": null,
        "auxiliary_storage_callouts_destinationy": null,
        "city": "Чебоксары"
      },
      "geometry": {
        "type": "MultiPolygon",
        "coordinates": [
          [
            [
              [
                47.19821136982254,
                56.14087767600019
              ],
              [
                47.20109388711702,
                56.1383686534342
              ],
              [
                47.20334828587727,
                56.137155293975674
              ],
              [
                47.20236908090618,
                56.13647326340985
              ],
              [
                47.20028827034259,
                56.13763270817308
              ],
              [
                47.196861052943746,
                56.13671197548411
              ],
              [
                47.1963102501475,
                56.137087091463535
              ],
              [
                47.193127833991426,
                56.13616634570804
              ],
              [
                47.190860321350954,
                56.13803024722277
              ],
              [
                47.19821136982254,
                56.14087767600019
              ]
            ]
          ]
        ]
      }
    },
    {
      "type": "Feature",
      "properties": {
        "qc_id": 161,
        "fid": 142,
        "name": "Ипподром",
        "original_name": null,
        "explainer": "Этот район назван по когда-то располагавшемуся здесь ипподрому. В 40-х-60-х годах там проводились забеги лошадей разных годов рождения, испытания рысистых лошадей, разыгрывались призы. В 1971 году на его месте уже было поле, но название района осталось.",
        "Тип названия": "Историческая ассоциация",
        "idlabel": 63,
        "auxiliary_storage_labeling_labelrotation": null,
        "auxiliary_storage_labeling_positionx": null,
        "auxiliary_storage_labeling_positiony": null,
        "auxiliary_storage_labeling_lineanchorpercent": null,
        "auxiliary_storage_labeling_lineanchorclipping": null,
        "auxiliary_storage_labeling_lineanchortype": null,
        "auxiliary_storage_labeling_lineanchortextpoint": null,
        "auxiliary_storage_labeling_show": null,
        "auxiliary_storage_callouts_originx": null,
        "auxiliary_storage_callouts_originy": null,
        "auxiliary_storage_callouts_destinationx": null,
        "auxiliary_storage_callouts_destinationy": null,
        "city": "Чебоксары"
      },
      "geometry": {
        "type": "MultiPolygon",
        "coordinates": [
          [
            [
              [
                47.22333584370823,
                56.146166951537495
              ],
              [
                47.22355968848386,
                56.14376183878522
              ],
              [
                47.225173605826136,
                56.141615798914344
              ],
              [
                47.222605773825784,
                56.140963586521835
              ],
              [
                47.2133540261775,
                56.13936456738507
              ],
              [
                47.210830250118335,
                56.138596593763005
              ],
              [
                47.207661198567926,
                56.137811260784275
              ],
              [
                47.20592745323532,
                56.13730257610941
              ],
              [
                47.20282632541414,
                56.137436226238435
              ],
              [
                47.20109388711702,
                56.1383686534342
              ],
              [
                47.19821136982254,
                56.14087767600019
              ],
              [
                47.206154026647134,
                56.143307642380265
              ],
              [
                47.209237942529846,
                56.144217525326766
              ],
              [
                47.21609178823666,
                56.14542015066187
              ],
              [
                47.22032745229606,
                56.146117866479464
              ],
              [
                47.22333584370823,
                56.146166951537495
              ]
            ]
          ]
        ]
      }
    },
    {
      "type": "Feature",
      "properties": {
        "qc_id": 162,
        "fid": 143,
        "name": "Радужный",
        "original_name": null,
        "explainer": "Название связано с микрорайоном Радужный",
        "Тип названия": "Реальное название",
        "idlabel": 64,
        "auxiliary_storage_labeling_labelrotation": null,
        "auxiliary_storage_labeling_positionx": null,
        "auxiliary_storage_labeling_positiony": null,
        "auxiliary_storage_labeling_lineanchorpercent": null,
        "auxiliary_storage_labeling_lineanchorclipping": null,
        "auxiliary_storage_labeling_lineanchortype": null,
        "auxiliary_storage_labeling_lineanchortextpoint": null,
        "auxiliary_storage_labeling_show": null,
        "auxiliary_storage_callouts_originx": null,
        "auxiliary_storage_callouts_originy": null,
        "auxiliary_storage_callouts_destinationx": null,
        "auxiliary_storage_callouts_destinationy": null,
        "city": "Чебоксары"
      },
      "geometry": {
        "type": "MultiPolygon",
        "coordinates": [
          [
            [
              [
                47.225173605826136,
                56.141615798914344
              ],
              [
                47.226835144179276,
                56.14019915146043
              ],
              [
                47.22825681232961,
                56.139371809759325
              ],
              [
                47.22476839462008,
                56.13722349636683
              ],
              [
                47.21803636044377,
                56.13599583481506
              ],
              [
                47.21564954832671,
                56.13568891330213
              ],
              [
                47.21314033558827,
                56.13623454985351
              ],
              [
                47.210830250118335,
                56.138596593763005
              ],
              [
                47.2133540261775,
                56.13936456738507
              ],
              [
                47.222605773825784,
                56.140963586521835
              ],
              [
                47.225173605826136,
                56.141615798914344
              ]
            ]
          ]
        ]
      }
    },
    {
      "type": "Feature",
      "properties": {
        "qc_id": 163,
        "fid": 144,
        "name": "Кирпичка",
        "original_name": null,
        "explainer": "Данный район носит название от кирпичного завода, который тут располагается. Название также закрепилось с 90-х годов, а мои друзья как-то раз тут «получили по репе». Тут располагается дом «змейка», который должен был стать серпом, а рядом должны были построить молот, но проект был заморожен.",
        "Тип названия": "Ассоциация с объектом",
        "idlabel": 65,
        "auxiliary_storage_labeling_labelrotation": null,
        "auxiliary_storage_labeling_positionx": null,
        "auxiliary_storage_labeling_positiony": null,
        "auxiliary_storage_labeling_lineanchorpercent": null,
        "auxiliary_storage_labeling_lineanchorclipping": null,
        "auxiliary_storage_labeling_lineanchortype": null,
        "auxiliary_storage_labeling_lineanchortextpoint": null,
        "auxiliary_storage_labeling_show": null,
        "auxiliary_storage_callouts_originx": null,
        "auxiliary_storage_callouts_originy": null,
        "auxiliary_storage_callouts_destinationx": null,
        "auxiliary_storage_callouts_destinationy": null,
        "city": "Чебоксары"
      },
      "geometry": {
        "type": "MultiPolygon",
        "coordinates": [
          [
            [
              [
                47.21600910015206,
                56.15302613778829
              ],
              [
                47.216674653530816,
                56.15271083037842
              ],
              [
                47.22331488724109,
                56.152813092524575
              ],
              [
                47.22493669547447,
                56.15289831077181
              ],
              [
                47.22493669547447,
                56.15264265546311
              ],
              [
                47.22594650060092,
                56.15269378666093
              ],
              [
                47.229924520796004,
                56.15339257287871
              ],
              [
                47.234728745185464,
                56.153494833210495
              ],
              [
                47.23895156662333,
                56.15393795816998
              ],
              [
                47.24966162099474,
                56.152881267137474
              ],
              [
                47.249233218819874,
                56.15042690486806
              ],
              [
                47.24231758371149,
                56.14940420765448
              ],
              [
                47.241154777808305,
                56.148654212399926
              ],
              [
                47.24029797345859,
                56.146131393670494
              ],
              [
                47.23839668188672,
                56.14589698294257
              ],
              [
                47.234991787003906,
                56.146265121465504
              ],
              [
                47.227779200061754,
                56.146265121465504
              ],
              [
                47.22333584370823,
                56.146166951537495
              ],
              [
                47.22032745229606,
                56.146117866479464
              ],
              [
                47.21609178823666,
                56.14542015066187
              ],
              [
                47.21600910015206,
                56.14596945032554
              ],
              [
                47.2146626933168,
                56.146651312429164
              ],
              [
                47.213622288035005,
                56.14845818850024
              ],
              [
                47.21380588896708,
                56.14965136197503
              ],
              [
                47.21515229580234,
                56.150333158756574
              ],
              [
                47.21509109549165,
                56.15207168579887
              ],
              [
                47.21600910015206,
                56.15302613778829
              ]
            ]
          ]
        ]
      }
    },
    {
      "type": "Feature",
      "properties": {
        "qc_id": 164,
        "fid": 145,
        "name": "Оперный",
        "original_name": null,
        "explainer": "Название происходит от театра оперы и балета",
        "Тип названия": "Ассоциация с объектом",
        "idlabel": 66,
        "auxiliary_storage_labeling_labelrotation": null,
        "auxiliary_storage_labeling_positionx": null,
        "auxiliary_storage_labeling_positiony": null,
        "auxiliary_storage_labeling_lineanchorpercent": null,
        "auxiliary_storage_labeling_lineanchorclipping": null,
        "auxiliary_storage_labeling_lineanchortype": null,
        "auxiliary_storage_labeling_lineanchortextpoint": null,
        "auxiliary_storage_labeling_show": null,
        "auxiliary_storage_callouts_originx": null,
        "auxiliary_storage_callouts_originy": null,
        "auxiliary_storage_callouts_destinationx": null,
        "auxiliary_storage_callouts_destinationy": null,
        "city": "Чебоксары"
      },
      "geometry": {
        "type": "MultiPolygon",
        "coordinates": [
          [
            [
              [
                47.22333584370823,
                56.146166951537495
              ],
              [
                47.227779200061754,
                56.146265121465504
              ],
              [
                47.234991787003906,
                56.146265121465504
              ],
              [
                47.23839668188672,
                56.14589698294257
              ],
              [
                47.23791116134154,
                56.143335644349314
              ],
              [
                47.23579975062261,
                56.14381298179996
              ],
              [
                47.23325993772882,
                56.14203998424512
              ],
              [
                47.23209713182564,
                56.13975542451852
              ],
              [
                47.22755420943922,
                56.139780692686124
              ],
              [
                47.226835144179276,
                56.14019915146043
              ],
              [
                47.225173605826136,
                56.141615798914344
              ],
              [
                47.22355968848386,
                56.14376183878522
              ],
              [
                47.22333584370823,
                56.146166951537495
              ]
            ]
          ]
        ]
      }
    },
    {
      "type": "Feature",
      "properties": {
        "qc_id": 165,
        "fid": 146,
        "name": "Кировский поселок",
        "original_name": null,
        "explainer": "Название связано с поселковой топонимикой юго-западной части города и историей рабочих посёлков около Чапаевского завода.",
        "Тип названия": "Ассоциация с официальным названием",
        "idlabel": 67,
        "auxiliary_storage_labeling_labelrotation": null,
        "auxiliary_storage_labeling_positionx": null,
        "auxiliary_storage_labeling_positiony": null,
        "auxiliary_storage_labeling_lineanchorpercent": null,
        "auxiliary_storage_labeling_lineanchorclipping": null,
        "auxiliary_storage_labeling_lineanchortype": null,
        "auxiliary_storage_labeling_lineanchortextpoint": null,
        "auxiliary_storage_labeling_show": null,
        "auxiliary_storage_callouts_originx": null,
        "auxiliary_storage_callouts_originy": null,
        "auxiliary_storage_callouts_destinationx": null,
        "auxiliary_storage_callouts_destinationy": null,
        "city": "Чебоксары"
      },
      "geometry": {
        "type": "MultiPolygon",
        "coordinates": [
          [
            [
              [
                47.22300888568762,
                56.13595320697366
              ],
              [
                47.22527329718329,
                56.13602141149722
              ],
              [
                47.224783694697734,
                56.133736494094784
              ],
              [
                47.22435227720844,
                56.13289066553057
              ],
              [
                47.224232891901494,
                56.13165607807338
              ],
              [
                47.218171858031134,
                56.12574917156225
              ],
              [
                47.2172592706781,
                56.126068392384354
              ],
              [
                47.21303619403047,
                56.12752414605964
              ],
              [
                47.21211416611837,
                56.127180382691165
              ],
              [
                47.20925667503312,
                56.128885748375865
              ],
              [
                47.20638374691189,
                56.13046880943135
              ],
              [
                47.22300888568762,
                56.13595320697366
              ]
            ]
          ]
        ]
      }
    },
    {
      "type": "Feature",
      "properties": {
        "qc_id": 166,
        "fid": 147,
        "name": "Литейка",
        "original_name": null,
        "explainer": "Название происходит от близлежащего литейно-механического завода",
        "Тип названия": "Ассоциация с объектом",
        "idlabel": 68,
        "auxiliary_storage_labeling_labelrotation": null,
        "auxiliary_storage_labeling_positionx": null,
        "auxiliary_storage_labeling_positiony": null,
        "auxiliary_storage_labeling_lineanchorpercent": null,
        "auxiliary_storage_labeling_lineanchorclipping": null,
        "auxiliary_storage_labeling_lineanchortype": null,
        "auxiliary_storage_labeling_lineanchortextpoint": null,
        "auxiliary_storage_labeling_show": null,
        "auxiliary_storage_callouts_originx": null,
        "auxiliary_storage_callouts_originy": null,
        "auxiliary_storage_callouts_destinationx": null,
        "auxiliary_storage_callouts_destinationy": null,
        "city": "Чебоксары"
      },
      "geometry": {
        "type": "MultiPolygon",
        "coordinates": [
          [
            [
              [
                47.19654353776346,
                56.12587721100144
              ],
              [
                47.204220390304656,
                56.128654623861365
              ],
              [
                47.20789423632386,
                56.1296129686319
              ],
              [
                47.21211416611837,
                56.127180382691165
              ],
              [
                47.207525207082114,
                56.12524359608674
              ],
              [
                47.20194353741127,
                56.12308129396079
              ],
              [
                47.19654353776346,
                56.12587721100144
              ]
            ]
          ]
        ]
      }
    },
    {
      "type": "Feature",
      "properties": {
        "qc_id": 167,
        "fid": 148,
        "name": "Восемнарик",
        "original_name": null,
        "explainer": "Название связано с СОШ №18: в тексте указано, что ребята собирались «на восемнарик», чтобы играть в футбол и проводить вечер.",
        "Тип названия": "Ассоциация с объектом",
        "idlabel": 69,
        "auxiliary_storage_labeling_labelrotation": null,
        "auxiliary_storage_labeling_positionx": null,
        "auxiliary_storage_labeling_positiony": null,
        "auxiliary_storage_labeling_lineanchorpercent": null,
        "auxiliary_storage_labeling_lineanchorclipping": null,
        "auxiliary_storage_labeling_lineanchortype": null,
        "auxiliary_storage_labeling_lineanchortextpoint": null,
        "auxiliary_storage_labeling_show": null,
        "auxiliary_storage_callouts_originx": null,
        "auxiliary_storage_callouts_originy": null,
        "auxiliary_storage_callouts_destinationx": null,
        "auxiliary_storage_callouts_destinationy": null,
        "city": "Чебоксары"
      },
      "geometry": {
        "type": "MultiPolygon",
        "coordinates": [
          [
            [
              [
                47.190706125556765,
                56.12229369971543
              ],
              [
                47.185554295543064,
                56.124902476671146
              ],
              [
                47.1924393304961,
                56.128313534696716
              ],
              [
                47.19654353776346,
                56.12587721100144
              ],
              [
                47.190706125556765,
                56.12229369971543
              ]
            ]
          ]
        ]
      }
    },
    {
      "type": "Feature",
      "properties": {
        "qc_id": 168,
        "fid": 149,
        "name": "Гражданка",
        "original_name": null,
        "explainer": "Название образовано от улицы Гражданской",
        "Тип названия": "Ассоциация с официальным названием",
        "idlabel": 70,
        "auxiliary_storage_labeling_labelrotation": null,
        "auxiliary_storage_labeling_positionx": null,
        "auxiliary_storage_labeling_positiony": null,
        "auxiliary_storage_labeling_lineanchorpercent": null,
        "auxiliary_storage_labeling_lineanchorclipping": null,
        "auxiliary_storage_labeling_lineanchortype": null,
        "auxiliary_storage_labeling_lineanchortextpoint": null,
        "auxiliary_storage_labeling_show": null,
        "auxiliary_storage_callouts_originx": null,
        "auxiliary_storage_callouts_originy": null,
        "auxiliary_storage_callouts_destinationx": null,
        "auxiliary_storage_callouts_destinationy": null,
        "city": "Чебоксары"
      },
      "geometry": {
        "type": "MultiPolygon",
        "coordinates": [
          [
            [
              [
                47.19654353776346,
                56.12587721100144
              ],
              [
                47.20194353741127,
                56.12308129396079
              ],
              [
                47.19629495006981,
                56.11951238839355
              ],
              [
                47.190706125556765,
                56.12229369971543
              ],
              [
                47.19654353776346,
                56.12587721100144
              ]
            ]
          ]
        ]
      }
    },
    {
      "type": "Feature",
      "properties": {
        "qc_id": 169,
        "fid": 150,
        "name": "Байконур",
        "original_name": null,
        "explainer": "Название связано с микрорайоном Байконур и космической темой: в описании упомянуты байконурцы, космонавты и часовня, напоминающая ракету «Союз».",
        "Тип названия": "Реальное название",
        "idlabel": 71,
        "auxiliary_storage_labeling_labelrotation": null,
        "auxiliary_storage_labeling_positionx": null,
        "auxiliary_storage_labeling_positiony": null,
        "auxiliary_storage_labeling_lineanchorpercent": null,
        "auxiliary_storage_labeling_lineanchorclipping": null,
        "auxiliary_storage_labeling_lineanchortype": null,
        "auxiliary_storage_labeling_lineanchortextpoint": null,
        "auxiliary_storage_labeling_show": null,
        "auxiliary_storage_callouts_originx": null,
        "auxiliary_storage_callouts_originy": null,
        "auxiliary_storage_callouts_destinationx": null,
        "auxiliary_storage_callouts_destinationy": null,
        "city": "Чебоксары"
      },
      "geometry": {
        "type": "MultiPolygon",
        "coordinates": [
          [
            [
              [
                47.20141846019565,
                56.12274955222754
              ],
              [
                47.2051689951204,
                56.12038235881316
              ],
              [
                47.20226198036245,
                56.11741414350267
              ],
              [
                47.19904896405103,
                56.11826710238391
              ],
              [
                47.19629495006981,
                56.11951238839355
              ],
              [
                47.20141846019565,
                56.12274955222754
              ]
            ]
          ]
        ]
      }
    },
    {
      "type": "Feature",
      "properties": {
        "qc_id": 170,
        "fid": 151,
        "name": "Чапаевский",
        "original_name": null,
        "explainer": "Название связано с Чапаевским рабочим посёлком, построенным рядом с Чапаевским заводом",
        "Тип названия": "Ассоциация с официальным названием",
        "idlabel": 72,
        "auxiliary_storage_labeling_labelrotation": null,
        "auxiliary_storage_labeling_positionx": null,
        "auxiliary_storage_labeling_positiony": null,
        "auxiliary_storage_labeling_lineanchorpercent": null,
        "auxiliary_storage_labeling_lineanchorclipping": null,
        "auxiliary_storage_labeling_lineanchortype": null,
        "auxiliary_storage_labeling_lineanchortextpoint": null,
        "auxiliary_storage_labeling_show": null,
        "auxiliary_storage_callouts_originx": null,
        "auxiliary_storage_callouts_originy": null,
        "auxiliary_storage_callouts_destinationx": null,
        "auxiliary_storage_callouts_destinationy": null,
        "city": "Чебоксары"
      },
      "geometry": {
        "type": "MultiPolygon",
        "coordinates": [
          [
            [
              [
                47.17539504396791,
                56.101340863898855
              ],
              [
                47.1570349507598,
                56.109975540669076
              ],
              [
                47.16156377375113,
                56.112534855271996
              ],
              [
                47.16572539487831,
                56.113456166864694
              ],
              [
                47.175701045521386,
                56.11410448402255
              ],
              [
                47.17539504396791,
                56.11710707367641
              ],
              [
                47.17927360881988,
                56.115308138182336
              ],
              [
                47.18480459173708,
                56.112628693572724
              ],
              [
                47.184758691504065,
                56.112364239593525
              ],
              [
                47.18592149740724,
                56.107347800605666
              ],
              [
                47.18408548808642,
                56.105812025299365
              ],
              [
                47.185921497407236,
                56.104242058318725
              ],
              [
                47.18316748342602,
                56.102706159096336
              ],
              [
                47.17539504396791,
                56.101340863898855
              ]
            ]
          ]
        ]
      }
    },
    {
      "type": "Feature",
      "properties": {
        "qc_id": 171,
        "fid": 152,
        "name": "Финская долина",
        "original_name": null,
        "explainer": "Название связано с микрорайоном «Финская долина»",
        "Тип названия": "Реальное название",
        "idlabel": 73,
        "auxiliary_storage_labeling_labelrotation": null,
        "auxiliary_storage_labeling_positionx": null,
        "auxiliary_storage_labeling_positiony": null,
        "auxiliary_storage_labeling_lineanchorpercent": null,
        "auxiliary_storage_labeling_lineanchorclipping": null,
        "auxiliary_storage_labeling_lineanchortype": null,
        "auxiliary_storage_labeling_lineanchortextpoint": null,
        "auxiliary_storage_labeling_show": null,
        "auxiliary_storage_callouts_originx": null,
        "auxiliary_storage_callouts_originy": null,
        "auxiliary_storage_callouts_destinationx": null,
        "auxiliary_storage_callouts_destinationy": null,
        "city": "Чебоксары"
      },
      "geometry": {
        "type": "MultiPolygon",
        "coordinates": [
          [
            [
              [
                47.17449039234864,
                56.12118858483556
              ],
              [
                47.17386503620057,
                56.12369147831355
              ],
              [
                47.18127027379451,
                56.12549943366318
              ],
              [
                47.186596360567634,
                56.12438387434257
              ],
              [
                47.179556665095085,
                56.122702183756196
              ],
              [
                47.17533384365722,
                56.12212224063517
              ],
              [
                47.17449039234864,
                56.12118858483556
              ]
            ]
          ]
        ]
      }
    },
    {
      "type": "Feature",
      "properties": {
        "qc_id": 172,
        "fid": 153,
        "name": "Москва",
        "original_name": null,
        "explainer": "Название происходит от торгового дома «Москва», перед которым, по описанию, часто собиралась местная молодёжь.",
        "Тип названия": "Ассоциация с объектом",
        "idlabel": 74,
        "auxiliary_storage_labeling_labelrotation": null,
        "auxiliary_storage_labeling_positionx": null,
        "auxiliary_storage_labeling_positiony": null,
        "auxiliary_storage_labeling_lineanchorpercent": null,
        "auxiliary_storage_labeling_lineanchorclipping": null,
        "auxiliary_storage_labeling_lineanchortype": null,
        "auxiliary_storage_labeling_lineanchortextpoint": null,
        "auxiliary_storage_labeling_show": null,
        "auxiliary_storage_callouts_originx": null,
        "auxiliary_storage_callouts_originy": null,
        "auxiliary_storage_callouts_destinationx": null,
        "auxiliary_storage_callouts_destinationy": null,
        "city": "Чебоксары"
      },
      "geometry": {
        "type": "MultiPolygon",
        "coordinates": [
          [
            [
              [
                47.17927360881988,
                56.115308138182336
              ],
              [
                47.17539504396791,
                56.11710707367641
              ],
              [
                47.17449039234864,
                56.12118858483556
              ],
              [
                47.17533384365722,
                56.12212224063517
              ],
              [
                47.179556665095085,
                56.122702183756196
              ],
              [
                47.186596360567634,
                56.12438387434257
              ],
              [
                47.190706125556765,
                56.12229369971543
              ],
              [
                47.17927360881988,
                56.115308138182336
              ]
            ]
          ]
        ]
      }
    },
    {
      "type": "Feature",
      "properties": {
        "qc_id": 173,
        "fid": 154,
        "name": "Чапаевский поселок",
        "original_name": null,
        "explainer": "В годы третьей пятилетки (1938-1942) вдали от города был построен Чапаевский завод, специализирующийся на производстве военной пиротехники. Для удобства рядом с ним был построен Чапаевский рабочий поселок. Поселок не мог долго жить своей жизнью на фоне активно развивающегося города. Он был присоединен к городу, а топонимы, образованные от «поселка» остались. До сих пор в целом юго-западный район Чебоксар называют поселком, несмотря на полную перестройку. Тот же Александр Азарин писал: \n«Время режет осколком, но я лечу будто сокол\n  В тот город, где ждет меня стопка, с пацанами с поселка»",
        "Тип названия": "Ассоциация с официальным названием",
        "idlabel": 75,
        "auxiliary_storage_labeling_labelrotation": null,
        "auxiliary_storage_labeling_positionx": null,
        "auxiliary_storage_labeling_positiony": null,
        "auxiliary_storage_labeling_lineanchorpercent": null,
        "auxiliary_storage_labeling_lineanchorclipping": null,
        "auxiliary_storage_labeling_lineanchortype": null,
        "auxiliary_storage_labeling_lineanchortextpoint": null,
        "auxiliary_storage_labeling_show": null,
        "auxiliary_storage_callouts_originx": null,
        "auxiliary_storage_callouts_originy": null,
        "auxiliary_storage_callouts_destinationx": null,
        "auxiliary_storage_callouts_destinationy": null,
        "city": "Чебоксары"
      },
      "geometry": {
        "type": "MultiPolygon",
        "coordinates": [
          [
            [
              [
                47.190706125556765,
                56.12229369971543
              ],
              [
                47.19629495006981,
                56.11951238839355
              ],
              [
                47.195511369998464,
                56.119013345350325
              ],
              [
                47.1986664621092,
                56.117217960285245
              ],
              [
                47.19943146599288,
                56.114198318495795
              ],
              [
                47.198299260245044,
                56.11269693946589
              ],
              [
                47.19514744424432,
                56.11141730882894
              ],
              [
                47.19162842637943,
                56.11116137759561
              ],
              [
                47.18592149740724,
                56.107347800605666
              ],
              [
                47.184758691504065,
                56.112364239593525
              ],
              [
                47.18480459173708,
                56.112628693572724
              ],
              [
                47.17927360881988,
                56.115308138182336
              ],
              [
                47.190706125556765,
                56.12229369971543
              ]
            ]
          ]
        ]
      }
    },
    {
      "type": "Feature",
      "properties": {
        "qc_id": 174,
        "fid": 155,
        "name": "Садовый",
        "original_name": null,
        "explainer": "Название связано с активно строящимся микрорайоном Садовый",
        "Тип названия": "Реальное название",
        "idlabel": 76,
        "auxiliary_storage_labeling_labelrotation": null,
        "auxiliary_storage_labeling_positionx": null,
        "auxiliary_storage_labeling_positiony": null,
        "auxiliary_storage_labeling_lineanchorpercent": null,
        "auxiliary_storage_labeling_lineanchorclipping": null,
        "auxiliary_storage_labeling_lineanchortype": null,
        "auxiliary_storage_labeling_lineanchortextpoint": null,
        "auxiliary_storage_labeling_show": null,
        "auxiliary_storage_callouts_originx": null,
        "auxiliary_storage_callouts_originy": null,
        "auxiliary_storage_callouts_destinationx": null,
        "auxiliary_storage_callouts_destinationy": null,
        "city": "Чебоксары"
      },
      "geometry": {
        "type": "MultiPolygon",
        "coordinates": [
          [
            [
              [
                47.224161325901534,
                56.118778037314286
              ],
              [
                47.22532363285291,
                56.118525411249
              ],
              [
                47.22391924030922,
                56.11573375918797
              ],
              [
                47.22918246702888,
                56.11447129020787
              ],
              [
                47.22857046392194,
                56.113362330581715
              ],
              [
                47.226520253513705,
                56.113055228419434
              ],
              [
                47.2255410485426,
                56.111895042577395
              ],
              [
                47.224133441396646,
                56.10928449654534
              ],
              [
                47.223062435959505,
                56.10928449654534
              ],
              [
                47.21838061219144,
                56.111067535716934
              ],
              [
                47.218717213900256,
                56.111647645483735
              ],
              [
                47.21118957568493,
                56.11366089977875
              ],
              [
                47.20678315331498,
                56.108132728765995
              ],
              [
                47.20213192970226,
                56.10748431100079
              ],
              [
                47.20170352752741,
                56.11120403291935
              ],
              [
                47.202621532187806,
                56.1135244112904
              ],
              [
                47.20598754927596,
                56.11632232854208
              ],
              [
                47.20886396387857,
                56.119972963419194
              ],
              [
                47.212046380034636,
                56.1208258655737
              ],
              [
                47.21486159432656,
                56.12055293894151
              ],
              [
                47.21988001980343,
                56.1197085599119
              ],
              [
                47.224161325901534,
                56.118778037314286
              ]
            ]
          ]
        ]
      }
    },
    {
      "type": "Feature",
      "properties": {
        "qc_id": 175,
        "fid": 156,
        "name": "Богданка",
        "original_name": null,
        "explainer": "Этот район берет свое название от улицы Богдана Хмельницкого, и этот район можно назвать чебоксарским гетто. Дело в том, что застраивался он после Великой Отечественной Войны двухэтажными зданиями, которые строили предприятия для своих работников. Однако поскольку город постоянно рос, появлялись новые дома и люди здесь надолго не задерживались. Так же здесь был «немой дом», где жили люди из общества глухонемых. Так же этот район тесно ассоциируется с алкоголизмом, но не в привычном ключе — долгое время здесь работал единственный отрезвитель в городе. Район неспроста ассоциируется с гетто: здесь очень много мусора, бездомных животных, разрушенные дома, «удобства» для жителей находятся на улице (можно сравнить с районом «Казармы» в городе Тверь, так же известных как «Парижские коммуны», о которых пел Михаил Круг). Однако местные власти активно «перестраивают» район, снося двухэтажные дома и строят там новые многоквартирные комплексы.",
        "Тип названия": "Ассоциация с официальным названием",
        "idlabel": 77,
        "auxiliary_storage_labeling_labelrotation": null,
        "auxiliary_storage_labeling_positionx": null,
        "auxiliary_storage_labeling_positiony": null,
        "auxiliary_storage_labeling_lineanchorpercent": null,
        "auxiliary_storage_labeling_lineanchorclipping": null,
        "auxiliary_storage_labeling_lineanchortype": null,
        "auxiliary_storage_labeling_lineanchortextpoint": null,
        "auxiliary_storage_labeling_show": null,
        "auxiliary_storage_callouts_originx": null,
        "auxiliary_storage_callouts_originy": null,
        "auxiliary_storage_callouts_destinationx": null,
        "auxiliary_storage_callouts_destinationy": null,
        "city": "Чебоксары"
      },
      "geometry": {
        "type": "MultiPolygon",
        "coordinates": [
          [
            [
              [
                47.2238676618555,
                56.124596797429646
              ],
              [
                47.23626251000838,
                56.12182494820393
              ],
              [
                47.234323293127154,
                56.11987914302782
              ],
              [
                47.231875280699406,
                56.11897504389477
              ],
              [
                47.23016167199998,
                56.11747385123984
              ],
              [
                47.21988001980343,
                56.1197085599119
              ],
              [
                47.2238676618555,
                56.124596797429646
              ]
            ]
          ]
        ]
      }
    },
    {
      "type": "Feature",
      "properties": {
        "qc_id": 176,
        "fid": 157,
        "name": "Кладбище",
        "original_name": null,
        "explainer": "Название связано с первым кладбищем города, где, по описанию, похоронены известные политические деятели, поэты, конструкторы, солдаты и другие значимые жители.",
        "Тип названия": "Ассоциация с объектом",
        "idlabel": 78,
        "auxiliary_storage_labeling_labelrotation": null,
        "auxiliary_storage_labeling_positionx": null,
        "auxiliary_storage_labeling_positiony": null,
        "auxiliary_storage_labeling_lineanchorpercent": null,
        "auxiliary_storage_labeling_lineanchorclipping": null,
        "auxiliary_storage_labeling_lineanchortype": null,
        "auxiliary_storage_labeling_lineanchortextpoint": null,
        "auxiliary_storage_labeling_show": null,
        "auxiliary_storage_callouts_originx": null,
        "auxiliary_storage_callouts_originy": null,
        "auxiliary_storage_callouts_destinationx": null,
        "auxiliary_storage_callouts_destinationy": null,
        "city": "Чебоксары"
      },
      "geometry": {
        "type": "MultiPolygon",
        "coordinates": [
          [
            [
              [
                47.23626251000838,
                56.12182494820393
              ],
              [
                47.2238676618555,
                56.124596797429646
              ],
              [
                47.218171858031134,
                56.12574917156225
              ],
              [
                47.224232891901494,
                56.13165607807338
              ],
              [
                47.22435227720844,
                56.13289066553057
              ],
              [
                47.224783694697734,
                56.133736494094784
              ],
              [
                47.22527329718329,
                56.13602141149722
              ],
              [
                47.23351238901049,
                56.13694216072349
              ],
              [
                47.237368008584205,
                56.13578269513544
              ],
              [
                47.23846961417669,
                56.131349121918944
              ],
              [
                47.23750570928325,
                56.12334181676501
              ],
              [
                47.23626251000838,
                56.12182494820393
              ]
            ]
          ]
        ]
      }
    },
    {
      "type": "Feature",
      "properties": {
        "qc_id": 177,
        "fid": 158,
        "name": "Залив",
        "original_name": null,
        "explainer": "Это визитная карточка Чебоксар. Залив образовался из-за затопления земель вследствие запуска Чебоксарской ГЭС. Тут располагается главная достопримечательность города — мать-покровительница. Жители часто шутят, что вторая такая стоит в Рио-де-Жанейро. Соответсвенно с весны по осень тут очень часто гуляет молодежь, поскольку эта зона города очень красива, а летом тут часто устраивают уличные дискотеки.",
        "Тип названия": "Реальное название",
        "idlabel": 79,
        "auxiliary_storage_labeling_labelrotation": null,
        "auxiliary_storage_labeling_positionx": null,
        "auxiliary_storage_labeling_positiony": null,
        "auxiliary_storage_labeling_lineanchorpercent": null,
        "auxiliary_storage_labeling_lineanchorclipping": null,
        "auxiliary_storage_labeling_lineanchortype": null,
        "auxiliary_storage_labeling_lineanchortextpoint": null,
        "auxiliary_storage_labeling_show": null,
        "auxiliary_storage_callouts_originx": null,
        "auxiliary_storage_callouts_originy": null,
        "auxiliary_storage_callouts_destinationx": null,
        "auxiliary_storage_callouts_destinationy": null,
        "city": "Чебоксары"
      },
      "geometry": {
        "type": "MultiPolygon",
        "coordinates": [
          [
            [
              [
                47.24674213588784,
                56.14409480634008
              ],
              [
                47.24829226404303,
                56.14621662673586
              ],
              [
                47.254534695733796,
                56.14546656927348
              ],
              [
                47.2533882893005,
                56.143232256121784
              ],
              [
                47.24674213588784,
                56.14409480634008
              ]
            ]
          ]
        ]
      }
    },
    {
      "type": "Feature",
      "properties": {
        "qc_id": 178,
        "fid": 159,
        "name": "Нижний проспет",
        "original_name": null,
        "explainer": "Вероятно, имеется в виду «Нижний проспект»: часть проспекта Ленина, который в городском восприятии делится на Нижний, Средний и Верхний проспект.",
        "Тип названия": "Ассоциация с официальным названием",
        "idlabel": 80,
        "auxiliary_storage_labeling_labelrotation": null,
        "auxiliary_storage_labeling_positionx": null,
        "auxiliary_storage_labeling_positiony": null,
        "auxiliary_storage_labeling_lineanchorpercent": null,
        "auxiliary_storage_labeling_lineanchorclipping": null,
        "auxiliary_storage_labeling_lineanchortype": null,
        "auxiliary_storage_labeling_lineanchortextpoint": null,
        "auxiliary_storage_labeling_show": null,
        "auxiliary_storage_callouts_originx": null,
        "auxiliary_storage_callouts_originy": null,
        "auxiliary_storage_callouts_destinationx": null,
        "auxiliary_storage_callouts_destinationy": null,
        "city": "Чебоксары"
      },
      "geometry": {
        "type": "MultiPolygon",
        "coordinates": [
          [
            [
              [
                47.243763441051705,
                56.12805771583803
              ],
              [
                47.239601819924545,
                56.13504948561455
              ],
              [
                47.23969362039058,
                56.13791403876336
              ],
              [
                47.24354923996429,
                56.14180130525194
              ],
              [
                47.24674213588784,
                56.14409480634008
              ],
              [
                47.2533882893005,
                56.143232256121784
              ],
              [
                47.249883472121084,
                56.134981279366905
              ],
              [
                47.251046278024255,
                56.133958171133486
              ],
              [
                47.251827450241485,
                56.129695396750826
              ],
              [
                47.243763441051705,
                56.12805771583803
              ]
            ]
          ]
        ]
      }
    },
    {
      "type": "Feature",
      "properties": {
        "qc_id": 179,
        "fid": 160,
        "name": "Средний проспект",
        "original_name": null,
        "explainer": "Название связано с делением проспекта Ленина на несколько вернакулярных частей",
        "Тип названия": "Ассоциация с официальным названием",
        "idlabel": 81,
        "auxiliary_storage_labeling_labelrotation": null,
        "auxiliary_storage_labeling_positionx": null,
        "auxiliary_storage_labeling_positiony": null,
        "auxiliary_storage_labeling_lineanchorpercent": null,
        "auxiliary_storage_labeling_lineanchorclipping": null,
        "auxiliary_storage_labeling_lineanchortype": null,
        "auxiliary_storage_labeling_lineanchortextpoint": null,
        "auxiliary_storage_labeling_show": null,
        "auxiliary_storage_callouts_originx": null,
        "auxiliary_storage_callouts_originy": null,
        "auxiliary_storage_callouts_destinationx": null,
        "auxiliary_storage_callouts_destinationy": null,
        "city": "Чебоксары"
      },
      "geometry": {
        "type": "MultiPolygon",
        "coordinates": [
          [
            [
              [
                47.246993884123185,
                56.12187270731402
              ],
              [
                47.24465262553462,
                56.124552946894916
              ],
              [
                47.243763441051705,
                56.12805771583803
              ],
              [
                47.251827450241485,
                56.129695396750826
              ],
              [
                47.25649108630093,
                56.12427931842924
              ],
              [
                47.246993884123185,
                56.12187270731402
              ]
            ]
          ]
        ]
      }
    },
    {
      "type": "Feature",
      "properties": {
        "qc_id": 180,
        "fid": 161,
        "name": "Верхний проспект",
        "original_name": null,
        "explainer": "Название связано с верхней частью проспекта Ленина",
        "Тип названия": "Ассоциация с официальным названием",
        "idlabel": 82,
        "auxiliary_storage_labeling_labelrotation": null,
        "auxiliary_storage_labeling_positionx": null,
        "auxiliary_storage_labeling_positiony": null,
        "auxiliary_storage_labeling_lineanchorpercent": null,
        "auxiliary_storage_labeling_lineanchorclipping": null,
        "auxiliary_storage_labeling_lineanchortype": null,
        "auxiliary_storage_labeling_lineanchortextpoint": null,
        "auxiliary_storage_labeling_show": null,
        "auxiliary_storage_callouts_originx": null,
        "auxiliary_storage_callouts_originy": null,
        "auxiliary_storage_callouts_destinationx": null,
        "auxiliary_storage_callouts_destinationy": null,
        "city": "Чебоксары"
      },
      "geometry": {
        "type": "MultiPolygon",
        "coordinates": [
          [
            [
              [
                47.261970533483115,
                56.11144290185867
              ],
              [
                47.260632344771984,
                56.10910392435123
              ],
              [
                47.259367309889456,
                56.11289394760957
              ],
              [
                47.25465709635522,
                56.11734590597529
              ],
              [
                47.246993884123185,
                56.12187270731402
              ],
              [
                47.25649108630093,
                56.12427931842924
              ],
              [
                47.263324590357236,
                56.1162071743769
              ],
              [
                47.2658797033287,
                56.11516650629093
              ],
              [
                47.261970533483115,
                56.11144290185867
              ]
            ]
          ]
        ]
      }
    },
    {
      "type": "Feature",
      "properties": {
        "qc_id": 181,
        "fid": 162,
        "name": "Гладкова",
        "original_name": null,
        "explainer": "Название связано с улицей Гладкова, на которой расположен крупный больничный комплекс.",
        "Тип названия": "Ассоциация с официальным названием",
        "idlabel": 83,
        "auxiliary_storage_labeling_labelrotation": null,
        "auxiliary_storage_labeling_positionx": null,
        "auxiliary_storage_labeling_positiony": null,
        "auxiliary_storage_labeling_lineanchorpercent": null,
        "auxiliary_storage_labeling_lineanchorclipping": null,
        "auxiliary_storage_labeling_lineanchortype": null,
        "auxiliary_storage_labeling_lineanchortextpoint": null,
        "auxiliary_storage_labeling_show": null,
        "auxiliary_storage_callouts_originx": null,
        "auxiliary_storage_callouts_originy": null,
        "auxiliary_storage_callouts_destinationx": null,
        "auxiliary_storage_callouts_destinationy": null,
        "city": "Чебоксары"
      },
      "geometry": {
        "type": "MultiPolygon",
        "coordinates": [
          [
            [
              [
                47.24567097720064,
                56.11151392178821
              ],
              [
                47.2332649514521,
                56.11020894768797
              ],
              [
                47.231829380466465,
                56.11224480816855
              ],
              [
                47.233971391340745,
                56.11466748742987
              ],
              [
                47.237031406875424,
                56.113746204838165
              ],
              [
                47.24455904509076,
                56.11391681438962
              ],
              [
                47.24567097720064,
                56.11151392178821
              ]
            ]
          ]
        ]
      }
    },
    {
      "type": "Feature",
      "properties": {
        "qc_id": 182,
        "fid": 163,
        "name": "Больница на гладкова",
        "original_name": null,
        "explainer": "Название напрямую указывает на больничный комплекс на улице Гладкова, куда приезжают пациенты для операций и обследований.",
        "Тип названия": "Ассоциация с объектом",
        "idlabel": 84,
        "auxiliary_storage_labeling_labelrotation": null,
        "auxiliary_storage_labeling_positionx": null,
        "auxiliary_storage_labeling_positiony": null,
        "auxiliary_storage_labeling_lineanchorpercent": null,
        "auxiliary_storage_labeling_lineanchorclipping": null,
        "auxiliary_storage_labeling_lineanchortype": null,
        "auxiliary_storage_labeling_lineanchortextpoint": null,
        "auxiliary_storage_labeling_show": null,
        "auxiliary_storage_callouts_originx": null,
        "auxiliary_storage_callouts_originy": null,
        "auxiliary_storage_callouts_destinationx": null,
        "auxiliary_storage_callouts_destinationy": null,
        "city": "Чебоксары"
      },
      "geometry": {
        "type": "MultiPolygon",
        "coordinates": [
          [
            [
              [
                47.24727080718193,
                56.1116867955248
              ],
              [
                47.24636451353475,
                56.10899162167242
              ],
              [
                47.24357010812261,
                56.105524115217605
              ],
              [
                47.23286978574826,
                56.10695533052284
              ],
              [
                47.2342941509702,
                56.110317209562005
              ],
              [
                47.24727080718193,
                56.1116867955248
              ]
            ]
          ]
        ]
      }
    },
    {
      "type": "Feature",
      "properties": {
        "qc_id": 183,
        "fid": 164,
        "name": "Аппаратный",
        "original_name": null,
        "explainer": "Название происходит от Чебоксарского электроаппаратного завода",
        "Тип названия": "Ассоциация с объектом",
        "idlabel": 85,
        "auxiliary_storage_labeling_labelrotation": null,
        "auxiliary_storage_labeling_positionx": null,
        "auxiliary_storage_labeling_positiony": null,
        "auxiliary_storage_labeling_lineanchorpercent": null,
        "auxiliary_storage_labeling_lineanchorclipping": null,
        "auxiliary_storage_labeling_lineanchortype": null,
        "auxiliary_storage_labeling_lineanchortextpoint": null,
        "auxiliary_storage_labeling_show": null,
        "auxiliary_storage_callouts_originx": null,
        "auxiliary_storage_callouts_originy": null,
        "auxiliary_storage_callouts_destinationx": null,
        "auxiliary_storage_callouts_destinationy": null,
        "city": "Чебоксары"
      },
      "geometry": {
        "type": "MultiPolygon",
        "coordinates": [
          [
            [
              [
                47.25465709635522,
                56.11734590597529
              ],
              [
                47.259367309889456,
                56.11289394760957
              ],
              [
                47.260632344771984,
                56.10910392435123
              ],
              [
                47.25775536208409,
                56.10674629591064
              ],
              [
                47.24636451353475,
                56.10899162167242
              ],
              [
                47.24727080718193,
                56.1116867955248
              ],
              [
                47.248169863421694,
                56.112210684836185
              ],
              [
                47.253555490762736,
                56.11514518083092
              ],
              [
                47.25465709635522,
                56.11734590597529
              ]
            ]
          ]
        ]
      }
    },
    {
      "type": "Feature",
      "properties": {
        "qc_id": 184,
        "fid": 165,
        "name": "Базовый проезд",
        "original_name": null,
        "explainer": "Название совпадает с названием улицы Базовый проезд",
        "Тип названия": "Реальное название",
        "idlabel": 86,
        "auxiliary_storage_labeling_labelrotation": null,
        "auxiliary_storage_labeling_positionx": null,
        "auxiliary_storage_labeling_positiony": null,
        "auxiliary_storage_labeling_lineanchorpercent": null,
        "auxiliary_storage_labeling_lineanchorclipping": null,
        "auxiliary_storage_labeling_lineanchortype": null,
        "auxiliary_storage_labeling_lineanchortextpoint": null,
        "auxiliary_storage_labeling_show": null,
        "auxiliary_storage_callouts_originx": null,
        "auxiliary_storage_callouts_originy": null,
        "auxiliary_storage_callouts_destinationx": null,
        "auxiliary_storage_callouts_destinationy": null,
        "city": "Чебоксары"
      },
      "geometry": {
        "type": "MultiPolygon",
        "coordinates": [
          [
            [
              [
                47.24937091951905,
                56.09824743784693
              ],
              [
                47.23645765396268,
                56.10060273101868
              ],
              [
                47.23927286825459,
                56.104220726804755
              ],
              [
                47.24357010812261,
                56.105524115217605
              ],
              [
                47.24636451353475,
                56.10899162167242
              ],
              [
                47.25775536208409,
                56.10674629591064
              ],
              [
                47.24937091951905,
                56.09824743784693
              ]
            ]
          ]
        ]
      }
    },
    {
      "type": "Feature",
      "properties": {
        "qc_id": 185,
        "fid": 166,
        "name": "Комбинат",
        "original_name": null,
        "explainer": "Название связано с хлопчато-бумажным комбинатом, который в прошлом был значимым предприятием, но сейчас уже не функционирует.",
        "Тип названия": "Историческая ассоциация",
        "idlabel": 87,
        "auxiliary_storage_labeling_labelrotation": null,
        "auxiliary_storage_labeling_positionx": null,
        "auxiliary_storage_labeling_positiony": null,
        "auxiliary_storage_labeling_lineanchorpercent": null,
        "auxiliary_storage_labeling_lineanchorclipping": null,
        "auxiliary_storage_labeling_lineanchortype": null,
        "auxiliary_storage_labeling_lineanchortextpoint": null,
        "auxiliary_storage_labeling_show": null,
        "auxiliary_storage_callouts_originx": null,
        "auxiliary_storage_callouts_originy": null,
        "auxiliary_storage_callouts_destinationx": null,
        "auxiliary_storage_callouts_destinationy": null,
        "city": "Чебоксары"
      },
      "geometry": {
        "type": "MultiPolygon",
        "coordinates": [
          [
            [
              [
                47.28544842706952,
                56.13160347063436
              ],
              [
                47.28449807748115,
                56.13200681971944
              ],
              [
                47.27771975624495,
                56.13691681716234
              ],
              [
                47.27282954677369,
                56.138522951650735
              ],
              [
                47.26601346330218,
                56.14047617326183
              ],
              [
                47.259486890301304,
                56.14215579434938
              ],
              [
                47.2533882893005,
                56.143232256121784
              ],
              [
                47.254534695733796,
                56.14546656927348
              ],
              [
                47.25829086480266,
                56.14535150234509
              ],
              [
                47.262452485929835,
                56.147874372267026
              ],
              [
                47.26961292228099,
                56.14893120098837
              ],
              [
                47.2744477468258,
                56.14736299309749
              ],
              [
                47.277324161428396,
                56.148249379333436
              ],
              [
                47.28901342077091,
                56.147874372267026
              ],
              [
                47.287973015489115,
                56.14463552260561
              ],
              [
                47.286198206479,
                56.139265249424696
              ],
              [
                47.288210500165086,
                56.134798043607624
              ],
              [
                47.28544842706952,
                56.13160347063436
              ]
            ]
          ]
        ]
      }
    },
    {
      "type": "Feature",
      "properties": {
        "qc_id": 186,
        "fid": 167,
        "name": "Лукоморье",
        "original_name": null,
        "explainer": "Название связано с образом холмистой, овражной территории с большим количеством частных домов",
        "Тип названия": "Визуальная ассоциация",
        "idlabel": 88,
        "auxiliary_storage_labeling_labelrotation": null,
        "auxiliary_storage_labeling_positionx": null,
        "auxiliary_storage_labeling_positiony": null,
        "auxiliary_storage_labeling_lineanchorpercent": null,
        "auxiliary_storage_labeling_lineanchorclipping": null,
        "auxiliary_storage_labeling_lineanchortype": null,
        "auxiliary_storage_labeling_lineanchortextpoint": null,
        "auxiliary_storage_labeling_show": null,
        "auxiliary_storage_callouts_originx": null,
        "auxiliary_storage_callouts_originy": null,
        "auxiliary_storage_callouts_destinationx": null,
        "auxiliary_storage_callouts_destinationy": null,
        "city": "Чебоксары"
      },
      "geometry": {
        "type": "MultiPolygon",
        "coordinates": [
          [
            [
              [
                47.25649108630093,
                56.12427931842924
              ],
              [
                47.251827450241485,
                56.129695396750826
              ],
              [
                47.251046278024255,
                56.133958171133486
              ],
              [
                47.249883472121084,
                56.134981279366905
              ],
              [
                47.25091678281316,
                56.13741406465649
              ],
              [
                47.2533882893005,
                56.143232256121784
              ],
              [
                47.259486890301304,
                56.14215579434938
              ],
              [
                47.26601346330218,
                56.14047617326183
              ],
              [
                47.27282954677369,
                56.138522951650735
              ],
              [
                47.27345891736202,
                56.13310110201517
              ],
              [
                47.267316260420024,
                56.127054101498494
              ],
              [
                47.25649108630093,
                56.12427931842924
              ]
            ]
          ]
        ]
      }
    },
    {
      "type": "Feature",
      "properties": {
        "qc_id": 187,
        "fid": 168,
        "name": "Олимпийский",
        "original_name": null,
        "explainer": "Название происходит от стадиона «Олимпийский»",
        "Тип названия": "Ассоциация с объектом",
        "idlabel": 89,
        "auxiliary_storage_labeling_labelrotation": null,
        "auxiliary_storage_labeling_positionx": null,
        "auxiliary_storage_labeling_positiony": null,
        "auxiliary_storage_labeling_lineanchorpercent": null,
        "auxiliary_storage_labeling_lineanchorclipping": null,
        "auxiliary_storage_labeling_lineanchortype": null,
        "auxiliary_storage_labeling_lineanchortextpoint": null,
        "auxiliary_storage_labeling_show": null,
        "auxiliary_storage_callouts_originx": null,
        "auxiliary_storage_callouts_originy": null,
        "auxiliary_storage_callouts_destinationx": null,
        "auxiliary_storage_callouts_destinationy": null,
        "city": "Чебоксары"
      },
      "geometry": {
        "type": "MultiPolygon",
        "coordinates": [
          [
            [
              [
                47.2658797033287,
                56.11516650629093
              ],
              [
                47.263324590357236,
                56.1162071743769
              ],
              [
                47.25649108630093,
                56.12427931842924
              ],
              [
                47.267316260420024,
                56.127054101498494
              ],
              [
                47.27216241395006,
                56.121967431006034
              ],
              [
                47.27508269347987,
                56.12280590092442
              ],
              [
                47.27942467976115,
                56.12146014891742
              ],
              [
                47.27658059548005,
                56.11872564317725
              ],
              [
                47.27138773129115,
                56.11951665300245
              ],
              [
                47.2658797033287,
                56.11516650629093
              ]
            ]
          ]
        ]
      }
    },
    {
      "type": "Feature",
      "properties": {
        "qc_id": 188,
        "fid": 169,
        "name": "Новый город",
        "original_name": null,
        "explainer": "Название связано с новым направлением застройки Чебоксар в сторону Новочебоксарска и идеей дальнейшего городского сближения.",
        "Тип названия": "Реальное название",
        "idlabel": 90,
        "auxiliary_storage_labeling_labelrotation": null,
        "auxiliary_storage_labeling_positionx": null,
        "auxiliary_storage_labeling_positiony": null,
        "auxiliary_storage_labeling_lineanchorpercent": null,
        "auxiliary_storage_labeling_lineanchorclipping": null,
        "auxiliary_storage_labeling_lineanchortype": null,
        "auxiliary_storage_labeling_lineanchortextpoint": null,
        "auxiliary_storage_labeling_show": null,
        "auxiliary_storage_callouts_originx": null,
        "auxiliary_storage_callouts_originy": null,
        "auxiliary_storage_callouts_destinationx": null,
        "auxiliary_storage_callouts_destinationy": null,
        "city": "Чебоксары"
      },
      "geometry": {
        "type": "MultiPolygon",
        "coordinates": [
          [
            [
              [
                47.39332935034837,
                56.12472765179819
              ],
              [
                47.36135130673411,
                56.125864494774845
              ],
              [
                47.362361993137334,
                56.12854803382239
              ],
              [
                47.37105243725585,
                56.129912364012256
              ],
              [
                47.384883707472625,
                56.132436247271414
              ],
              [
                47.39357415159113,
                56.13093557989253
              ],
              [
                47.3949205584264,
                56.128411598141405
              ],
              [
                47.39332935034837,
                56.12472765179819
              ]
            ]
          ]
        ]
      }
    },
    {
      "type": "Feature",
      "properties": {
        "qc_id": 189,
        "fid": 170,
        "name": "Агрегатка",
        "original_name": null,
        "explainer": "Название происходит от Агрегатного завода",
        "Тип названия": "Ассоциация с объектом",
        "idlabel": 91,
        "auxiliary_storage_labeling_labelrotation": null,
        "auxiliary_storage_labeling_positionx": null,
        "auxiliary_storage_labeling_positiony": null,
        "auxiliary_storage_labeling_lineanchorpercent": null,
        "auxiliary_storage_labeling_lineanchorclipping": null,
        "auxiliary_storage_labeling_lineanchortype": null,
        "auxiliary_storage_labeling_lineanchortextpoint": null,
        "auxiliary_storage_labeling_show": null,
        "auxiliary_storage_callouts_originx": null,
        "auxiliary_storage_callouts_originy": null,
        "auxiliary_storage_callouts_destinationx": null,
        "auxiliary_storage_callouts_destinationy": null,
        "city": "Чебоксары"
      },
      "geometry": {
        "type": "MultiPolygon",
        "coordinates": [
          [
            [
              [
                47.28449807748115,
                56.13200681971944
              ],
              [
                47.28544842706952,
                56.13160347063436
              ],
              [
                47.299233872656785,
                56.12863330587724
              ],
              [
                47.28727970539327,
                56.115900059410365
              ],
              [
                47.27658059548005,
                56.11872564317725
              ],
              [
                47.27942467976115,
                56.12146014891742
              ],
              [
                47.27508269347987,
                56.12280590092442
              ],
              [
                47.28449807748115,
                56.13200681971944
              ]
            ]
          ]
        ]
      }
    },
    {
      "type": "Feature",
      "properties": {
        "qc_id": 190,
        "fid": 171,
        "name": "Чулочка",
        "original_name": null,
        "explainer": "Название происходит от чулочно-трикотажной фабрики и домов рабочих фабрики",
        "Тип названия": "Ассоциация с объектом",
        "idlabel": 92,
        "auxiliary_storage_labeling_labelrotation": null,
        "auxiliary_storage_labeling_positionx": null,
        "auxiliary_storage_labeling_positiony": null,
        "auxiliary_storage_labeling_lineanchorpercent": null,
        "auxiliary_storage_labeling_lineanchorclipping": null,
        "auxiliary_storage_labeling_lineanchortype": null,
        "auxiliary_storage_labeling_lineanchortextpoint": null,
        "auxiliary_storage_labeling_show": null,
        "auxiliary_storage_callouts_originx": null,
        "auxiliary_storage_callouts_originy": null,
        "auxiliary_storage_callouts_destinationx": null,
        "auxiliary_storage_callouts_destinationy": null,
        "city": "Чебоксары"
      },
      "geometry": {
        "type": "MultiPolygon",
        "coordinates": [
          [
            [
              [
                47.27216241395006,
                56.121967431006034
              ],
              [
                47.267316260420024,
                56.127054101498494
              ],
              [
                47.27345891736202,
                56.13310110201517
              ],
              [
                47.27282954677369,
                56.138522951650735
              ],
              [
                47.27771975624495,
                56.13691681716234
              ],
              [
                47.28449807748115,
                56.13200681971944
              ],
              [
                47.27508269347987,
                56.12280590092442
              ],
              [
                47.27216241395006,
                56.121967431006034
              ]
            ]
          ]
        ]
      }
    },
    {
      "type": "Feature",
      "properties": {
        "qc_id": 191,
        "fid": 172,
        "name": "ЧЗПТ",
        "original_name": null,
        "explainer": "Название связано с Чебоксарским заводом промышленных тракторов",
        "Тип названия": "Ассоциация с объектом",
        "idlabel": 93,
        "auxiliary_storage_labeling_labelrotation": null,
        "auxiliary_storage_labeling_positionx": null,
        "auxiliary_storage_labeling_positiony": null,
        "auxiliary_storage_labeling_lineanchorpercent": null,
        "auxiliary_storage_labeling_lineanchorclipping": null,
        "auxiliary_storage_labeling_lineanchortype": null,
        "auxiliary_storage_labeling_lineanchortextpoint": null,
        "auxiliary_storage_labeling_show": null,
        "auxiliary_storage_callouts_originx": null,
        "auxiliary_storage_callouts_originy": null,
        "auxiliary_storage_callouts_destinationx": null,
        "auxiliary_storage_callouts_destinationy": null,
        "city": "Чебоксары"
      },
      "geometry": {
        "type": "MultiPolygon",
        "coordinates": [
          [
            [
              [
                47.299233872656785,
                56.12863330587724
              ],
              [
                47.36135130673411,
                56.125864494774845
              ],
              [
                47.35881237511714,
                56.113400718179726
              ],
              [
                47.32870182225582,
                56.11486794877569
              ],
              [
                47.32790025996489,
                56.11010717632129
              ],
              [
                47.29365620625439,
                56.10836649335049
              ],
              [
                47.29415970272505,
                56.10981940755218
              ],
              [
                47.29651045883093,
                56.1130936163238
              ],
              [
                47.28727970539327,
                56.115900059410365
              ],
              [
                47.299233872656785,
                56.12863330587724
              ]
            ]
          ]
        ]
      }
    },
    {
      "type": "Feature",
      "properties": {
        "qc_id": 192,
        "fid": 173,
        "name": "Восточка",
        "original_name": null,
        "explainer": "Восточка. Этот район берет свое название от Восточного поселка, который располагается в восточной части города. Район до сих пор представляет из-себя скорее сельский населенный пункт, расположенные в промышленной зоне города",
        "Тип названия": "Ассоциация с официальным названием",
        "idlabel": 94,
        "auxiliary_storage_labeling_labelrotation": null,
        "auxiliary_storage_labeling_positionx": null,
        "auxiliary_storage_labeling_positiony": null,
        "auxiliary_storage_labeling_lineanchorpercent": null,
        "auxiliary_storage_labeling_lineanchorclipping": null,
        "auxiliary_storage_labeling_lineanchortype": null,
        "auxiliary_storage_labeling_lineanchortextpoint": null,
        "auxiliary_storage_labeling_show": null,
        "auxiliary_storage_callouts_originx": null,
        "auxiliary_storage_callouts_originy": null,
        "auxiliary_storage_callouts_destinationx": null,
        "auxiliary_storage_callouts_destinationy": null,
        "city": "Чебоксары"
      },
      "geometry": {
        "type": "MultiPolygon",
        "coordinates": [
          [
            [
              [
                47.35863370063596,
                56.12598563301956
              ],
              [
                47.32998477344151,
                56.12726264578425
              ],
              [
                47.33191483856724,
                56.13013406309662
              ],
              [
                47.33901407460772,
                56.133749283189495
              ],
              [
                47.35517095663086,
                56.131805291985685
              ],
              [
                47.35847577340832,
                56.12948601602712
              ],
              [
                47.35863370063596,
                56.12598563301956
              ]
            ]
          ]
        ]
      }
    },
    {
      "type": "Feature",
      "properties": {
        "qc_id": 193,
        "fid": 174,
        "name": "Гремячево",
        "original_name": null,
        "explainer": "Название происходит от деревни Гремячево, недавно включённой в состав города",
        "Тип названия": "Ассоциация с официальным названием",
        "idlabel": 95,
        "auxiliary_storage_labeling_labelrotation": null,
        "auxiliary_storage_labeling_positionx": null,
        "auxiliary_storage_labeling_positiony": null,
        "auxiliary_storage_labeling_lineanchorpercent": null,
        "auxiliary_storage_labeling_lineanchorclipping": null,
        "auxiliary_storage_labeling_lineanchortype": null,
        "auxiliary_storage_labeling_lineanchortextpoint": null,
        "auxiliary_storage_labeling_show": null,
        "auxiliary_storage_callouts_originx": null,
        "auxiliary_storage_callouts_originy": null,
        "auxiliary_storage_callouts_destinationx": null,
        "auxiliary_storage_callouts_destinationy": null,
        "city": "Чебоксары"
      },
      "geometry": {
        "type": "MultiPolygon",
        "coordinates": [
          [
            [
              [
                47.34715371592997,
                56.14087641015561
              ],
              [
                47.33901407460772,
                56.133749283189495
              ],
              [
                47.33191483856724,
                56.13013406309662
              ],
              [
                47.32998477344151,
                56.12726264578425
              ],
              [
                47.299233872656785,
                56.12863330587724
              ],
              [
                47.28544842706952,
                56.13160347063436
              ],
              [
                47.29794866613222,
                56.14605894541635
              ],
              [
                47.34715371592997,
                56.14087641015561
              ]
            ]
          ]
        ]
      }
    },
    {
      "type": "Feature",
      "properties": {
        "qc_id": 194,
        "fid": 175,
        "name": "Шанхай",
        "original_name": null,
        "explainer": "Шанхай — довольно типичный топоним для многих городов в России. Под этим понимали район самостроев. В Перми под этим понимают окраинный район «на отшибе» по аналогии с шанхайскими трущобами конца прошлого века. Шанхай упоминается несколько раз, но точно существует один — между улицами Энергетиков и Эскаваторной. Ранее существовал и в районе Пролетарка (также известный как Пролет), но был снесен.",
        "Тип названия": "Визуальная ассоциация",
        "idlabel": 96,
        "auxiliary_storage_labeling_labelrotation": null,
        "auxiliary_storage_labeling_positionx": null,
        "auxiliary_storage_labeling_positiony": null,
        "auxiliary_storage_labeling_lineanchorpercent": null,
        "auxiliary_storage_labeling_lineanchorclipping": null,
        "auxiliary_storage_labeling_lineanchortype": null,
        "auxiliary_storage_labeling_lineanchortextpoint": null,
        "auxiliary_storage_labeling_show": null,
        "auxiliary_storage_callouts_originx": null,
        "auxiliary_storage_callouts_originy": null,
        "auxiliary_storage_callouts_destinationx": null,
        "auxiliary_storage_callouts_destinationy": null,
        "city": "Чебоксары"
      },
      "geometry": {
        "type": "MultiPolygon",
        "coordinates": [
          [
            [
              [
                47.29415970272505,
                56.10981940755218
              ],
              [
                47.288707419217516,
                56.10912239797905
              ],
              [
                47.288493218130085,
                56.110282667408065
              ],
              [
                47.289350022479766,
                56.111421574335125
              ],
              [
                47.28059837805057,
                56.11488500926754
              ],
              [
                47.27658059548005,
                56.11872564317725
              ],
              [
                47.28007817540967,
                56.117751064520235
              ],
              [
                47.28727970539327,
                56.115900059410365
              ],
              [
                47.29651045883093,
                56.1130936163238
              ],
              [
                47.29415970272505,
                56.10981940755218
              ]
            ]
          ]
        ]
      }
    },
    {
      "type": "Feature",
      "properties": {
        "qc_id": 195,
        "fid": 176,
        "name": "Вокзал",
        "original_name": null,
        "explainer": "Название связано с железнодорожным вокзалом",
        "Тип названия": "Ассоциация с объектом",
        "idlabel": 97,
        "auxiliary_storage_labeling_labelrotation": null,
        "auxiliary_storage_labeling_positionx": null,
        "auxiliary_storage_labeling_positiony": null,
        "auxiliary_storage_labeling_lineanchorpercent": null,
        "auxiliary_storage_labeling_lineanchorclipping": null,
        "auxiliary_storage_labeling_lineanchortype": null,
        "auxiliary_storage_labeling_lineanchortextpoint": null,
        "auxiliary_storage_labeling_show": null,
        "auxiliary_storage_callouts_originx": null,
        "auxiliary_storage_callouts_originy": null,
        "auxiliary_storage_callouts_destinationx": null,
        "auxiliary_storage_callouts_destinationy": null,
        "city": "Чебоксары"
      },
      "geometry": {
        "type": "MultiPolygon",
        "coordinates": [
          [
            [
              [
                47.262448865632514,
                56.105104255494794
              ],
              [
                47.262085284065726,
                56.10573950106151
              ],
              [
                47.260632344771984,
                56.10910392435123
              ],
              [
                47.261970533483115,
                56.11144290185867
              ],
              [
                47.2658797033287,
                56.11516650629093
              ],
              [
                47.27138773129115,
                56.11951665300245
              ],
              [
                47.27658059548005,
                56.11872564317725
              ],
              [
                47.262448865632514,
                56.105104255494794
              ]
            ]
          ]
        ]
      }
    },
    {
      "type": "Feature",
      "properties": {
        "qc_id": 196,
        "fid": 177,
        "name": "Три дуба",
        "original_name": null,
        "explainer": "Название связано с тремя высотными многоквартирными домами, построенными в ряд среди пятиэтажной застройки.",
        "Тип названия": "Визуальная ассоциация",
        "idlabel": 98,
        "auxiliary_storage_labeling_labelrotation": null,
        "auxiliary_storage_labeling_positionx": null,
        "auxiliary_storage_labeling_positiony": null,
        "auxiliary_storage_labeling_lineanchorpercent": null,
        "auxiliary_storage_labeling_lineanchorclipping": null,
        "auxiliary_storage_labeling_lineanchortype": null,
        "auxiliary_storage_labeling_lineanchortextpoint": null,
        "auxiliary_storage_labeling_show": null,
        "auxiliary_storage_callouts_originx": null,
        "auxiliary_storage_callouts_originy": null,
        "auxiliary_storage_callouts_destinationx": null,
        "auxiliary_storage_callouts_destinationy": null,
        "city": "Чебоксары"
      },
      "geometry": {
        "type": "MultiPolygon",
        "coordinates": [
          [
            [
              [
                47.27020645857375,
                56.11258229371699
              ],
              [
                47.2756310326049,
                56.11078447724931
              ],
              [
                47.2776890744287,
                56.1093210711798
              ],
              [
                47.279161801605376,
                56.10662222197325
              ],
              [
                47.27662543813443,
                56.10562195021097
              ],
              [
                47.271074389545454,
                56.101431055416484
              ],
              [
                47.2681729911333,
                56.100241095092585
              ],
              [
                47.264176487897466,
                56.099546057004005
              ],
              [
                47.262448865632514,
                56.105104255494794
              ],
              [
                47.27020645857375,
                56.11258229371699
              ]
            ]
          ]
        ]
      }
    },
    {
      "type": "Feature",
      "properties": {
        "qc_id": 197,
        "fid": 178,
        "name": "Мадагаскар",
        "original_name": null,
        "explainer": "Название происходит от ТРЦ «Мадагаскар»",
        "Тип названия": "Ассоциация с объектом",
        "idlabel": 99,
        "auxiliary_storage_labeling_labelrotation": null,
        "auxiliary_storage_labeling_positionx": null,
        "auxiliary_storage_labeling_positiony": null,
        "auxiliary_storage_labeling_lineanchorpercent": null,
        "auxiliary_storage_labeling_lineanchorclipping": null,
        "auxiliary_storage_labeling_lineanchortype": null,
        "auxiliary_storage_labeling_lineanchortextpoint": null,
        "auxiliary_storage_labeling_show": null,
        "auxiliary_storage_callouts_originx": null,
        "auxiliary_storage_callouts_originy": null,
        "auxiliary_storage_callouts_destinationx": null,
        "auxiliary_storage_callouts_destinationy": null,
        "city": "Чебоксары"
      },
      "geometry": {
        "type": "MultiPolygon",
        "coordinates": [
          [
            [
              [
                47.27658059548005,
                56.11872564317725
              ],
              [
                47.28059837805057,
                56.11488500926754
              ],
              [
                47.289350022479766,
                56.111421574335125
              ],
              [
                47.288493218130085,
                56.110282667408065
              ],
              [
                47.288707419217516,
                56.10912239797905
              ],
              [
                47.29415970272505,
                56.10981940755218
              ],
              [
                47.29365620625439,
                56.10836649335049
              ],
              [
                47.279161801605376,
                56.10662222197325
              ],
              [
                47.2776890744287,
                56.1093210711798
              ],
              [
                47.2756310326049,
                56.11078447724931
              ],
              [
                47.27020645857375,
                56.11258229371699
              ],
              [
                47.27658059548005,
                56.11872564317725
              ]
            ]
          ]
        ]
      }
    },
    {
      "type": "Feature",
      "properties": {
        "qc_id": 198,
        "fid": 179,
        "name": "Газопровод",
        "original_name": null,
        "explainer": "Название связано с объектами газопроводной и энергетической инфраструктуры, а также с одноимённой остановкой общественного транспорта.",
        "Тип названия": "Ассоциация с объектом",
        "idlabel": 100,
        "auxiliary_storage_labeling_labelrotation": null,
        "auxiliary_storage_labeling_positionx": null,
        "auxiliary_storage_labeling_positiony": null,
        "auxiliary_storage_labeling_lineanchorpercent": null,
        "auxiliary_storage_labeling_lineanchorclipping": null,
        "auxiliary_storage_labeling_lineanchortype": null,
        "auxiliary_storage_labeling_lineanchortextpoint": null,
        "auxiliary_storage_labeling_show": null,
        "auxiliary_storage_callouts_originx": null,
        "auxiliary_storage_callouts_originy": null,
        "auxiliary_storage_callouts_destinationx": null,
        "auxiliary_storage_callouts_destinationy": null,
        "city": "Чебоксары"
      },
      "geometry": {
        "type": "MultiPolygon",
        "coordinates": [
          [
            [
              [
                47.265712152132956,
                56.09502449284981
              ],
              [
                47.264176487897466,
                56.099546057004005
              ],
              [
                47.2681729911333,
                56.100241095092585
              ],
              [
                47.271074389545454,
                56.101431055416484
              ],
              [
                47.27662543813443,
                56.10562195021097
              ],
              [
                47.279161801605376,
                56.10662222197325
              ],
              [
                47.28383173137069,
                56.09761884031382
              ],
              [
                47.265712152132956,
                56.09502449284981
              ]
            ]
          ]
        ]
      }
    },
    {
      "type": "Feature",
      "properties": {
        "qc_id": 199,
        "fid": 180,
        "name": "Молочка",
        "original_name": null,
        "explainer": "Вероятно, в geojson имеется в виду «Молочка»: название происходит от городского молочного завода.",
        "Тип названия": "Ассоциация с объектом",
        "idlabel": 101,
        "auxiliary_storage_labeling_labelrotation": null,
        "auxiliary_storage_labeling_positionx": null,
        "auxiliary_storage_labeling_positiony": null,
        "auxiliary_storage_labeling_lineanchorpercent": null,
        "auxiliary_storage_labeling_lineanchorclipping": null,
        "auxiliary_storage_labeling_lineanchortype": null,
        "auxiliary_storage_labeling_lineanchortextpoint": null,
        "auxiliary_storage_labeling_show": null,
        "auxiliary_storage_callouts_originx": null,
        "auxiliary_storage_callouts_originy": null,
        "auxiliary_storage_callouts_destinationx": null,
        "auxiliary_storage_callouts_destinationy": null,
        "city": "Чебоксары"
      },
      "geometry": {
        "type": "MultiPolygon",
        "coordinates": [
          [
            [
              [
                47.30073033166709,
                56.10075358988866
              ],
              [
                47.29139047213641,
                56.09875973616098
              ],
              [
                47.28383173137069,
                56.09761884031382
              ],
              [
                47.279161801605376,
                56.10662222197325
              ],
              [
                47.29365620625439,
                56.10836649335049
              ],
              [
                47.30073033166709,
                56.10075358988866
              ]
            ]
          ]
        ]
      }
    },
    {
      "type": "Feature",
      "properties": {
        "qc_id": 200,
        "fid": 181,
        "name": "Рябинка",
        "original_name": null,
        "explainer": "Название связано с деревней, которая располагалась неподалёку",
        "Тип названия": "Ассоциация с официальным названием",
        "idlabel": 102,
        "auxiliary_storage_labeling_labelrotation": null,
        "auxiliary_storage_labeling_positionx": null,
        "auxiliary_storage_labeling_positiony": null,
        "auxiliary_storage_labeling_lineanchorpercent": null,
        "auxiliary_storage_labeling_lineanchorclipping": null,
        "auxiliary_storage_labeling_lineanchortype": null,
        "auxiliary_storage_labeling_lineanchortextpoint": null,
        "auxiliary_storage_labeling_show": null,
        "auxiliary_storage_callouts_originx": null,
        "auxiliary_storage_callouts_originy": null,
        "auxiliary_storage_callouts_destinationx": null,
        "auxiliary_storage_callouts_destinationy": null,
        "city": "Чебоксары"
      },
      "geometry": {
        "type": "MultiPolygon",
        "coordinates": [
          [
            [
              [
                47.26778907507441,
                56.086359018397886
              ],
              [
                47.265712152132956,
                56.09502449284981
              ],
              [
                47.28383173137069,
                56.09761884031382
              ],
              [
                47.28850795484191,
                56.08940690348141
              ],
              [
                47.282893969194106,
                56.088866167274624
              ],
              [
                47.27863942401706,
                56.087609101821386
              ],
              [
                47.272597466369184,
                56.08645031799869
              ],
              [
                47.26778907507441,
                56.086359018397886
              ]
            ]
          ]
        ]
      }
    },
    {
      "type": "Feature",
      "properties": {
        "qc_id": 201,
        "fid": 182,
        "name": "Кадыковка",
        "original_name": null,
        "explainer": "Название образовано от улицы Кадыкова",
        "Тип названия": "Ассоциация с официальным названием",
        "idlabel": 103,
        "auxiliary_storage_labeling_labelrotation": null,
        "auxiliary_storage_labeling_positionx": null,
        "auxiliary_storage_labeling_positiony": null,
        "auxiliary_storage_labeling_lineanchorpercent": null,
        "auxiliary_storage_labeling_lineanchorclipping": null,
        "auxiliary_storage_labeling_lineanchortype": null,
        "auxiliary_storage_labeling_lineanchortextpoint": null,
        "auxiliary_storage_labeling_show": null,
        "auxiliary_storage_callouts_originx": null,
        "auxiliary_storage_callouts_originy": null,
        "auxiliary_storage_callouts_destinationx": null,
        "auxiliary_storage_callouts_destinationy": null,
        "city": "Чебоксары"
      },
      "geometry": {
        "type": "MultiPolygon",
        "coordinates": [
          [
            [
              [
                47.29365620625439,
                56.10836649335049
              ],
              [
                47.32790025996489,
                56.11010717632129
              ],
              [
                47.32730865161187,
                56.10839456950694
              ],
              [
                47.32516879161158,
                56.10669592518019
              ],
              [
                47.30073033166709,
                56.10075358988866
              ],
              [
                47.29365620625439,
                56.10836649335049
              ]
            ]
          ]
        ]
      }
    },
    {
      "type": "Feature",
      "properties": {
        "qc_id": 202,
        "fid": 183,
        "name": "Африка",
        "original_name": null,
        "explainer": "Название возникло из-за большого количества строительного песка на недостроенной территории, где жители загорали «словно в Африке».",
        "Тип названия": "Визуальная ассоциация",
        "idlabel": 104,
        "auxiliary_storage_labeling_labelrotation": null,
        "auxiliary_storage_labeling_positionx": null,
        "auxiliary_storage_labeling_positiony": null,
        "auxiliary_storage_labeling_lineanchorpercent": null,
        "auxiliary_storage_labeling_lineanchorclipping": null,
        "auxiliary_storage_labeling_lineanchortype": null,
        "auxiliary_storage_labeling_lineanchortextpoint": null,
        "auxiliary_storage_labeling_show": null,
        "auxiliary_storage_callouts_originx": null,
        "auxiliary_storage_callouts_originy": null,
        "auxiliary_storage_callouts_destinationx": null,
        "auxiliary_storage_callouts_destinationy": null,
        "city": "Чебоксары"
      },
      "geometry": {
        "type": "MultiPolygon",
        "coordinates": [
          [
            [
              [
                47.28850795484191,
                56.08940690348141
              ],
              [
                47.28383173137069,
                56.09761884031382
              ],
              [
                47.29139047213641,
                56.09875973616098
              ],
              [
                47.30073033166709,
                56.10075358988866
              ],
              [
                47.32516879161158,
                56.10669592518019
              ],
              [
                47.32730865161187,
                56.10839456950694
              ],
              [
                47.32790025996489,
                56.11010717632129
              ],
              [
                47.33942954243032,
                56.109918108973105
              ],
              [
                47.344212758901556,
                56.10845817947314
              ],
              [
                47.33313583654708,
                56.10621202595173
              ],
              [
                47.333337235135346,
                56.10281446968951
              ],
              [
                47.33097080172325,
                56.10233710304906
              ],
              [
                47.3281008718405,
                56.102252861262755
              ],
              [
                47.328402969722895,
                56.10121386407472
              ],
              [
                47.33036660595845,
                56.0971980167345
              ],
              [
                47.32885611654648,
                56.09534440745687
              ],
              [
                47.32226031278086,
                56.09500737800167
              ],
              [
                47.32155541772194,
                56.095990372334455
              ],
              [
                47.32266310995739,
                56.09832137287116
              ],
              [
                47.319088285015724,
                56.099360448119036
              ],
              [
                47.318030942427335,
                56.10096113078913
              ],
              [
                47.308363810190706,
                56.09843370668228
              ],
              [
                47.299200174424726,
                56.09427713739614
              ],
              [
                47.292100874188456,
                56.090176298326426
              ],
              [
                47.28850795484191,
                56.08940690348141
              ]
            ]
          ]
        ]
      }
    },
    {
      "type": "Feature",
      "properties": {
        "qc_id": 203,
        "fid": 184,
        "name": "Альгешка",
        "original_name": null,
        "explainer": "Название образовано от села Альгешево, включённого в состав города",
        "Тип названия": "Ассоциация с официальным названием",
        "idlabel": 105,
        "auxiliary_storage_labeling_labelrotation": null,
        "auxiliary_storage_labeling_positionx": null,
        "auxiliary_storage_labeling_positiony": null,
        "auxiliary_storage_labeling_lineanchorpercent": null,
        "auxiliary_storage_labeling_lineanchorclipping": null,
        "auxiliary_storage_labeling_lineanchortype": null,
        "auxiliary_storage_labeling_lineanchortextpoint": null,
        "auxiliary_storage_labeling_show": null,
        "auxiliary_storage_callouts_originx": null,
        "auxiliary_storage_callouts_originy": null,
        "auxiliary_storage_callouts_destinationx": null,
        "auxiliary_storage_callouts_destinationy": null,
        "city": "Чебоксары"
      },
      "geometry": {
        "type": "MultiPolygon",
        "coordinates": [
          [
            [
              [
                47.28656241301124,
                56.051421486657716
              ],
              [
                47.28223234336358,
                56.0578880136547
              ],
              [
                47.278808567363114,
                56.06452210567545
              ],
              [
                47.28102395183401,
                56.0693564028227
              ],
              [
                47.27933723865729,
                56.07230727458837
              ],
              [
                47.286940035364225,
                56.07629761800957
              ],
              [
                47.2969478144313,
                56.07883308039627
              ],
              [
                47.306777796308154,
                56.07818024221961
              ],
              [
                47.311032341485216,
                56.073459458424146
              ],
              [
                47.30730646760235,
                56.06991849105294
              ],
              [
                47.297639335365716,
                56.06665826521814
              ],
              [
                47.29250367136501,
                56.060418098648704
              ],
              [
                47.296128845953746,
                56.05721329628588
              ],
              [
                47.29794143324811,
                56.04860961498609
              ],
              [
                47.28656241301124,
                56.051421486657716
              ]
            ]
          ]
        ]
      }
    },
    {
      "type": "Feature",
      "properties": {
        "qc_id": 204,
        "fid": 185,
        "name": "Пентагон",
        "original_name": null,
        "explainer": "Этот район так называется, потому что здесь выдавали квартиры сотрудникам правоохранительных органов от ОМОНа до ГАИшников.",
        "Тип названия": "Другое",
        "idlabel": 106,
        "auxiliary_storage_labeling_labelrotation": null,
        "auxiliary_storage_labeling_positionx": null,
        "auxiliary_storage_labeling_positiony": null,
        "auxiliary_storage_labeling_lineanchorpercent": null,
        "auxiliary_storage_labeling_lineanchorclipping": null,
        "auxiliary_storage_labeling_lineanchortype": null,
        "auxiliary_storage_labeling_lineanchortextpoint": null,
        "auxiliary_storage_labeling_show": null,
        "auxiliary_storage_callouts_originx": null,
        "auxiliary_storage_callouts_originy": null,
        "auxiliary_storage_callouts_destinationx": null,
        "auxiliary_storage_callouts_destinationy": null,
        "city": "Чебоксары"
      },
      "geometry": {
        "type": "MultiPolygon",
        "coordinates": [
          [
            [
              [
                47.27095480913368,
                56.07911054424759
              ],
              [
                47.29228704423476,
                56.08431812562805
              ],
              [
                47.2969478144313,
                56.07883308039627
              ],
              [
                47.286940035364225,
                56.07629761800957
              ],
              [
                47.27933723865729,
                56.07230727458837
              ],
              [
                47.27596381230388,
                56.075651322820235
              ],
              [
                47.27095480913368,
                56.07911054424759
              ]
            ]
          ]
        ]
      }
    },
    {
      "type": "Feature",
      "properties": {
        "qc_id": 205,
        "fid": 186,
        "name": "Южный",
        "original_name": null,
        "explainer": "Название объясняется положением района: он действительно был самым южным районом города до новых застроек и включения Альгешево.",
        "Тип названия": "Визуальная ассоциация",
        "idlabel": 107,
        "auxiliary_storage_labeling_labelrotation": null,
        "auxiliary_storage_labeling_positionx": null,
        "auxiliary_storage_labeling_positiony": null,
        "auxiliary_storage_labeling_lineanchorpercent": null,
        "auxiliary_storage_labeling_lineanchorclipping": null,
        "auxiliary_storage_labeling_lineanchortype": null,
        "auxiliary_storage_labeling_lineanchortextpoint": null,
        "auxiliary_storage_labeling_show": null,
        "auxiliary_storage_callouts_originx": null,
        "auxiliary_storage_callouts_originy": null,
        "auxiliary_storage_callouts_destinationx": null,
        "auxiliary_storage_callouts_destinationy": null,
        "city": "Чебоксары"
      },
      "geometry": {
        "type": "MultiPolygon",
        "coordinates": [
          [
            [
              [
                47.27095480913368,
                56.07911054424759
              ],
              [
                47.26899038618527,
                56.08069494748455
              ],
              [
                47.267630945714494,
                56.082268310883784
              ],
              [
                47.26808409253809,
                56.084628235513485
              ],
              [
                47.26778907507441,
                56.086359018397886
              ],
              [
                47.272597466369184,
                56.08645031799869
              ],
              [
                47.27863942401706,
                56.087609101821386
              ],
              [
                47.282893969194106,
                56.088866167274624
              ],
              [
                47.28850795484191,
                56.08940690348141
              ],
              [
                47.292100874188456,
                56.090176298326426
              ],
              [
                47.299200174424726,
                56.09427713739614
              ],
              [
                47.308363810190706,
                56.09843370668228
              ],
              [
                47.31206237271534,
                56.099400697232184
              ],
              [
                47.31412884477976,
                56.09775969889951
              ],
              [
                47.30833863536719,
                56.09590611666058
              ],
              [
                47.31020157230863,
                56.093434534875
              ],
              [
                47.31110786595582,
                56.09146839062869
              ],
              [
                47.31151066313234,
                56.08969877498374
              ],
              [
                47.31176241136767,
                56.08809762410052
              ],
              [
                47.31468269089749,
                56.08846280472239
              ],
              [
                47.31468269089749,
                56.08613120739258
              ],
              [
                47.31246730642658,
                56.084024220950774
              ],
              [
                47.31372604760323,
                56.0817204505628
              ],
              [
                47.31332325042671,
                56.08025945161915
              ],
              [
                47.306777796308154,
                56.07818024221961
              ],
              [
                47.2969478144313,
                56.07883308039627
              ],
              [
                47.29228704423476,
                56.08431812562805
              ],
              [
                47.27095480913368,
                56.07911054424759
              ]
            ]
          ]
        ]
      }
    },
    {
      "type": "Feature",
      "properties": {
        "qc_id": 206,
        "fid": 187,
        "name": "4",
        "original_name": null,
        "explainer": "В geojson объект имеет техническое или ошибочное название «4». В пояснительной записке соответствующий топоним не обнаружен, поэтому объект стоит проверить и переименовать перед финальным использованием.",
        "Тип названия": "Другое",
        "idlabel": 108,
        "auxiliary_storage_labeling_labelrotation": null,
        "auxiliary_storage_labeling_positionx": null,
        "auxiliary_storage_labeling_positiony": null,
        "auxiliary_storage_labeling_lineanchorpercent": null,
        "auxiliary_storage_labeling_lineanchorclipping": null,
        "auxiliary_storage_labeling_lineanchortype": null,
        "auxiliary_storage_labeling_lineanchortextpoint": null,
        "auxiliary_storage_labeling_show": null,
        "auxiliary_storage_callouts_originx": null,
        "auxiliary_storage_callouts_originy": null,
        "auxiliary_storage_callouts_destinationx": null,
        "auxiliary_storage_callouts_destinationy": null,
        "city": "Пермь"
      },
      "geometry": {
        "type": "MultiPolygon",
        "coordinates": []
      }
    },
    {
      "type": "Feature",
      "properties": {
        "qc_id": 207,
        "fid": 188,
        "name": "Мигалово",
        "original_name": null,
        "explainer": null,
        "Тип названия": "Инфраструктурный объект",
        "idlabel": 109,
        "auxiliary_storage_labeling_labelrotation": null,
        "auxiliary_storage_labeling_positionx": null,
        "auxiliary_storage_labeling_positiony": null,
        "auxiliary_storage_labeling_lineanchorpercent": null,
        "auxiliary_storage_labeling_lineanchorclipping": null,
        "auxiliary_storage_labeling_lineanchortype": null,
        "auxiliary_storage_labeling_lineanchortextpoint": null,
        "auxiliary_storage_labeling_show": null,
        "auxiliary_storage_callouts_originx": null,
        "auxiliary_storage_callouts_originy": null,
        "auxiliary_storage_callouts_destinationx": null,
        "auxiliary_storage_callouts_destinationy": null,
        "city": "Тверь",
        "photos": null
      },
      "geometry": {
        "type": "MultiPolygon",
        "coordinates": [
          [
            [
              [
                35.790687963986905,
                56.84905140858177
              ],
              [
                35.792293666582495,
                56.84190163796374
              ],
              [
                35.793132466445854,
                56.83996159296969
              ],
              [
                35.794642306199904,
                56.83789035289122
              ],
              [
                35.79640378591297,
                56.83621885725585
              ],
              [
                35.79871647696482,
                56.83420640860735
              ],
              [
                35.80037011098117,
                56.83318375481885
              ],
              [
                35.79994860000001,
                56.83238380000002
              ],
              [
                35.79779950000001,
                56.82827639999999
              ],
              [
                35.7901044,
                56.8264975
              ],
              [
                35.7701664,
                56.8230027
              ],
              [
                35.7679873,
                56.82203799999999
              ],
              [
                35.7616767,
                56.8176606
              ],
              [
                35.7599731,
                56.817193700000004
              ],
              [
                35.7588178,
                56.81645570000001
              ],
              [
                35.7433418,
                56.8160917
              ],
              [
                35.7309988,
                56.819144
              ],
              [
                35.72730120000001,
                56.8253055
              ],
              [
                35.7239737,
                56.826060700000006
              ],
              [
                35.7276293,
                56.835382200000005
              ],
              [
                35.7223742,
                56.83513170000003
              ],
              [
                35.72141729999999,
                56.8359387
              ],
              [
                35.7215606,
                56.8365438
              ],
              [
                35.7252607,
                56.83715189999999
              ],
              [
                35.7271892,
                56.8371549
              ],
              [
                35.7297909,
                56.83651970000002
              ],
              [
                35.7355213,
                56.83713039999999
              ],
              [
                35.74048129999999,
                56.838403099999994
              ],
              [
                35.74033580047239,
                56.83865197308855
              ],
              [
                35.7427325775128,
                56.839407744109565
              ],
              [
                35.743876940183526,
                56.83986000000545
              ],
              [
                35.74594997413156,
                56.84072844709521
              ],
              [
                35.74793912809326,
                56.841567380623786
              ],
              [
                35.752504595921,
                56.84312722267473
              ],
              [
                35.75735765227333,
                56.844408472877696
              ],
              [
                35.759616420476824,
                56.84495569425308
              ],
              [
                35.762007000087415,
                56.845453757053164
              ],
              [
                35.76478103106412,
                56.84588627989735
              ],
              [
                35.76837588762139,
                56.84626637160392
              ],
              [
                35.770209264465606,
                56.84647279910296
              ],
              [
                35.77141953283989,
                56.846780799921305
              ],
              [
                35.773151055414985,
                56.84707569194668
              ],
              [
                35.774672878024234,
                56.84741317663564
              ],
              [
                35.77597900924005,
                56.84784240033858
              ],
              [
                35.77741695186295,
                56.84804554266495
              ],
              [
                35.77998128287382,
                56.84840267730736
              ],
              [
                35.78280923669888,
                56.84863858089011
              ],
              [
                35.790687963986905,
                56.84905140858177
              ]
            ]
          ]
        ]
      }
    },
    {
      "type": "Feature",
      "properties": {
        "qc_id": 208,
        "fid": 189,
        "name": "Казармы",
        "original_name": null,
        "explainer": null,
        "Тип названия": "Исторический объект",
        "idlabel": 110,
        "auxiliary_storage_labeling_labelrotation": null,
        "auxiliary_storage_labeling_positionx": null,
        "auxiliary_storage_labeling_positiony": null,
        "auxiliary_storage_labeling_lineanchorpercent": null,
        "auxiliary_storage_labeling_lineanchorclipping": null,
        "auxiliary_storage_labeling_lineanchortype": null,
        "auxiliary_storage_labeling_lineanchortextpoint": null,
        "auxiliary_storage_labeling_show": null,
        "auxiliary_storage_callouts_originx": null,
        "auxiliary_storage_callouts_originy": null,
        "auxiliary_storage_callouts_destinationx": null,
        "auxiliary_storage_callouts_destinationy": null,
        "city": "Тверь",
        "photos": null
      },
      "geometry": {
        "type": "MultiPolygon",
        "coordinates": [
          [
            [
              [
                35.859379681368914,
                56.84904485579685
              ],
              [
                35.86515541757095,
                56.84988360294248
              ],
              [
                35.86532317754362,
                56.849595285731525
              ],
              [
                35.86791147426486,
                56.85000155025217
              ],
              [
                35.86829492563097,
                56.849896708217464
              ],
              [
                35.86762388574028,
                56.848343701179324
              ],
              [
                35.86857053130036,
                56.84749836646441
              ],
              [
                35.868750274128224,
                56.84701343715703
              ],
              [
                35.86531119468843,
                56.84643675628835
              ],
              [
                35.864352566273155,
                56.84654160801629
              ],
              [
                35.859080109989144,
                56.848848271715326
              ],
              [
                35.859379681368914,
                56.84904485579685
              ]
            ]
          ]
        ]
      }
    },
    {
      "type": "Feature",
      "properties": {
        "qc_id": 209,
        "fid": 190,
        "name": "Соминка",
        "original_name": null,
        "explainer": null,
        "Тип названия": "Природный объект",
        "idlabel": 111,
        "auxiliary_storage_labeling_labelrotation": null,
        "auxiliary_storage_labeling_positionx": null,
        "auxiliary_storage_labeling_positiony": null,
        "auxiliary_storage_labeling_lineanchorpercent": null,
        "auxiliary_storage_labeling_lineanchorclipping": null,
        "auxiliary_storage_labeling_lineanchortype": null,
        "auxiliary_storage_labeling_lineanchortextpoint": null,
        "auxiliary_storage_labeling_show": null,
        "auxiliary_storage_callouts_originx": null,
        "auxiliary_storage_callouts_originy": null,
        "auxiliary_storage_callouts_destinationx": null,
        "auxiliary_storage_callouts_destinationy": null,
        "city": "Тверь",
        "photos": null
      },
      "geometry": {
        "type": "MultiPolygon",
        "coordinates": [
          [
            [
              [
                35.854758591352756,
                56.89618952179088
              ],
              [
                35.8549407,
                56.89666
              ],
              [
                35.8566194,
                56.8987034
              ],
              [
                35.8605667,
                56.90096820000001
              ],
              [
                35.8655471,
                56.898504600000024
              ],
              [
                35.8694779,
                56.89634289999999
              ],
              [
                35.8745527,
                56.898441100000014
              ],
              [
                35.87895030000001,
                56.89428900000001
              ],
              [
                35.8856743,
                56.893338899999996
              ],
              [
                35.88762406665881,
                56.897562683474234
              ],
              [
                35.90061268608091,
                56.895645434018114
              ],
              [
                35.919018351654174,
                56.893760534863986
              ],
              [
                35.92000094577983,
                56.89122100646677
              ],
              [
                35.920935608484726,
                56.88917878625375
              ],
              [
                35.92107940274701,
                56.88786961202278
              ],
              [
                35.91997698006945,
                56.88625926481274
              ],
              [
                35.918491106025776,
                56.88493689529777
              ],
              [
                35.91672962631271,
                56.883653759357195
              ],
              [
                35.915315649400185,
                56.88198430736935
              ],
              [
                35.91429710670895,
                56.88047846318192
              ],
              [
                35.9151478894275,
                56.879411241221014
              ],
              [
                35.916837472009426,
                56.87734873207194
              ],
              [
                35.916549883484855,
                56.87613081609
              ],
              [
                35.89565178403186,
                56.87911660402406
              ],
              [
                35.86804328567195,
                56.88474704632833
              ],
              [
                35.854758591352756,
                56.89618952179088
              ]
            ]
          ]
        ]
      }
    },
    {
      "type": "Feature",
      "properties": {
        "qc_id": 210,
        "fid": 191,
        "name": "Вагонка",
        "original_name": null,
        "explainer": null,
        "Тип названия": "Инфраструктурный объект",
        "idlabel": 112,
        "auxiliary_storage_labeling_labelrotation": null,
        "auxiliary_storage_labeling_positionx": null,
        "auxiliary_storage_labeling_positiony": null,
        "auxiliary_storage_labeling_lineanchorpercent": null,
        "auxiliary_storage_labeling_lineanchorclipping": null,
        "auxiliary_storage_labeling_lineanchortype": null,
        "auxiliary_storage_labeling_lineanchortextpoint": null,
        "auxiliary_storage_labeling_show": null,
        "auxiliary_storage_callouts_originx": null,
        "auxiliary_storage_callouts_originy": null,
        "auxiliary_storage_callouts_destinationx": null,
        "auxiliary_storage_callouts_destinationy": null,
        "city": "Тверь",
        "photos": null
      },
      "geometry": {
        "type": "MultiPolygon",
        "coordinates": [
          [
            [
              [
                35.8444614061959,
                56.861454815663016
              ],
              [
                35.834659051110016,
                56.87372105895555
              ],
              [
                35.83453922255811,
                56.87497834292597
              ],
              [
                35.83509043389689,
                56.87582960494233
              ],
              [
                35.83590526804987,
                56.8764320248108
              ],
              [
                35.83950012460714,
                56.8781213678769
              ],
              [
                35.84242394127373,
                56.8794177886879
              ],
              [
                35.844149472421236,
                56.87987610852011
              ],
              [
                35.8453717236507,
                56.8799284875717
              ],
              [
                35.850116934306314,
                56.87986301374574
              ],
              [
                35.85316057952482,
                56.8803082335006
              ],
              [
                35.85780992733889,
                56.883843613880366
              ],
              [
                35.86804328567195,
                56.88474704632833
              ],
              [
                35.89101086616579,
                56.880063126260815
              ],
              [
                35.888162499537515,
                56.875973662750525
              ],
              [
                35.88224296907319,
                56.87501763236878
              ],
              [
                35.880461602707406,
                56.87518048906687
              ],
              [
                35.87995332464636,
                56.874205100389844
              ],
              [
                35.87721098720064,
                56.872603082311215
              ],
              [
                35.87484046894163,
                56.869008800852136
              ],
              [
                35.8734376235145,
                56.86891859695685
              ],
              [
                35.86894405281789,
                56.86801478191167
              ],
              [
                35.8610114026815,
                56.865558652434096
              ],
              [
                35.85494807795489,
                56.86396699440099
              ],
              [
                35.849903049753834,
                56.86263723227251
              ],
              [
                35.8444614061959,
                56.861454815663016
              ]
            ]
          ]
        ]
      }
    },
    {
      "type": "Feature",
      "properties": {
        "qc_id": 211,
        "fid": 192,
        "name": "Карьеры",
        "original_name": null,
        "explainer": null,
        "Тип названия": "Инфраструктурный объект",
        "idlabel": 113,
        "auxiliary_storage_labeling_labelrotation": null,
        "auxiliary_storage_labeling_positionx": null,
        "auxiliary_storage_labeling_positiony": null,
        "auxiliary_storage_labeling_lineanchorpercent": null,
        "auxiliary_storage_labeling_lineanchorclipping": null,
        "auxiliary_storage_labeling_lineanchortype": null,
        "auxiliary_storage_labeling_lineanchortextpoint": null,
        "auxiliary_storage_labeling_show": null,
        "auxiliary_storage_callouts_originx": null,
        "auxiliary_storage_callouts_originy": null,
        "auxiliary_storage_callouts_destinationx": null,
        "auxiliary_storage_callouts_destinationy": null,
        "city": "Тверь",
        "photos": null
      },
      "geometry": {
        "type": "MultiPolygon",
        "coordinates": [
          [
            [
              [
                35.8828612,
                56.92524080000001
              ],
              [
                35.8920123,
                56.92546560000002
              ],
              [
                35.8921818,
                56.92639170000001
              ],
              [
                35.8962183,
                56.926360200000005
              ],
              [
                35.897239512344655,
                56.92625517901223
              ],
              [
                35.89757503228999,
                56.92535601991422
              ],
              [
                35.90017531186641,
                56.924532044188645
              ],
              [
                35.90010341473527,
                56.92216464762048
              ],
              [
                35.899456340554956,
                56.92205346784643
              ],
              [
                35.89848572928449,
                56.919201920458114
              ],
              [
                35.893692587208115,
                56.91722663835037
              ],
              [
                35.888300302372194,
                56.91934581109628
              ],
              [
                35.8827409,
                56.91927110000002
              ],
              [
                35.8828612,
                56.92524080000001
              ]
            ]
          ]
        ]
      }
    },
    {
      "type": "Feature",
      "properties": {
        "qc_id": 212,
        "fid": 193,
        "name": "ТЭЦ",
        "original_name": null,
        "explainer": null,
        "Тип названия": "Инфраструктурный объект",
        "idlabel": 114,
        "auxiliary_storage_labeling_labelrotation": null,
        "auxiliary_storage_labeling_positionx": null,
        "auxiliary_storage_labeling_positiony": null,
        "auxiliary_storage_labeling_lineanchorpercent": null,
        "auxiliary_storage_labeling_lineanchorclipping": null,
        "auxiliary_storage_labeling_lineanchortype": null,
        "auxiliary_storage_labeling_lineanchortextpoint": null,
        "auxiliary_storage_labeling_show": null,
        "auxiliary_storage_callouts_originx": null,
        "auxiliary_storage_callouts_originy": null,
        "auxiliary_storage_callouts_destinationx": null,
        "auxiliary_storage_callouts_destinationy": null,
        "city": "Тверь",
        "photos": null
      },
      "geometry": {
        "type": "MultiPolygon",
        "coordinates": [
          [
            [
              [
                35.89889314636097,
                56.913655167601746
              ],
              [
                35.906154756606675,
                56.90784589194888
              ],
              [
                35.909222367535556,
                56.908159929958735
              ],
              [
                35.91382378392887,
                56.90682525017606
              ],
              [
                35.91693932627851,
                56.90398562565251
              ],
              [
                35.91890451452983,
                56.90145987955216
              ],
              [
                35.91149911002183,
                56.89876381701116
              ],
              [
                35.89553794690751,
                56.911601090098316
              ],
              [
                35.89584950114248,
                56.91256926809786
              ],
              [
                35.89889314636097,
                56.913655167601746
              ]
            ]
          ]
        ]
      }
    },
    {
      "type": "Feature",
      "properties": {
        "qc_id": 213,
        "fid": 194,
        "name": "Выставка",
        "original_name": null,
        "explainer": null,
        "Тип названия": "Исторический объект",
        "idlabel": 115,
        "auxiliary_storage_labeling_labelrotation": null,
        "auxiliary_storage_labeling_positionx": null,
        "auxiliary_storage_labeling_positiony": null,
        "auxiliary_storage_labeling_lineanchorpercent": null,
        "auxiliary_storage_labeling_lineanchorclipping": null,
        "auxiliary_storage_labeling_lineanchortype": null,
        "auxiliary_storage_labeling_lineanchortextpoint": null,
        "auxiliary_storage_labeling_show": null,
        "auxiliary_storage_callouts_originx": null,
        "auxiliary_storage_callouts_originy": null,
        "auxiliary_storage_callouts_destinationx": null,
        "auxiliary_storage_callouts_destinationy": null,
        "city": "Тверь",
        "photos": null
      },
      "geometry": {
        "type": "MultiPolygon",
        "coordinates": [
          [
            [
              [
                36.0430007,
                56.9009803
              ],
              [
                36.0447182,
                56.9038562
              ],
              [
                36.0508989,
                56.905891100000005
              ],
              [
                36.0511949,
                56.907891000000006
              ],
              [
                36.0600133,
                56.907891000000006
              ],
              [
                36.0561249,
                56.900497600000016
              ],
              [
                36.0584163,
                56.900004599999995
              ],
              [
                36.060916,
                56.902279700000015
              ],
              [
                36.0682068,
                56.90076300000001
              ],
              [
                36.0649584,
                56.8954003
              ],
              [
                36.0588419,
                56.89429610000001
              ],
              [
                36.0583059337664,
                56.89431111650374
              ],
              [
                36.0537915,
                56.8944376
              ],
              [
                36.0520306,
                56.893778400000016
              ],
              [
                36.04949760000001,
                56.8925729
              ],
              [
                36.0490508,
                56.89227939999999
              ],
              [
                36.0453862,
                56.893429299999994
              ],
              [
                36.0439283,
                56.89277560000002
              ],
              [
                36.040112,
                56.894552100000006
              ],
              [
                36.0375516,
                56.89570850000001
              ],
              [
                36.0363392,
                56.8959649
              ],
              [
                36.0368853,
                56.897160500000005
              ],
              [
                36.037084300000004,
                56.898168000000005
              ],
              [
                36.0402655,
                56.900889
              ],
              [
                36.0410175,
                56.9013367
              ],
              [
                36.0430007,
                56.9009803
              ]
            ]
          ]
        ]
      }
    },
    {
      "type": "Feature",
      "properties": {
        "qc_id": 214,
        "fid": 195,
        "name": "Стекляшка",
        "original_name": null,
        "explainer": null,
        "Тип названия": "Инфраструктурный объект",
        "idlabel": 116,
        "auxiliary_storage_labeling_labelrotation": null,
        "auxiliary_storage_labeling_positionx": null,
        "auxiliary_storage_labeling_positiony": null,
        "auxiliary_storage_labeling_lineanchorpercent": null,
        "auxiliary_storage_labeling_lineanchorclipping": null,
        "auxiliary_storage_labeling_lineanchortype": null,
        "auxiliary_storage_labeling_lineanchortextpoint": null,
        "auxiliary_storage_labeling_show": null,
        "auxiliary_storage_callouts_originx": null,
        "auxiliary_storage_callouts_originy": null,
        "auxiliary_storage_callouts_destinationx": null,
        "auxiliary_storage_callouts_destinationy": null,
        "city": "Тверь",
        "photos": null
      },
      "geometry": {
        "type": "MultiPolygon",
        "coordinates": [
          [
            [
              [
                35.96291360322518,
                56.8634364266708
              ],
              [
                35.96497465431803,
                56.86618743694201
              ],
              [
                35.9648787914765,
                56.86697340271073
              ],
              [
                35.987598284918505,
                56.86728778439319
              ],
              [
                35.98687931360705,
                56.85832687073068
              ],
              [
                35.96291360322518,
                56.8634364266708
              ]
            ]
          ]
        ]
      }
    },
    {
      "type": "Feature",
      "properties": {
        "qc_id": 215,
        "fid": 196,
        "name": "Силикатка",
        "original_name": null,
        "explainer": null,
        "Тип названия": "Инфраструктурный объект",
        "idlabel": 117,
        "auxiliary_storage_labeling_labelrotation": null,
        "auxiliary_storage_labeling_positionx": null,
        "auxiliary_storage_labeling_positiony": null,
        "auxiliary_storage_labeling_lineanchorpercent": null,
        "auxiliary_storage_labeling_lineanchorclipping": null,
        "auxiliary_storage_labeling_lineanchortype": null,
        "auxiliary_storage_labeling_lineanchortextpoint": null,
        "auxiliary_storage_labeling_show": null,
        "auxiliary_storage_callouts_originx": null,
        "auxiliary_storage_callouts_originy": null,
        "auxiliary_storage_callouts_destinationx": null,
        "auxiliary_storage_callouts_destinationy": null,
        "city": "Тверь",
        "photos": null
      },
      "geometry": {
        "type": "MultiPolygon",
        "coordinates": [
          [
            [
              [
                35.96109220923616,
                56.860986547200675
              ],
              [
                35.95714385845075,
                56.86150404847742
              ],
              [
                35.952942369848756,
                56.86143690472858
              ],
              [
                35.95267425346386,
                56.86716252325824
              ],
              [
                35.95338723334772,
                56.869657842478674
              ],
              [
                35.95484914168101,
                56.87180591043069
              ],
              [
                35.96716152539037,
                56.869756898631046
              ],
              [
                35.96816808522641,
                56.86849943907238
              ],
              [
                35.96802257940178,
                56.86701690512943
              ],
              [
                35.9648787914765,
                56.86697340271073
              ],
              [
                35.96497465431803,
                56.86618743694201
              ],
              [
                35.96291360322518,
                56.8634364266708
              ],
              [
                35.96109220923616,
                56.860986547200675
              ]
            ]
          ]
        ]
      }
    },
    {
      "type": "Feature",
      "properties": {
        "qc_id": 216,
        "fid": 197,
        "name": "Горбатка",
        "original_name": null,
        "explainer": null,
        "Тип названия": "Инфраструктурный объект",
        "idlabel": 118,
        "auxiliary_storage_labeling_labelrotation": null,
        "auxiliary_storage_labeling_positionx": null,
        "auxiliary_storage_labeling_positiony": null,
        "auxiliary_storage_labeling_lineanchorpercent": null,
        "auxiliary_storage_labeling_lineanchorclipping": null,
        "auxiliary_storage_labeling_lineanchortype": null,
        "auxiliary_storage_labeling_lineanchortextpoint": null,
        "auxiliary_storage_labeling_show": null,
        "auxiliary_storage_callouts_originx": null,
        "auxiliary_storage_callouts_originy": null,
        "auxiliary_storage_callouts_destinationx": null,
        "auxiliary_storage_callouts_destinationy": null,
        "city": "Тверь",
        "photos": null
      },
      "geometry": {
        "type": "MultiPolygon",
        "coordinates": []
      }
    },
    {
      "type": "Feature",
      "properties": {
        "qc_id": 217,
        "fid": 198,
        "name": "Горбатка",
        "original_name": null,
        "explainer": null,
        "Тип названия": "Инфраструктурный объект",
        "idlabel": 119,
        "auxiliary_storage_labeling_labelrotation": null,
        "auxiliary_storage_labeling_positionx": null,
        "auxiliary_storage_labeling_positiony": null,
        "auxiliary_storage_labeling_lineanchorpercent": null,
        "auxiliary_storage_labeling_lineanchorclipping": null,
        "auxiliary_storage_labeling_lineanchortype": null,
        "auxiliary_storage_labeling_lineanchortextpoint": null,
        "auxiliary_storage_labeling_show": null,
        "auxiliary_storage_callouts_originx": null,
        "auxiliary_storage_callouts_originy": null,
        "auxiliary_storage_callouts_destinationx": null,
        "auxiliary_storage_callouts_destinationy": null,
        "city": "Тверь",
        "photos": null
      },
      "geometry": {
        "type": "MultiPolygon",
        "coordinates": [
          [
            [
              [
                35.834659051110016,
                56.87372105895555
              ],
              [
                35.83786070008208,
                56.8697600636965
              ],
              [
                35.81835243820157,
                56.87199582513529
              ],
              [
                35.824200071534726,
                56.884200733027264
              ],
              [
                35.83613499530485,
                56.88820705492381
              ],
              [
                35.8453717236507,
                56.8799284875717
              ],
              [
                35.844149472421236,
                56.87987610852011
              ],
              [
                35.84242394127373,
                56.8794177886879
              ],
              [
                35.83950012460714,
                56.8781213678769
              ],
              [
                35.83590526804987,
                56.8764320248108
              ],
              [
                35.83509043389689,
                56.87582960494233
              ],
              [
                35.83453922255811,
                56.87497834292597
              ],
              [
                35.834659051110016,
                56.87372105895555
              ]
            ]
          ]
        ]
      }
    },
    {
      "type": "Feature",
      "properties": {
        "qc_id": 218,
        "fid": 199,
        "name": "Кошмары",
        "original_name": null,
        "explainer": null,
        "Тип названия": "Ассоциация с реальным названием",
        "idlabel": 120,
        "auxiliary_storage_labeling_labelrotation": null,
        "auxiliary_storage_labeling_positionx": null,
        "auxiliary_storage_labeling_positiony": null,
        "auxiliary_storage_labeling_lineanchorpercent": null,
        "auxiliary_storage_labeling_lineanchorclipping": null,
        "auxiliary_storage_labeling_lineanchortype": null,
        "auxiliary_storage_labeling_lineanchortextpoint": null,
        "auxiliary_storage_labeling_show": null,
        "auxiliary_storage_callouts_originx": null,
        "auxiliary_storage_callouts_originy": null,
        "auxiliary_storage_callouts_destinationx": null,
        "auxiliary_storage_callouts_destinationy": null,
        "city": "Тверь",
        "photos": null
      },
      "geometry": {
        "type": "MultiPolygon",
        "coordinates": [
          [
            [
              [
                35.90280760158697,
                56.84944817642586
              ],
              [
                35.904281492775446,
                56.851610509864166
              ],
              [
                35.90593512679179,
                56.851938125242874
              ],
              [
                35.908116006436536,
                56.85183984093044
              ],
              [
                35.90770858936005,
                56.85097492784954
              ],
              [
                35.91221414291183,
                56.84986099518671
              ],
              [
                35.912118280070295,
                56.84936299103537
              ],
              [
                35.91137534304846,
                56.84720052772506
              ],
              [
                35.91372398266588,
                56.846361720444506
              ],
              [
                35.91058447460586,
                56.84413354731502
              ],
              [
                35.90492856695576,
                56.84619133541848
              ],
              [
                35.903322864360184,
                56.84491997650714
              ],
              [
                35.899871802065206,
                56.8458112429499
              ],
              [
                35.89522245425114,
                56.84628308129812
              ],
              [
                35.8968521225571,
                56.85021483621433
              ],
              [
                35.89946438498872,
                56.84942851827602
              ],
              [
                35.90280760158697,
                56.84944817642586
              ]
            ]
          ]
        ]
      }
    },
    {
      "type": "Feature",
      "properties": {
        "qc_id": 219,
        "fid": 200,
        "name": "Крупа",
        "original_name": null,
        "explainer": null,
        "Тип названия": "Ассоциация с реальным названием",
        "idlabel": 121,
        "auxiliary_storage_labeling_labelrotation": null,
        "auxiliary_storage_labeling_positionx": null,
        "auxiliary_storage_labeling_positiony": null,
        "auxiliary_storage_labeling_lineanchorpercent": null,
        "auxiliary_storage_labeling_lineanchorclipping": null,
        "auxiliary_storage_labeling_lineanchortype": null,
        "auxiliary_storage_labeling_lineanchortextpoint": null,
        "auxiliary_storage_labeling_show": null,
        "auxiliary_storage_callouts_originx": null,
        "auxiliary_storage_callouts_originy": null,
        "auxiliary_storage_callouts_destinationx": null,
        "auxiliary_storage_callouts_destinationy": null,
        "city": "Тверь",
        "photos": null
      },
      "geometry": {
        "type": "MultiPolygon",
        "coordinates": [
          [
            [
              [
                35.94270451794504,
                56.81573894541875
              ],
              [
                35.93611394759005,
                56.80973077132716
              ],
              [
                35.932495125322404,
                56.80702809074258
              ],
              [
                35.929091994448186,
                56.80491566586981
              ],
              [
                35.92627602347833,
                56.804023425817604
              ],
              [
                35.9236568,
                56.80125130000001
              ],
              [
                35.921888,
                56.8017996
              ],
              [
                35.92117060000001,
                56.8020223
              ],
              [
                35.9210333,
                56.802334800000004
              ],
              [
                35.9205758,
                56.802716900000014
              ],
              [
                35.91911027607418,
                56.8043645789334
              ],
              [
                35.91863096186654,
                56.805138722564635
              ],
              [
                35.91818759622449,
                56.806798485109894
              ],
              [
                35.90524611261833,
                56.811783891118836
              ],
              [
                35.90129177040533,
                56.813358092091235
              ],
              [
                35.91293910565087,
                56.82247403891281
              ],
              [
                35.91689344786387,
                56.82556902147211
              ],
              [
                35.94270451794504,
                56.81573894541875
              ]
            ]
          ]
        ]
      }
    },
    {
      "type": "Feature",
      "properties": {
        "qc_id": 220,
        "fid": 201,
        "name": "Первомайка",
        "original_name": null,
        "explainer": null,
        "Тип названия": "Ассоциация с реальным названием",
        "idlabel": 122,
        "auxiliary_storage_labeling_labelrotation": null,
        "auxiliary_storage_labeling_positionx": null,
        "auxiliary_storage_labeling_positiony": null,
        "auxiliary_storage_labeling_lineanchorpercent": null,
        "auxiliary_storage_labeling_lineanchorclipping": null,
        "auxiliary_storage_labeling_lineanchortype": null,
        "auxiliary_storage_labeling_lineanchortextpoint": null,
        "auxiliary_storage_labeling_show": null,
        "auxiliary_storage_callouts_originx": null,
        "auxiliary_storage_callouts_originy": null,
        "auxiliary_storage_callouts_destinationx": null,
        "auxiliary_storage_callouts_destinationy": null,
        "city": "Тверь",
        "photos": null
      },
      "geometry": {
        "type": "MultiPolygon",
        "coordinates": [
          [
            [
              [
                35.82089666514804,
                56.84159516523328
              ],
              [
                35.8295722523111,
                56.84536030050934
              ],
              [
                35.83914655361401,
                56.84771946119291
              ],
              [
                35.84136338182557,
                56.8450064135807
              ],
              [
                35.842717444462906,
                56.84533408677751
              ],
              [
                35.847474637976376,
                56.84581248449337
              ],
              [
                35.849499740504776,
                56.84371535326811
              ],
              [
                35.84926008340083,
                56.84235215496147
              ],
              [
                35.84886464917931,
                56.841146207383595
              ],
              [
                35.84894852916569,
                56.84092991919843
              ],
              [
                35.84797791789468,
                56.83951090662693
              ],
              [
                35.84704924661687,
                56.83896032837465
              ],
              [
                35.84597678107668,
                56.83851789355426
              ],
              [
                35.844826426977704,
                56.838360582135884
              ],
              [
                35.8438618071343,
                56.83830814484951
              ],
              [
                35.84316081010524,
                56.83840646470119
              ],
              [
                35.84149519323277,
                56.83877680049116
              ],
              [
                35.83958991925635,
                56.83916351891047
              ],
              [
                35.839038707917254,
                56.83913402357853
              ],
              [
                35.83811003663944,
                56.83848184307925
              ],
              [
                35.83802016522546,
                56.83831797684629
              ],
              [
                35.837930293811475,
                56.83761334387167
              ],
              [
                35.8367979139953,
                56.83709878955413
              ],
              [
                35.83509634855723,
                56.83677104426392
              ],
              [
                35.833886080182275,
                56.83659406061429
              ],
              [
                35.83243615470336,
                56.83606965970358
              ],
              [
                35.83090234923806,
                56.835656688817
              ],
              [
                35.82893716098565,
                56.83519782693416
              ],
              [
                35.82827810394979,
                56.83635808111338
              ],
              [
                35.82637282997336,
                56.83856049861633
              ],
              [
                35.823580824712316,
                56.83986484551333
              ],
              [
                35.82089666514804,
                56.84159516523328
              ]
            ]
          ]
        ]
      }
    },
    {
      "type": "Feature",
      "properties": {
        "qc_id": 221,
        "fid": 202,
        "name": "Пожарка",
        "original_name": null,
        "explainer": null,
        "Тип названия": "Ассоциация с реальным названием",
        "idlabel": 123,
        "auxiliary_storage_labeling_labelrotation": null,
        "auxiliary_storage_labeling_positionx": null,
        "auxiliary_storage_labeling_positiony": null,
        "auxiliary_storage_labeling_lineanchorpercent": null,
        "auxiliary_storage_labeling_lineanchorclipping": null,
        "auxiliary_storage_labeling_lineanchortype": null,
        "auxiliary_storage_labeling_lineanchortextpoint": null,
        "auxiliary_storage_labeling_show": null,
        "auxiliary_storage_callouts_originx": null,
        "auxiliary_storage_callouts_originy": null,
        "auxiliary_storage_callouts_destinationx": null,
        "auxiliary_storage_callouts_destinationy": null,
        "city": "Тверь",
        "photos": null
      },
      "geometry": {
        "type": "MultiPolygon",
        "coordinates": [
          [
            [
              [
                35.92647703168222,
                56.869455746383856
              ],
              [
                35.92754978252848,
                56.865575917176564
              ],
              [
                35.92216320381107,
                56.864989541415575
              ],
              [
                35.92216320381107,
                56.86749716908811
              ],
              [
                35.922710991477246,
                56.86906902905817
              ],
              [
                35.92647703168222,
                56.869455746383856
              ]
            ]
          ]
        ]
      }
    },
    {
      "type": "Feature",
      "properties": {
        "qc_id": 222,
        "fid": 203,
        "name": "Долина нищих",
        "original_name": null,
        "explainer": null,
        "Тип названия": "Другое",
        "idlabel": 124,
        "auxiliary_storage_labeling_labelrotation": null,
        "auxiliary_storage_labeling_positionx": null,
        "auxiliary_storage_labeling_positiony": null,
        "auxiliary_storage_labeling_lineanchorpercent": null,
        "auxiliary_storage_labeling_lineanchorclipping": null,
        "auxiliary_storage_labeling_lineanchortype": null,
        "auxiliary_storage_labeling_lineanchortextpoint": null,
        "auxiliary_storage_labeling_show": null,
        "auxiliary_storage_callouts_originx": null,
        "auxiliary_storage_callouts_originy": null,
        "auxiliary_storage_callouts_destinationx": null,
        "auxiliary_storage_callouts_destinationy": null,
        "city": "Тверь",
        "photos": null
      },
      "geometry": {
        "type": "MultiPolygon",
        "coordinates": [
          [
            [
              [
                35.952942369848756,
                56.86143690472858
              ],
              [
                35.94440120972546,
                56.86139107228073
              ],
              [
                35.935630458067216,
                56.86331664677687
              ],
              [
                35.93459026110505,
                56.863342492740195
              ],
              [
                35.93353233351286,
                56.86724502824388
              ],
              [
                35.94593490607456,
                56.86685468349169
              ],
              [
                35.95275759631538,
                56.86538283268205
              ],
              [
                35.952942369848756,
                56.86143690472858
              ]
            ]
          ]
        ]
      }
    },
    {
      "type": "Feature",
      "properties": {
        "qc_id": 223,
        "fid": 204,
        "name": "Привокзалка",
        "original_name": null,
        "explainer": null,
        "Тип названия": "Инфраструктурный объект",
        "idlabel": 125,
        "auxiliary_storage_labeling_labelrotation": null,
        "auxiliary_storage_labeling_positionx": null,
        "auxiliary_storage_labeling_positiony": null,
        "auxiliary_storage_labeling_lineanchorpercent": null,
        "auxiliary_storage_labeling_lineanchorclipping": null,
        "auxiliary_storage_labeling_lineanchortype": null,
        "auxiliary_storage_labeling_lineanchortextpoint": null,
        "auxiliary_storage_labeling_show": null,
        "auxiliary_storage_callouts_originx": null,
        "auxiliary_storage_callouts_originy": null,
        "auxiliary_storage_callouts_destinationx": null,
        "auxiliary_storage_callouts_destinationy": null,
        "city": "Тверь",
        "photos": null
      },
      "geometry": {
        "type": "MultiPolygon",
        "coordinates": [
          [
            [
              [
                35.88672818915521,
                56.84068429170654
              ],
              [
                35.88971715715986,
                56.84143218582026
              ],
              [
                35.90607667055054,
                56.835293564108945
              ],
              [
                35.90213471726646,
                56.832056657096196
              ],
              [
                35.881193251278226,
                56.840041345533024
              ],
              [
                35.88408705811349,
                56.84009981714039
              ],
              [
                35.88672818915521,
                56.84068429170654
              ]
            ]
          ]
        ]
      }
    },
    {
      "type": "Feature",
      "properties": {
        "qc_id": 224,
        "fid": 205,
        "name": "Бобачёвка",
        "original_name": null,
        "explainer": null,
        "Тип названия": "Ассоциация с реальным названием",
        "idlabel": 126,
        "auxiliary_storage_labeling_labelrotation": null,
        "auxiliary_storage_labeling_positionx": null,
        "auxiliary_storage_labeling_positiony": null,
        "auxiliary_storage_labeling_lineanchorpercent": null,
        "auxiliary_storage_labeling_lineanchorclipping": null,
        "auxiliary_storage_labeling_lineanchortype": null,
        "auxiliary_storage_labeling_lineanchortextpoint": null,
        "auxiliary_storage_labeling_show": null,
        "auxiliary_storage_callouts_originx": null,
        "auxiliary_storage_callouts_originy": null,
        "auxiliary_storage_callouts_destinationx": null,
        "auxiliary_storage_callouts_destinationy": null,
        "city": "Тверь",
        "photos": null
      },
      "geometry": {
        "type": "MultiPolygon",
        "coordinates": [
          [
            [
              [
                35.945027632752506,
                56.83129805434532
              ],
              [
                35.94640851416099,
                56.83252180097715
              ],
              [
                35.949352872866704,
                56.83443226423503
              ],
              [
                35.95216028465587,
                56.83384540027303
              ],
              [
                35.95243417848896,
                56.8327215925481
              ],
              [
                35.953050439613406,
                56.83107328020865
              ],
              [
                35.95613174523565,
                56.828238512803885
              ],
              [
                35.951361427642674,
                56.825341083870796
              ],
              [
                35.946077559112666,
                56.8217127371977
              ],
              [
                35.94007471927081,
                56.82331150124554
              ],
              [
                35.93549840980962,
                56.825147497657014
              ],
              [
                35.932451340916515,
                56.8267648485106
              ],
              [
                35.92835434566322,
                56.82841335048248
              ],
              [
                35.92732724378914,
                56.829712119115115
              ],
              [
                35.926653921449464,
                56.82997436500822
              ],
              [
                35.92682510509515,
                56.831535314470386
              ],
              [
                35.926996288740824,
                56.831847496555326
              ],
              [
                35.92760113762223,
                56.832546774981786
              ],
              [
                35.930716679973614,
                56.83422623857266
              ],
              [
                35.931846492035106,
                56.83458834352757
              ],
              [
                35.934585430366,
                56.834363589140175
              ],
              [
                35.935281577191766,
                56.83427618429188
              ],
              [
                35.939150327584144,
                56.833314717494694
              ],
              [
                35.945027632752506,
                56.83129805434532
              ]
            ]
          ]
        ]
      }
    },
    {
      "type": "Feature",
      "properties": {
        "qc_id": 225,
        "fid": 206,
        "name": "Комса",
        "original_name": null,
        "explainer": null,
        "Тип названия": "Ассоциация с реальным названием",
        "idlabel": 127,
        "auxiliary_storage_labeling_labelrotation": null,
        "auxiliary_storage_labeling_positionx": null,
        "auxiliary_storage_labeling_positiony": null,
        "auxiliary_storage_labeling_lineanchorpercent": null,
        "auxiliary_storage_labeling_lineanchorclipping": null,
        "auxiliary_storage_labeling_lineanchortype": null,
        "auxiliary_storage_labeling_lineanchortextpoint": null,
        "auxiliary_storage_labeling_show": null,
        "auxiliary_storage_callouts_originx": null,
        "auxiliary_storage_callouts_originy": null,
        "auxiliary_storage_callouts_destinationx": null,
        "auxiliary_storage_callouts_destinationy": null,
        "city": "Тверь",
        "photos": null
      },
      "geometry": {
        "type": "MultiPolygon",
        "coordinates": [
          [
            [
              [
                35.84611772227835,
                56.85343169629952
              ],
              [
                35.850773917440854,
                56.85397457379963
              ],
              [
                35.85370686390353,
                56.851734373306606
              ],
              [
                35.853181900723435,
                56.85140363596659
              ],
              [
                35.8519379662315,
                56.84926937378131
              ],
              [
                35.851139109218316,
                56.848283328506035
              ],
              [
                35.849518570705875,
                56.84784646469936
              ],
              [
                35.848320285186105,
                56.84769668164885
              ],
              [
                35.84683669359021,
                56.84966877713249
              ],
              [
                35.84558134685522,
                56.851603326785686
              ],
              [
                35.84679104461804,
                56.85181549711335
              ],
              [
                35.84611772227835,
                56.85343169629952
              ]
            ]
          ]
        ]
      }
    },
    {
      "type": "Feature",
      "properties": {
        "qc_id": 226,
        "fid": 207,
        "name": "Гавань",
        "original_name": null,
        "explainer": null,
        "Тип названия": "Инфраструктурный объект",
        "idlabel": 128,
        "auxiliary_storage_labeling_labelrotation": null,
        "auxiliary_storage_labeling_positionx": null,
        "auxiliary_storage_labeling_positiony": null,
        "auxiliary_storage_labeling_lineanchorpercent": null,
        "auxiliary_storage_labeling_lineanchorclipping": null,
        "auxiliary_storage_labeling_lineanchortype": null,
        "auxiliary_storage_labeling_lineanchortextpoint": null,
        "auxiliary_storage_labeling_show": null,
        "auxiliary_storage_callouts_originx": null,
        "auxiliary_storage_callouts_originy": null,
        "auxiliary_storage_callouts_destinationx": null,
        "auxiliary_storage_callouts_destinationy": null,
        "city": "Тверь",
        "photos": null
      },
      "geometry": {
        "type": "MultiPolygon",
        "coordinates": [
          [
            [
              [
                35.96551361826481,
                56.83334314535029
              ],
              [
                35.97064783373011,
                56.83657086908135
              ],
              [
                35.97259386701131,
                56.840624948844656
              ],
              [
                35.97521449424564,
                56.84093033743259
              ],
              [
                35.977113286626434,
                56.83708853476909
              ],
              [
                35.978776864886896,
                56.83336662993952
              ],
              [
                35.98085193744599,
                56.828723575000815
              ],
              [
                35.98203216949656,
                56.82687370603238
              ],
              [
                35.98200314495076,
                56.826513044292845
              ],
              [
                35.981392421740175,
                56.82618453374293
              ],
              [
                35.98055397123072,
                56.82618453374293
              ],
              [
                35.97876320656238,
                56.82817820862426
              ],
              [
                35.97634101620172,
                56.82831413713809
              ],
              [
                35.97569923926856,
                56.82887483704307
              ],
              [
                35.9744260366431,
                56.82868227438575
              ],
              [
                35.975119569780546,
                56.82717005674892
              ],
              [
                35.97230403226732,
                56.82714173748416
              ],
              [
                35.970689238693545,
                56.82936190287464
              ],
              [
                35.96551361826481,
                56.83334314535029
              ]
            ]
          ]
        ]
      }
    },
    {
      "type": "Feature",
      "properties": {
        "qc_id": 227,
        "fid": 208,
        "name": "Хим",
        "original_name": null,
        "explainer": null,
        "Тип названия": "Ассоциация с реальным названием",
        "idlabel": 129,
        "auxiliary_storage_labeling_labelrotation": null,
        "auxiliary_storage_labeling_positionx": null,
        "auxiliary_storage_labeling_positiony": null,
        "auxiliary_storage_labeling_lineanchorpercent": null,
        "auxiliary_storage_labeling_lineanchorclipping": null,
        "auxiliary_storage_labeling_lineanchortype": null,
        "auxiliary_storage_labeling_lineanchortextpoint": null,
        "auxiliary_storage_labeling_show": null,
        "auxiliary_storage_callouts_originx": null,
        "auxiliary_storage_callouts_originy": null,
        "auxiliary_storage_callouts_destinationx": null,
        "auxiliary_storage_callouts_destinationy": null,
        "city": "Тверь",
        "photos": null
      },
      "geometry": {
        "type": "MultiPolygon",
        "coordinates": [
          [
            [
              [
                36.02609943100356,
                56.80407708530214
              ],
              [
                36.03645067186102,
                56.80110728022832
              ],
              [
                36.036616291714736,
                56.79766110467368
              ],
              [
                36.03487728325069,
                56.79618731449163
              ],
              [
                36.0326828201889,
                56.79537103654261
              ],
              [
                36.03193753084715,
                56.79439601459415
              ],
              [
                36.02547835655209,
                56.794373339363474
              ],
              [
                36.02537484414351,
                56.79516696427899
              ],
              [
                36.02152418254453,
                56.79520097640003
              ],
              [
                36.02440182750291,
                56.80107327346437
              ],
              [
                36.02609943100356,
                56.80407708530214
              ]
            ]
          ]
        ]
      }
    },
    {
      "type": "Feature",
      "properties": {
        "qc_id": 228,
        "fid": 209,
        "name": "Химбарахло",
        "original_name": null,
        "explainer": null,
        "Тип названия": "Инфраструктурный объект",
        "idlabel": 130,
        "auxiliary_storage_labeling_labelrotation": null,
        "auxiliary_storage_labeling_positionx": null,
        "auxiliary_storage_labeling_positiony": null,
        "auxiliary_storage_labeling_lineanchorpercent": null,
        "auxiliary_storage_labeling_lineanchorclipping": null,
        "auxiliary_storage_labeling_lineanchortype": null,
        "auxiliary_storage_labeling_lineanchortextpoint": null,
        "auxiliary_storage_labeling_show": null,
        "auxiliary_storage_callouts_originx": null,
        "auxiliary_storage_callouts_originy": null,
        "auxiliary_storage_callouts_destinationx": null,
        "auxiliary_storage_callouts_destinationy": null,
        "city": "Тверь",
        "photos": null
      },
      "geometry": {
        "type": "MultiPolygon",
        "coordinates": [
          [
            [
              [
                35.96551361826481,
                56.83334314535029
              ],
              [
                35.94457305801013,
                56.84836951192003
              ],
              [
                35.95301967054982,
                56.848743112602115
              ],
              [
                35.96084520863807,
                56.84573155854677
              ],
              [
                35.97144512498588,
                56.83823188160546
              ],
              [
                35.97064783373011,
                56.83657086908135
              ],
              [
                35.96551361826481,
                56.83334314535029
              ]
            ]
          ]
        ]
      }
    },
    {
      "type": "Feature",
      "properties": {
        "qc_id": 229,
        "fid": 210,
        "name": "Торфушка",
        "original_name": null,
        "explainer": null,
        "Тип названия": "Инфраструктурный объект",
        "idlabel": 131,
        "auxiliary_storage_labeling_labelrotation": null,
        "auxiliary_storage_labeling_positionx": null,
        "auxiliary_storage_labeling_positiony": null,
        "auxiliary_storage_labeling_lineanchorpercent": null,
        "auxiliary_storage_labeling_lineanchorclipping": null,
        "auxiliary_storage_labeling_lineanchortype": null,
        "auxiliary_storage_labeling_lineanchortextpoint": null,
        "auxiliary_storage_labeling_show": null,
        "auxiliary_storage_callouts_originx": null,
        "auxiliary_storage_callouts_originy": null,
        "auxiliary_storage_callouts_destinationx": null,
        "auxiliary_storage_callouts_destinationy": null,
        "city": "Тверь",
        "photos": null
      },
      "geometry": {
        "type": "MultiPolygon",
        "coordinates": [
          [
            [
              [
                35.954655166605285,
                56.876673346862944
              ],
              [
                35.95215016631778,
                56.87880573483266
              ],
              [
                35.95670471229506,
                56.878477683062194
              ],
              [
                35.963774609800716,
                56.8785398999985
              ],
              [
                35.96958165592175,
                56.87897541565325
              ],
              [
                35.97170366029753,
                56.87944486191023
              ],
              [
                35.974322524234466,
                56.878918855465294
              ],
              [
                35.97749000393685,
                56.878720894133544
              ],
              [
                35.97999500422436,
                56.878935823530675
              ],
              [
                35.9812378,
                56.87929359999999
              ],
              [
                35.987427195160016,
                56.873720608861014
              ],
              [
                35.98825529442862,
                56.87360747249805
              ],
              [
                35.98802756712975,
                56.871322044661056
              ],
              [
                35.976868929485406,
                56.8711636434959
              ],
              [
                35.976454879851104,
                56.87007744600081
              ],
              [
                35.970885912269786,
                56.869613539538584
              ],
              [
                35.96821529212856,
                56.87040557148688
              ],
              [
                35.96716152539037,
                56.869756898631046
              ],
              [
                35.96047536815825,
                56.87086961465026
              ],
              [
                35.954655166605285,
                56.876673346862944
              ]
            ]
          ]
        ]
      }
    },
    {
      "type": "Feature",
      "properties": {
        "qc_id": 230,
        "fid": 211,
        "name": "Карьер",
        "original_name": null,
        "explainer": null,
        "Тип названия": "Инфраструктурный объект",
        "idlabel": 132,
        "auxiliary_storage_labeling_labelrotation": null,
        "auxiliary_storage_labeling_positionx": null,
        "auxiliary_storage_labeling_positiony": null,
        "auxiliary_storage_labeling_lineanchorpercent": null,
        "auxiliary_storage_labeling_lineanchorclipping": null,
        "auxiliary_storage_labeling_lineanchortype": null,
        "auxiliary_storage_labeling_lineanchortextpoint": null,
        "auxiliary_storage_labeling_show": null,
        "auxiliary_storage_callouts_originx": null,
        "auxiliary_storage_callouts_originy": null,
        "auxiliary_storage_callouts_destinationx": null,
        "auxiliary_storage_callouts_destinationy": null,
        "city": "Тверь",
        "photos": null
      },
      "geometry": {
        "type": "MultiPolygon",
        "coordinates": [
          [
            [
              [
                36.02023815952422,
                56.85063652232906
              ],
              [
                36.0104207,
                56.844372400000005
              ],
              [
                36.008551107991565,
                56.844524446320044
              ],
              [
                36.00494936112687,
                56.84253381671534
              ],
              [
                35.99933821864293,
                56.84081266620423
              ],
              [
                35.99672221302542,
                56.84052234386028
              ],
              [
                35.994864469905735,
                56.84104077503781
              ],
              [
                35.99395455490834,
                56.84989447104067
              ],
              [
                36.02023815952422,
                56.85063652232906
              ]
            ]
          ]
        ]
      }
    },
    {
      "type": "Feature",
      "properties": {
        "qc_id": 231,
        "fid": 212,
        "name": "Трёха",
        "original_name": null,
        "explainer": null,
        "Тип названия": "Ассоциация с реальным названием",
        "idlabel": 133,
        "auxiliary_storage_labeling_labelrotation": null,
        "auxiliary_storage_labeling_positionx": null,
        "auxiliary_storage_labeling_positiony": null,
        "auxiliary_storage_labeling_lineanchorpercent": null,
        "auxiliary_storage_labeling_lineanchorclipping": null,
        "auxiliary_storage_labeling_lineanchortype": null,
        "auxiliary_storage_labeling_lineanchortextpoint": null,
        "auxiliary_storage_labeling_show": null,
        "auxiliary_storage_callouts_originx": null,
        "auxiliary_storage_callouts_originy": null,
        "auxiliary_storage_callouts_destinationx": null,
        "auxiliary_storage_callouts_destinationy": null,
        "city": "Тверь",
        "photos": null
      },
      "geometry": {
        "type": "MultiPolygon",
        "coordinates": [
          [
            [
              [
                35.909067068276315,
                56.85210238506776
              ],
              [
                35.90713349890686,
                56.85240298300514
              ],
              [
                35.90713349890687,
                56.85320888452489
              ],
              [
                35.91070681092789,
                56.85961401823465
              ],
              [
                35.91284067353347,
                56.85928691429228
              ],
              [
                35.909067068276315,
                56.85210238506776
              ]
            ]
          ]
        ]
      }
    },
    {
      "type": "Feature",
      "properties": {
        "qc_id": 232,
        "fid": 213,
        "name": "Комсомольская роща",
        "original_name": null,
        "explainer": null,
        "Тип названия": "Природный объект",
        "idlabel": 134,
        "auxiliary_storage_labeling_labelrotation": null,
        "auxiliary_storage_labeling_positionx": null,
        "auxiliary_storage_labeling_positiony": null,
        "auxiliary_storage_labeling_lineanchorpercent": null,
        "auxiliary_storage_labeling_lineanchorclipping": null,
        "auxiliary_storage_labeling_lineanchortype": null,
        "auxiliary_storage_labeling_lineanchortextpoint": null,
        "auxiliary_storage_labeling_show": null,
        "auxiliary_storage_callouts_originx": null,
        "auxiliary_storage_callouts_originy": null,
        "auxiliary_storage_callouts_destinationx": null,
        "auxiliary_storage_callouts_destinationy": null,
        "city": "Тверь",
        "photos": null
      },
      "geometry": {
        "type": "MultiPolygon",
        "coordinates": [
          [
            [
              [
                35.82130130266257,
                56.87815105573603
              ],
              [
                35.8033221,
                56.88090849999999
              ],
              [
                35.7972822,
                56.881821400000014
              ],
              [
                35.7977646,
                56.882343700000014
              ],
              [
                35.798397,
                56.884257900000016
              ],
              [
                35.7963581,
                56.884370700000005
              ],
              [
                35.7970653,
                56.88532339999999
              ],
              [
                35.79461580000001,
                56.884589700000014
              ],
              [
                35.7932743,
                56.884648700000014
              ],
              [
                35.7929043,
                56.885095200000016
              ],
              [
                35.7919074,
                56.88515639999999
              ],
              [
                35.7851486,
                56.88780749999999
              ],
              [
                35.7855616,
                56.8882923
              ],
              [
                35.7811859,
                56.891345
              ],
              [
                35.7810009,
                56.89191770000001
              ],
              [
                35.7803446,
                56.8926039
              ],
              [
                35.7823582,
                56.896727900000016
              ],
              [
                35.7844641,
                56.89775169999999
              ],
              [
                35.785023,
                56.89750960000001
              ],
              [
                35.7868543,
                56.89784070000002
              ],
              [
                35.7878828,
                56.896329300000005
              ],
              [
                35.789238,
                56.89581949999999
              ],
              [
                35.7906534,
                56.89504640000002
              ],
              [
                35.7927137,
                56.89299490000001
              ],
              [
                35.7998623,
                56.89494809999999
              ],
              [
                35.8014452,
                56.89382929999999
              ],
              [
                35.803913,
                56.895296400000014
              ],
              [
                35.80486630000001,
                56.89579520000001
              ],
              [
                35.801133,
                56.898285200000004
              ],
              [
                35.8037346,
                56.89927740000001
              ],
              [
                35.8069569,
                56.89963929999999
              ],
              [
                35.81463072848571,
                56.89595555106942
              ],
              [
                35.82564735994861,
                56.887458681685104
              ],
              [
                35.824200071534726,
                56.884200733027264
              ],
              [
                35.82130130266257,
                56.87815105573603
              ]
            ]
          ]
        ]
      }
    },
    {
      "type": "Feature",
      "properties": {
        "qc_id": 233,
        "fid": 214,
        "name": "Исаевский ручей",
        "original_name": null,
        "explainer": null,
        "Тип названия": "Природный объект",
        "idlabel": 135,
        "auxiliary_storage_labeling_labelrotation": null,
        "auxiliary_storage_labeling_positionx": null,
        "auxiliary_storage_labeling_positiony": null,
        "auxiliary_storage_labeling_lineanchorpercent": null,
        "auxiliary_storage_labeling_lineanchorclipping": null,
        "auxiliary_storage_labeling_lineanchortype": null,
        "auxiliary_storage_labeling_lineanchortextpoint": null,
        "auxiliary_storage_labeling_show": null,
        "auxiliary_storage_callouts_originx": null,
        "auxiliary_storage_callouts_originy": null,
        "auxiliary_storage_callouts_destinationx": null,
        "auxiliary_storage_callouts_destinationy": null,
        "city": "Тверь",
        "photos": null
      },
      "geometry": {
        "type": "MultiPolygon",
        "coordinates": [
          [
            [
              [
                35.93281165349945,
                56.9028012252317
              ],
              [
                35.93434620000001,
                56.902347100000014
              ],
              [
                35.9388636,
                56.90101009999999
              ],
              [
                35.942162,
                56.89869720000001
              ],
              [
                35.9444141,
                56.895921900000005
              ],
              [
                35.94511236117653,
                56.89573173145011
              ],
              [
                35.94524341465226,
                56.89495810838403
              ],
              [
                35.94484152037142,
                56.89449972773305
              ],
              [
                35.94556256599292,
                56.89428021951427
              ],
              [
                35.9443036912603,
                56.89295345855914
              ],
              [
                35.94361219668886,
                56.89263709497548
              ],
              [
                35.94248334657651,
                56.89251765088502
              ],
              [
                35.9401251727816,
                56.89229813102025
              ],
              [
                35.93757196205628,
                56.891497518230615
              ],
              [
                35.93625989543356,
                56.8906323206063
              ],
              [
                35.93440408948969,
                56.8914329519355
              ],
              [
                35.932229132205165,
                56.89173641255236
              ],
              [
                35.92999507282052,
                56.89228521804687
              ],
              [
                35.930396967101345,
                56.89451909604337
              ],
              [
                35.93173267456413,
                56.89930921642712
              ],
              [
                35.93281165349945,
                56.9028012252317
              ]
            ]
          ]
        ]
      }
    },
    {
      "type": "Feature",
      "properties": {
        "qc_id": 234,
        "fid": 215,
        "name": "Чайка",
        "original_name": null,
        "explainer": null,
        "Тип названия": "Ассоциация с реальным названием",
        "idlabel": 136,
        "auxiliary_storage_labeling_labelrotation": null,
        "auxiliary_storage_labeling_positionx": null,
        "auxiliary_storage_labeling_positiony": null,
        "auxiliary_storage_labeling_lineanchorpercent": null,
        "auxiliary_storage_labeling_lineanchorclipping": null,
        "auxiliary_storage_labeling_lineanchortype": null,
        "auxiliary_storage_labeling_lineanchortextpoint": null,
        "auxiliary_storage_labeling_show": null,
        "auxiliary_storage_callouts_originx": null,
        "auxiliary_storage_callouts_originy": null,
        "auxiliary_storage_callouts_destinationx": null,
        "auxiliary_storage_callouts_destinationy": null,
        "city": "Тверь",
        "photos": null
      },
      "geometry": {
        "type": "MultiPolygon",
        "coordinates": [
          [
            [
              [
                35.949352872866704,
                56.83443226423503
              ],
              [
                35.94640851416099,
                56.83252180097715
              ],
              [
                35.945027632752506,
                56.83129805434532
              ],
              [
                35.939150327584144,
                56.833314717494694
              ],
              [
                35.935281577191766,
                56.83427618429188
              ],
              [
                35.934585430366,
                56.834363589140175
              ],
              [
                35.931846492035106,
                56.83458834352757
              ],
              [
                35.930716679973614,
                56.83422623857266
              ],
              [
                35.92706360865439,
                56.835612433459815
              ],
              [
                35.938363930197916,
                56.84430210296424
              ],
              [
                35.94422685853012,
                56.84181954606691
              ],
              [
                35.950089786862335,
                56.8407592372162
              ],
              [
                35.955108129988,
                56.84081058971361
              ],
              [
                35.96020758781259,
                56.83715117651441
              ],
              [
                35.95644917283556,
                56.836388378816366
              ],
              [
                35.95216028465587,
                56.83384540027303
              ],
              [
                35.949352872866704,
                56.83443226423503
              ]
            ]
          ]
        ]
      }
    },
    {
      "type": "Feature",
      "properties": {
        "qc_id": 235,
        "fid": 216,
        "name": "Элеватор",
        "original_name": null,
        "explainer": null,
        "Тип названия": "Ассоциация с реальным названием",
        "idlabel": 137,
        "auxiliary_storage_labeling_labelrotation": null,
        "auxiliary_storage_labeling_positionx": null,
        "auxiliary_storage_labeling_positiony": null,
        "auxiliary_storage_labeling_lineanchorpercent": null,
        "auxiliary_storage_labeling_lineanchorclipping": null,
        "auxiliary_storage_labeling_lineanchortype": null,
        "auxiliary_storage_labeling_lineanchortextpoint": null,
        "auxiliary_storage_labeling_show": null,
        "auxiliary_storage_callouts_originx": null,
        "auxiliary_storage_callouts_originy": null,
        "auxiliary_storage_callouts_destinationx": null,
        "auxiliary_storage_callouts_destinationy": null,
        "city": "Тверь",
        "photos": null
      },
      "geometry": {
        "type": "MultiPolygon",
        "coordinates": [
          [
            [
              [
                36.00878999270455,
                56.79922518412213
              ],
              [
                36.008281714643495,
                56.798441996055956
              ],
              [
                35.99899086450415,
                56.800215472884425
              ],
              [
                36.00218237791079,
                56.80617607029603
              ],
              [
                36.007631591542136,
                56.80506945121587
              ],
              [
                36.00635498617948,
                56.80273962005
              ],
              [
                36.01058669654829,
                56.80189178444368
              ],
              [
                36.00878999270455,
                56.79922518412213
              ]
            ]
          ]
        ]
      }
    },
    {
      "type": "Feature",
      "properties": {
        "qc_id": 236,
        "fid": 217,
        "name": "Перемерки",
        "original_name": null,
        "explainer": null,
        "Тип названия": "Ассоциация с реальным названием",
        "idlabel": 138,
        "auxiliary_storage_labeling_labelrotation": null,
        "auxiliary_storage_labeling_positionx": null,
        "auxiliary_storage_labeling_positiony": null,
        "auxiliary_storage_labeling_lineanchorpercent": null,
        "auxiliary_storage_labeling_lineanchorclipping": null,
        "auxiliary_storage_labeling_lineanchortype": null,
        "auxiliary_storage_labeling_lineanchortextpoint": null,
        "auxiliary_storage_labeling_show": null,
        "auxiliary_storage_callouts_originx": null,
        "auxiliary_storage_callouts_originy": null,
        "auxiliary_storage_callouts_destinationx": null,
        "auxiliary_storage_callouts_destinationy": null,
        "city": "Тверь",
        "photos": null
      },
      "geometry": {
        "type": "MultiPolygon",
        "coordinates": [
          [
            [
              [
                35.964640723912645,
                56.82539755379222
              ],
              [
                35.97274953204952,
                56.82666526863084
              ],
              [
                35.983860726872656,
                56.82354764801382
              ],
              [
                35.98823428228176,
                56.82009338359204
              ],
              [
                35.98490092383482,
                56.81742807801337
              ],
              [
                35.98040916422547,
                56.817298689421925
              ],
              [
                35.97511361605444,
                56.82024863826704
              ],
              [
                35.97383701069179,
                56.82103783958385
              ],
              [
                35.97241856028883,
                56.82128365299183
              ],
              [
                35.96449887887234,
                56.82079202456295
              ],
              [
                35.96040901354383,
                56.822021083538466
              ],
              [
                35.958068570378956,
                56.825565722514646
              ],
              [
                35.964640723912645,
                56.82539755379222
              ]
            ]
          ]
        ]
      }
    },
    {
      "type": "Feature",
      "properties": {
        "qc_id": 237,
        "fid": 218,
        "name": "Затверечье",
        "original_name": null,
        "explainer": null,
        "Тип названия": "Природный объект",
        "idlabel": 139,
        "auxiliary_storage_labeling_labelrotation": null,
        "auxiliary_storage_labeling_positionx": null,
        "auxiliary_storage_labeling_positiony": null,
        "auxiliary_storage_labeling_lineanchorpercent": null,
        "auxiliary_storage_labeling_lineanchorclipping": null,
        "auxiliary_storage_labeling_lineanchortype": null,
        "auxiliary_storage_labeling_lineanchortextpoint": null,
        "auxiliary_storage_labeling_show": null,
        "auxiliary_storage_callouts_originx": null,
        "auxiliary_storage_callouts_originy": null,
        "auxiliary_storage_callouts_destinationx": null,
        "auxiliary_storage_callouts_destinationy": null,
        "city": "Тверь",
        "photos": null
      },
      "geometry": {
        "type": "MultiPolygon",
        "coordinates": [
          [
            [
              [
                35.93459026110505,
                56.863342492740195
              ],
              [
                35.93556249065211,
                56.859313537624736
              ],
              [
                35.922441824424794,
                56.863539567623114
              ],
              [
                35.92137798662256,
                56.86432139545227
              ],
              [
                35.92102337402182,
                56.86490290968527
              ],
              [
                35.92057419806088,
                56.8688440456225
              ],
              [
                35.91823375489601,
                56.87383124848056
              ],
              [
                35.92062147974099,
                56.87972200933709
              ],
              [
                35.9230801271061,
                56.879579918575374
              ],
              [
                35.924096683228214,
                56.88034203543092
              ],
              [
                35.92884849207811,
                56.88010952685097
              ],
              [
                35.93121257608303,
                56.8744255339969
              ],
              [
                35.93353233351286,
                56.86724502824388
              ],
              [
                35.93459026110505,
                56.863342492740195
              ]
            ],
            [
              [
                35.92647703168222,
                56.869455746383856
              ],
              [
                35.922710991477246,
                56.86906902905817
              ],
              [
                35.92216320381107,
                56.86749716908811
              ],
              [
                35.92216320381107,
                56.864989541415575
              ],
              [
                35.92754978252848,
                56.865575917176564
              ],
              [
                35.92647703168222,
                56.869455746383856
              ]
            ]
          ]
        ]
      }
    },
    {
      "type": "Feature",
      "properties": {
        "qc_id": 238,
        "fid": 219,
        "name": "Маяковка",
        "original_name": null,
        "explainer": null,
        "Тип названия": "Ассоциация с реальным названием",
        "idlabel": 140,
        "auxiliary_storage_labeling_labelrotation": null,
        "auxiliary_storage_labeling_positionx": null,
        "auxiliary_storage_labeling_positiony": null,
        "auxiliary_storage_labeling_lineanchorpercent": null,
        "auxiliary_storage_labeling_lineanchorclipping": null,
        "auxiliary_storage_labeling_lineanchortype": null,
        "auxiliary_storage_labeling_lineanchortextpoint": null,
        "auxiliary_storage_labeling_show": null,
        "auxiliary_storage_callouts_originx": null,
        "auxiliary_storage_callouts_originy": null,
        "auxiliary_storage_callouts_destinationx": null,
        "auxiliary_storage_callouts_destinationy": null,
        "city": "Тверь",
        "photos": null
      },
      "geometry": {
        "type": "MultiPolygon",
        "coordinates": [
          [
            [
              [
                35.931196421702516,
                56.87446437708208
              ],
              [
                35.937950215497075,
                56.87514496211126
              ],
              [
                35.93989467459112,
                56.87490273196883
              ],
              [
                35.94128357394401,
                56.87428261565255
              ],
              [
                35.94181549284512,
                56.87376261435458
              ],
              [
                35.94221497837343,
                56.873092764530014
              ],
              [
                35.94404364201978,
                56.87326198515385
              ],
              [
                35.94458738134091,
                56.87207336768466
              ],
              [
                35.94602947258391,
                56.87221548697962
              ],
              [
                35.94647864854485,
                56.871039756561736
              ],
              [
                35.947731613067454,
                56.871091437796466
              ],
              [
                35.95338723334772,
                56.869657842478674
              ],
              [
                35.95267425346386,
                56.86716252325824
              ],
              [
                35.95275759631538,
                56.86538283268205
              ],
              [
                35.94593490607456,
                56.86685468349169
              ],
              [
                35.944364862242686,
                56.86690409752745
              ],
              [
                35.93353233351286,
                56.86724502824388
              ],
              [
                35.931196421702516,
                56.87446437708208
              ]
            ]
          ]
        ]
      }
    },
    {
      "type": "Feature",
      "properties": {
        "qc_id": 239,
        "fid": 220,
        "name": "Застава",
        "original_name": null,
        "explainer": null,
        "Тип названия": "Исторический объект",
        "idlabel": 141,
        "auxiliary_storage_labeling_labelrotation": null,
        "auxiliary_storage_labeling_positionx": null,
        "auxiliary_storage_labeling_positiony": null,
        "auxiliary_storage_labeling_lineanchorpercent": null,
        "auxiliary_storage_labeling_lineanchorclipping": null,
        "auxiliary_storage_labeling_lineanchortype": null,
        "auxiliary_storage_labeling_lineanchortextpoint": null,
        "auxiliary_storage_labeling_show": null,
        "auxiliary_storage_callouts_originx": null,
        "auxiliary_storage_callouts_originy": null,
        "auxiliary_storage_callouts_destinationx": null,
        "auxiliary_storage_callouts_destinationy": null,
        "city": "Тверь",
        "photos": null
      },
      "geometry": {
        "type": "MultiPolygon",
        "coordinates": [
          [
            [
              [
                35.87484046894163,
                56.869008800852136
              ],
              [
                35.87721098720064,
                56.872603082311215
              ],
              [
                35.87910870906235,
                56.873711700360985
              ],
              [
                35.8888659213449,
                56.87207336768466
              ],
              [
                35.88637478719286,
                56.8676351418756
              ],
              [
                35.88482133594588,
                56.86798858404837
              ],
              [
                35.8801719881318,
                56.868853103847115
              ],
              [
                35.87669696012643,
                56.86912817413724
              ],
              [
                35.87484046894163,
                56.869008800852136
              ]
            ]
          ]
        ]
      }
    },
    {
      "type": "Feature",
      "properties": {
        "qc_id": 240,
        "fid": 221,
        "name": "Речной",
        "original_name": null,
        "explainer": null,
        "Тип названия": "Исторический объект",
        "idlabel": 142,
        "auxiliary_storage_labeling_labelrotation": null,
        "auxiliary_storage_labeling_positionx": null,
        "auxiliary_storage_labeling_positiony": null,
        "auxiliary_storage_labeling_lineanchorpercent": null,
        "auxiliary_storage_labeling_lineanchorclipping": null,
        "auxiliary_storage_labeling_lineanchortype": null,
        "auxiliary_storage_labeling_lineanchortextpoint": null,
        "auxiliary_storage_labeling_show": null,
        "auxiliary_storage_callouts_originx": null,
        "auxiliary_storage_callouts_originy": null,
        "auxiliary_storage_callouts_destinationx": null,
        "auxiliary_storage_callouts_destinationy": null,
        "city": "Тверь",
        "photos": null
      },
      "geometry": {
        "type": "MultiPolygon",
        "coordinates": [
          [
            [
              [
                35.9190204046608,
                56.863259569088214
              ],
              [
                35.9109679259725,
                56.86405869670263
              ],
              [
                35.91216396921342,
                56.86654967662923
              ],
              [
                35.916915778063306,
                56.86718284285353
              ],
              [
                35.91885432694733,
                56.867286215913005
              ],
              [
                35.9190204046608,
                56.863259569088214
              ]
            ]
          ]
        ]
      }
    },
    {
      "type": "Feature",
      "properties": {
        "qc_id": 241,
        "fid": 222,
        "name": "Нога",
        "original_name": null,
        "explainer": null,
        "Тип названия": "Ассоциация с реальным названием",
        "idlabel": 143,
        "auxiliary_storage_labeling_labelrotation": null,
        "auxiliary_storage_labeling_positionx": null,
        "auxiliary_storage_labeling_positiony": null,
        "auxiliary_storage_labeling_lineanchorpercent": null,
        "auxiliary_storage_labeling_lineanchorclipping": null,
        "auxiliary_storage_labeling_lineanchortype": null,
        "auxiliary_storage_labeling_lineanchortextpoint": null,
        "auxiliary_storage_labeling_show": null,
        "auxiliary_storage_callouts_originx": null,
        "auxiliary_storage_callouts_originy": null,
        "auxiliary_storage_callouts_destinationx": null,
        "auxiliary_storage_callouts_destinationy": null,
        "city": "Тверь",
        "photos": null
      },
      "geometry": {
        "type": "MultiPolygon",
        "coordinates": [
          [
            [
              [
                35.86802652084149,
                56.85506037062809
              ],
              [
                35.865885614848516,
                56.862551200187376
              ],
              [
                35.870424656137956,
                56.862938895695734
              ],
              [
                35.87256556213093,
                56.85544814377631
              ],
              [
                35.86802652084149,
                56.85506037062809
              ]
            ]
          ]
        ]
      }
    },
    {
      "type": "Feature",
      "id": 1780101418587,
      "properties": {
        "name": "Хлеб",
        "explainer": "Хех",
        "city": "Пермь",
        "Тип названия": "Другое"
      },
      "geometry": {
        "type": "Polygon",
        "coordinates": [
          [
            [
              56.128463745117195,
              58.066074383889614
            ],
            [
              56.132926940917976,
              58.05672089016856
            ],
            [
              56.15764617919922,
              58.05808320183594
            ],
            [
              56.16331100463868,
              58.066074383889614
            ],
            [
              56.128463745117195,
              58.066074383889614
            ]
          ]
        ]
      }
    }
  ]
}